category,name,price,oldPrice,discount,rate,total,numOfVotes
phones,OPPO A5 Dual SIM 4G 256GB/8GB - Aurora Green,"EGP 9,499.00","EGP 10,888.90",13%,,,4.5 out of 5(2)
phones,"Infinix XPAD 20 11.0"" Inch Single SIM 4G 128GB/6GB - Stellar Grey","EGP 7,099.00","EGP 7,999.00",11%,,,
phones,"OPPO A5X Dual SIM, 128GB, 4GB RAM, 4G LTE - Laser White","EGP 7,589.00","EGP 8,730.00",13%,,,
phones,Honor 400 Lite Dual SIM 5G 256GB/8GB - Velvet Grey,"EGP 12,099.00","EGP 13,405.91",10%,,,3.9 out of 5(9)
phones,Honor X5c Plus Dual SIM 4G 128GB/4GB - Midnight Black,"EGP 4,399.00","EGP 5,150.25",15%,,,
phones,Honor 400 Dual SIM 5G Smartphone - 256GB/12GB - Meteor Silver,"EGP 20,999.00","EGP 23,098.90",9%,,,3.7 out of 5(3)
phones,OPPO A5 Dual SIM 4G 256GB/8GB - Mist White,"EGP 9,499.00","EGP 10,888.90",13%,,,4.5 out of 5(2)
phones,Honor X5c Plus Dual SIM 4G 128GB/4GB - Ocean Cyan,"EGP 4,399.00","EGP 5,150.25",15%,,,4.7 out of 5(3)
phones,Honor 400 Lite Dual SIM 5G 256GB/8GB - Velvet Black,"EGP 11,999.00","EGP 13,405.91",10%,,,4.7 out of 5(6)
phones,OPPO Reno 14f Dual SIM 5G 256GB/12GB - Luminous Green,"EGP 18,825.00","EGP 20,560.00",8%,,,
phones,Samsung Galaxy A26 Dual SIM 5G 256GB/8GB Mobile Phone - Black,"EGP 12,999.00","EGP 14,278.95",9%,,,4.1 out of 5(13)
phones,Samsung Galaxy A26 Dual SIM 5G 256GB/8GB Mobile Phone- Black,"EGP 12,800.00","EGP 14,278.95",10%,,,3.8 out of 5(4)
phones,"XIAOMI Redmi A5 Dual SIM, 128GB, 4GB RAM, 4G LTE - Midnight Black","EGP 5,079.00","EGP 5,840.00",13%,,,5 out of 5(1)
phones,Samsung Galaxy A36 Dual SIM 5G 256GB/8GB Mobile Phone - Awesome White,"EGP 16,599.00","EGP 17,428.95",5%,,,4.8 out of 5(24)
phones,Nokia Noki a 106 Dual Sim 4G-Black,EGP 599.00,EGP 999.00,40%,,,1 out of 5(1)
phones,Infinix Note 50S 5G 256/ 8GB Mobile Phone Titaanium Gray with Charger,"EGP 11,666.00","EGP 12,808.95",9%,,,5 out of 5(3)
phones,Itel A50c Dual SIM 4G 64GB/2GB  - Sapphire  Black,"EGP 2,799.00","EGP 3,788.40",26%,,,
phones,Itel A50c Dual SIM 4G 64GB/2GB - Dawn Blue,"EGP 2,799.00","EGP 3,788.40",26%,,,1 out of 5(1)
phones,XIAOMI Redmi Note 14 - Dual SIM 4G 256GB/8GB Mobile Phone - Midnight Black,"EGP 10,129.00","EGP 11,650.00",13%,,,4.9 out of 5(16)
phones,Samsung Galaxy A26 Dual SIM 5G 256GB/8GB Mobile Phone – Peach Pink,"EGP 12,999.00","EGP 14,848.90",12%,,,4.1 out of 5(9)
phones,"XIAOMI Redmi 15C Dual SIM, 256GB, 8GB RAM, 4G LTE - Moonlight Blue","EGP 7,099.00","EGP 8,160.00",13%,,,3 out of 5(2)
phones,Honor X5c Dual SIM 4G 64GB/4GB - Midnight Black,"EGP 3,999.00","EGP 4,637.95",14%,,,4 out of 5(1)
phones,Samsung Galaxy A26 Dual SIM 5G 256GB/8GB 6.7 inches Mobile phone - Peach Pink,"EGP 12,999.00","EGP 14,488.95",10%,,,1 out of 5(1)
phones,"Samsung Galaxy A07 Dual SIM, 128GB, 4GB RAM, 4G LTE - Black","EGP 5,969.00","EGP 6,860.00",13%,,,5 out of 5(2)
phones,Infinix GT 30 Pro 512/ 12GB Mobile Phone Dark Flare,"EGP 17,777.00","EGP 19,423.95",8%,,,
phones,Samsung Galaxy A05s - 6.5-inch 4GB/128GB Dual Sim 4G Mobile Phone - Silver,"EGP 5,889.00","EGP 6,770.00",13%,,,5 out of 5(2)
phones,Samsung Galaxy A26 Dual SIM 5G 256GB/8GB Mobile Phone - White,"EGP 12,999.00","EGP 14,278.95",9%,,,4.9 out of 5(11)
phones,Nothing CMF Phone 1 - Dual SIM 5G 128GB/8GB Mobile Phone - Light Green,"EGP 10,999.00","EGP 14,398.80",24%,,,4 out of 5(2)
phones,XIAOMI Redmi A3x Dual SIM 4G 128GB/4GB Mobile Phone - Midnight Black,"EGP 4,509.00","EGP 5,190.00",13%,,,
phones,Honor 400 Dual SIM 5G Smartphone - 512GB/12GB - Midnight Black,"EGP 21,599.00","EGP 25,298.90",15%,,,5 out of 5(1)
phones,OPPO Reno 14f Dual SIM 5G 256GB/12GB - Opal Blue,"EGP 19,015.00","EGP 22,200.00",14%,,,5 out of 5(1)
phones,Samsung Galaxy A56 Dual SIM 5G 256GB/8GB Mobile Phone - Awesome Light Grey,"EGP 20,799.00","EGP 21,838.95",5%,,,5 out of 5(2)
phones,"Samsung Galaxy A56 256GB، 8GB RAM Mobile Phone – 6.7""، 5G, Awesome pink","EGP 19,799.00","EGP 23,098.95",14%,,,5 out of 5(2)
phones,Honor 400 Pro Dual SIM 5G Smartphone - 512GB/12GB - Lunar Grey,"EGP 31,999.00","EGP 35,423.91",10%,,,
phones,XIAOMI POCO C85 Dual SIM 256/8  Mobile phone - Black + free Mi Wired In-Ear Earphones Basic - Black,"EGP 6,599.00","EGP 7,399.00",11%,,,5 out of 5(1)
phones,"Honor X6c Dual SIM, 128GB, 6GB RAM, 4G LTE - Moonlight White","EGP 5,799.00","EGP 6,800.00",15%,,,4.5 out of 5(2)
phones,"XIAOMI Redmi 15C Dual SIM, 256GB, 8GB RAM, 4G LTE - Midnight Black","EGP 7,099.00","EGP 8,160.00",13%,,,
phones,Nokia 106 Dual Sim 4G-Black,EGP 590.00,,0%,,,5 out of 5(2)
phones,"XIAOMI Redmi 15C Dual SIM, 128GB, 6GB RAM, 4G LTE - Midnight Black","EGP 6,099.00","EGP 7,230.00",16%,,,5 out of 5(5)
phones,"Apple iPhone 17 Pro Max  256GB/12GB E-SIM 5G "" Japan Version "" - Cosmic Orange","EGP 79,999.00","EGP 92,000.00",13%,,,5 out of 5(1)
phones,Honor 400 Dual SIM 5G Smartphone - 512GB/12GB - Meteor Silver,"EGP 21,599.00","EGP 25,298.90",15%,,,
phones,Honor X7d Dual SIM 5G 256GB/8GB - Desert Gold,"EGP 10,199.00","EGP 11,334.91",10%,,,3 out of 5(2)
phones,"Samsung Galaxy M55 , 5G,8GB,256 GB ,Black","EGP 13,499.00","EGP 14,698.95",8%,,,
phones,Vivo V60 LITE 5G 256GB/8GB Mobile Phone - BLACK,"EGP 14,990.00","EGP 16,489.00",9%,,,4 out of 5(1)
phones,Samsung Galaxy A26 Dual SIM 5G 256GB/8GB Mobile Phone - Black,"EGP 12,999.00","EGP 14,278.95",9%,,,5 out of 5(3)
phones,Motorola G35 - 6.7 Inch 256GB/8GB Dual SIM 5G Mobile Phone - Leaf Green.,"EGP 7,099.00","EGP 7,999.00",11%,,,4 out of 5(2)
phones,Nokia Noki a Noki a 105 Dual SIM Mobile Phone – Black – Long-Lasting Battery & Reliable Connectivity,EGP 599.00,EGP 999.00,40%,,,
phones,Samsung Galaxy A26 Dual SIM 5G 128GB/6GB Mobile Phone - Peach Pink,"EGP 11,599.00","EGP 12,178.95",5%,,,5 out of 5(1)
phones,Samsung Galaxy A56 Dual SIM 5G 256GB/8GB 6.7 inches Mobile phone - Awesome Graphite,"EGP 19,799.00","EGP 21,838.95",9%,,,3.8 out of 5(4)
phones,OPPO A6 Pro Dual SIM 4G 256GB/8GB - Stellar Blue,"EGP 14,666.00","EGP 15,399.30",5%,,,4.8 out of 5(4)
phones,Honor X9D Dual Sim 5G 256GB/12GB RAM Mobile Phone – Forest Green,"EGP 16,999.00","EGP 19,618.91",13%,,,
phones,Samsung Galaxy A26 Dual SIM 5G 256GB/8GB Mobile Phone- White,"EGP 12,999.00","EGP 14,278.95",9%,,,2 out of 5(1)
phones,Samsung Galaxy A36 Dual SIM 5G 256GB/8GB Mobile Phone - Awesome White,"EGP 16,599.00","EGP 18,588.90",11%,,,5 out of 5(2)
phones,Redmi 15C Dual SIM 4G 256GB/8GB - Midnight Black,"EGP 6,999.00","EGP 7,888.00",11%,,,2 out of 5(3)
phones,"Honor X6c Dual SIM, 128GB, 6GB RAM, 4G LTE - Ocean Cyan","EGP 5,799.00","EGP 6,800.00",15%,,,5 out of 5(2)
phones,Vivo V60 LITE 4G 256GB/8GB Mobile Phone - BLACK,"EGP 12,199.00","EGP 14,289.00",15%,,,5 out of 5(1)
phones,Samsung Galaxy A26 Dual SIM 5G 256GB/8GB Mobile Phone- White,"EGP 12,999.00","EGP 14,488.95",10%,,,
phones,Foldable Magnetic Car Phone Holder - Dual Axis Rotation - Strong Magnet - Dashboard Mount,EGP 198.99,EGP 350.00,43%,,,3.5 out of 5(15)
phones,Infinix Note 50S 5G 256/ 8GB Mobile Phone Burgundy Red with Charger,"EGP 11,666.00","EGP 12,808.95",9%,,,
phones,Samsung Galaxy A56 Dual SIM 5G 256GB/12GB Mobile Phone - Awesome lightgray,"EGP 22,499.00","EGP 24,360.00",8%,,,5 out of 5(1)
phones,"Samsung Galaxy A17 - 6.7"" 256GB/8GB Dual SIM 4G Mobile Phone - Black","EGP 9,999.00","EGP 11,443.95",13%,,,3.9 out of 5(12)
phones,Hmd Barbie Phone 4 RAM – 32MB – Pink,"EGP 2,845.00","EGP 5,000.00",43%,,,5 out of 5(2)
phones,"Apple IPhone 13 - 6.1"" 128GB/4GB Single SIM 5G Mobile Phone - Starlight","EGP 33,888.00","EGP 35,888.00",6%,,,4 out of 5(1)
phones,"Samsung Galaxy A17 - 6.7"" 128GB/4GB Dual SIM 4G Mobile Phone - Light Blue","EGP 7,299.00","EGP 7,873.95",7%,,,5 out of 5(1)
phones,OPPO A5 Dual SIM 4G 128GB/6GB - Aurora Green,"EGP 8,099.00","EGP 9,229.00",12%,,,
phones,"OPPO A5i Dual SIM, 64GB, 4GB RAM, 4G LTE - Starry Purple","EGP 5,569.00","EGP 6,400.00",13%,,,5 out of 5(4)
phones,Samsung Galaxy A56 Dual SIM 5G 128GB/8GB 6.7 inches Mobile phone - Awesome Graphite,"EGP 19,399.00","EGP 20,370.00",5%,,,5 out of 5(2)
phones,Samsung Galaxy A56 Dual SIM 5G 256GB/8GB 6.7 inches Mobile phone - Awesome Light Grey,"EGP 20,899.00","EGP 23,538.90",11%,,,3 out of 5(2)
phones,Earldom-ET-EH153 Car Holder Suction Cup 360° Adjustable Universal Car Mount,EGP 179.00,EGP 350.00,49%,,,5 out of 5(3)
phones,Motorola G35 - 6.7 Inch 256GB/8GB Dual SIM 5G Mobile Phone - Midnight Black,"EGP 7,099.00","EGP 7,999.00",11%,,,4.3 out of 5(3)
phones,"Samsung Galaxy A56 256GB، 12GB RAM Mobile Phone – 6.7""، 5G, Awesome Graphite","EGP 22,499.00","EGP 24,360.00",8%,,,
phones,"realme C71 Dual SIM, 128GB, 6GB RAM, 4G LTE - Forest Owl","EGP 7,099.00","EGP 8,160.00",13%,,,3.7 out of 5(3)
phones,XIAOMI Redmi Note 14 - Dual SIM 4G 256GB/8GB Mobile Phone - Sand Gold,"EGP 10,129.00","EGP 11,650.00",13%,,,5 out of 5(1)
phones,OPPO A5i Dual SIM 4G 4GB RAM 128GB - Nebula Red,"EGP 6,546.00","EGP 14,000.00",53%,,,5 out of 5(2)
phones,OPPO A5 8GB RAM 256GB ROM - MIST WHITE,"EGP 9,870.00","EGP 15,000.00",34%,,,4.5 out of 5(4)
phones,Vivo V60 5G 256GB/12GB Mobile Phone - Gray,"EGP 24,199.00","EGP 28,589.00",15%,,,
phones,"ZTE Nubia V60  ( RAM: (6+10) 16GB + RAM: 256GB ), 6.6 Inch, IPS LCD, 90Hz, 5000 mAH Battery, Dark Blue","EGP 4,710.00",,0%,,,
phones,XIAOMI Redmi Note 14 Mobile Phone -6.7 Inches - 256GB/8GB - Dual SIM 4G -Midnight Black,"EGP 9,599.00","EGP 10,499.00",9%,,,4.9 out of 5(7)
phones,"Apple iPhone 16 Pro Max - 256GB/8GB - 6.9"" 5G Mobile Phone - Desert Titanium","EGP 78,888.00","EGP 97,499.00",19%,,,5 out of 5(1)
phones,XIAOMI Redmi 15c Dual SIM 4G 128GB/6GB - Moonlight Blue,"EGP 6,099.00","EGP 12,333.00",51%,,,5 out of 5(1)
phones,"Infinix Smart 10 Dual SIM, 128GB, 4GB RAM, 4G LTE - Twilight Gold","EGP 4,099.00","EGP 4,930.00",17%,,,5 out of 5(3)
phones,"OPPO A5 Dual SIM, 128GB, 6GB RAM, 4G LTE - Mist White","EGP 8,400.00","EGP 15,000.00",44%,,,5 out of 5(1)
phones,"Honor X9D Dual Sim 5G (256GB+12GB ),Sunrise Gold","EGP 16,999.00","EGP 19,468.90",13%,,,5 out of 5(1)
phones,OPPO RENO14 5G 12 GB  256 GB luminous green,"EGP 26,990.00","EGP 29,689.00",9%,,,5 out of 5(1)
phones,"Infinix Smart 10 Dual SIM , 3+3GB RAM , 64GB , 4G - TWILIGHT GOLD","EGP 3,670.00","EGP 15,000.00",76%,,,4.6 out of 5(5)
phones,"Samsung Galaxy A17 - 6.7"" 256GB/8GB Dual SIM 4G Mobile Phone - Light Blue","EGP 9,999.00","EGP 11,443.95",13%,,,3.5 out of 5(8)
phones,XIAOMI Redmi 15c Dual SIM 4G 128GB/6GB - Moonlight Black,"EGP 6,099.00","EGP 12,333.00",51%,,,
phones,Infinix HOT 60 Pro 256/ 8+8GB Mobile Phone Titanium Silver with Charger,"EGP 8,899.00","EGP 12,538.90",29%,,,2 out of 5(3)
phones,"Samsung Galaxy A17, 128GB, 6GB RAM, 4G LTE, Dual SIM - Grey","EGP 8,600.00","EGP 10,000.00",14%,,,5 out of 5(1)
phones,realme Note 60x - 6.74 Inch 128GB-4GB Dual SIM 4G Mobile Phone - Marble Black,"EGP 5,149.00","EGP 6,999.00",26%,,,3.8 out of 5(9)
phones,XIAOMI Redmi Note 14 Mobile Phone - 6.7 Inches - Dual SIM 4G 256GB/8GB -Midnight Black,"EGP 9,955.00","EGP 12,555.00",21%,,,4 out of 5(4)
phones,"XIAOMI Redmi A5 Dual Sim 4G, 4GB RAM, 128GB, MIDNIGHT BLACK","EGP 5,040.00","EGP 10,000.00",50%,,,5 out of 5(2)
phones,"OPPO A5i Dual SIM, 64GB, 4GB RAM, 4G LTE - Nebula Red","EGP 5,569.00","EGP 6,400.00",13%,,,1 out of 5(1)
phones,"ZTE Nubia V60  ( RAM: (6+10) 16GB + RAM: 256GB ), 6.6 Inch, IPS LCD, 90Hz, 5000 mAH Battery, Sunrise Violet","EGP 4,710.00",,0%,,,
phones,"Honor X9c - 6.7"" 256GB/12GB Dual SIM 5G Mobile Phone - Titanium Black","EGP 15,950.00","EGP 22,000.00",28%,,,5 out of 5(1)
phones,OPPO a5X Dual Sim  - 4GB RAM - 128GB- laser White,"EGP 6,930.00","EGP 15,000.00",54%,,,
phones,"Infinix Note 50S 5G+ X6870 Dual SIM, 256GB, 8+8GB RAM - Titanium Grey","EGP 12,076.00","EGP 19,000.00",36%,,,
phones,Benco V90 Plus - 64GB/4GB - Light Grey,"EGP 3,115.00",,0%,,,4 out of 5(2)
phones,Girasole G30-2.4-inch Dual SIM Mobile Phone - Black,EGP 645.00,EGP 780.00,17%,,,4.3 out of 5(6)
phones,Smart Wireless Adapter for CarPlay & Android Auto – Compact Size with Premium Design,"EGP 1,800.00","EGP 2,350.00",23%,,,
phones,Samsung Glaxy A56 Dual SIM 5G 256GB/8GB 6.7 inches Mobile phone - Light Gray,"EGP 20,899.00","EGP 23,098.95",10%,,,5 out of 5(2)
phones,"Samsung Galaxy A07 Dual SIM, 128GB, 6GB RAM, 4G LTE - Black","EGP 6,689.00","EGP 7,690.00",13%,,,5 out of 5(2)
phones,Honor honor-x5c-plus-dual-sim-4g-128gb4gb-ocean-cyan,"EGP 4,720.00",,0%,,,4 out of 5(1)
phones,"XIAOMI Redmi Note 14 Pro Dual SIM, 512GB, 12GB RAM, 4G LTE - Midnight Black","EGP 17,699.00","EGP 20,350.00",13%,,,
phones,OPPO A5 8GB RAM 256GB ROM - AURORA GREEN,"EGP 9,870.00","EGP 15,000.00",34%,,,
phones,"Girasole (Girasole) G30-2.4-inch Dual SIM Mobile Phone - Black, Earphone Free, 12 Months Warranty",EGP 648.00,EGP 780.00,17%,,,4.6 out of 5(14)
phones,"realme C75X Dual SIM, 256GB, 8GB RAM, 4G LTE - Oceanic Blue","EGP 9,119.00","EGP 10,490.00",13%,,,5 out of 5(3)
phones,Nokia Nokia106 Dual SIM  Black 4MB 4G,EGP 896.00,"EGP 1,163.64",23%,,,3.7 out of 5(3)
phones,Honor X9D Dual Sim 5G 256GB/12GB RAM Mobile Phone - Midnight Black,"EGP 16,999.00","EGP 19,618.91",13%,,,
phones,Apple iPhone 15 - 128GB - Black (Local Warranty),"EGP 44,666.00",,0%,,,
phones,Samsung Galaxy A36 Dual SIM 5G 128GB/8GB Mobile Phone - Awesome White,"EGP 14,999.00","EGP 15,748.95",5%,,,
phones,Girasole G30-2.4-inch Dual SIM Mobile Phone - Gold with 12 Months Warranty,EGP 648.00,EGP 780.00,17%,,,4.2 out of 5(13)
phones,Apple iPhone 13 Single SIM 5G 128GB/4GB - Midnight,"EGP 30,999.00","EGP 33,400.00",7%,,,
phones,OPPO A5 Dual SIM 4G 128GB/6GB - Mist White,"EGP 8,099.00","EGP 9,229.00",12%,,,
phones,Nokia Nokia 150 (Model TA-1582 DS)– cyan- Dual SIM -Durable Design & Long-Lasting Battery,"EGP 1,450.00","EGP 1,883.12",23%,,,5 out of 5(1)
phones,Vivo Vivo Y29 Dual SIM 4G 128GB/8GB - Brown,"EGP 8,060.00","EGP 11,287.35",29%,,,4.5 out of 5(2)
phones,XIAOMI Redmi Note 14 - Dual SIM 4G 256GB/8GB Mobile Phone - Ocean Blue,"EGP 10,129.00","EGP 11,650.00",13%,,,4.8 out of 5(6)
phones,OPPO a5X Dual Sim  - 4GB RAM - 128GB - Midnight Blue,"EGP 6,930.00","EGP 15,000.00",54%,,,3.7 out of 5(3)
phones,XIAOMI Redmi Note 14 Dual SIM 4G 256GB/8GB - Midnight Black,"EGP 9,999.00","EGP 13,784.85",27%,,,
phones,"OPPO Reno14 F Dual SIM, 256GB, 12GB RAM, 5G - Opal Blue","EGP 20,219.00","EGP 23,250.00",13%,,,5 out of 5(1)
phones,"realme 14 Pro Plus Dual SIM, 256GB, 12GB RAM, 5G - Pearl White","EGP 25,279.00","EGP 29,070.00",13%,,,
phones,Samsung Galaxy A26 Dual SIM 5G 256GB/8GB Mobile Phone- White,"EGP 12,999.00","EGP 15,958.86",19%,,,5 out of 5(1)
phones,Infinix Smart 10 Dual Sim 4G 128GB/4GB Mobile Phone - SLEEK BLACK,"EGP 4,099.00","EGP 4,999.00",18%,,,4 out of 5(1)
phones,"Honor X9d Dual SIM, 256GB, 12GB RAM, 5G - MIDNIGHT BLACK","EGP 17,294.00","EGP 25,000.00",31%,,,
phones,"OPPO A6 Pro 5G Dual SIM , 8GB RAM, 256GB -  Rosewood Red","EGP 15,958.00","EGP 22,000.00",27%,,,3 out of 5(2)
phones,"OPPO A5 Dual SIM, 128GB , 6GB RAM , 4G LTE - Aurora Green","EGP 8,400.00","EGP 15,000.00",44%,,,
phones,"Infinix Smart 10 Dual SIM, 64GB, 3GB RAM, 4G LTE - Iris Blue","EGP 3,729.00","EGP 4,290.00",13%,,,
phones,"Glitter Mobile Phone Chain, Glitter Mobile Phone Strap, Universal Lanyard, Glitter Mobile Phone Chain for Hanging, Long Glitter for Cell Phones and Cameras and Key Ring, ID Card Holder_Silver",EGP 156.80,EGP 280.00,44%,,,5 out of 5(2)
phones,"Motorola Mobile Moto G35 5G, 8GB Ram, 256GB - Guava Red","EGP 7,204.00","EGP 15,000.00",52%,,,4 out of 5(3)
phones,"Honor X9D Dual Sim 5G (256GB+12GB ),Reddish Brown","EGP 17,699.00","EGP 19,468.90",9%,,,
phones,"realme Note 70 Dual SIM, 128GB, 4GB RAM, 4G LTE - Black","EGP 6,089.00","EGP 7,000.00",13%,,,
phones,Vivo V60 5G  256GB/12GB Mobile Phone - GOLD,"EGP 24,199.00","EGP 28,589.00",15%,,,3 out of 5(2)
phones,Honor X9D Dual Sim 5G 12GB+256GB Reddish Brown+Cover,"EGP 17,499.00","EGP 19,798.90",12%,,,
phones,"OPPO Reno 14 Dual SIM, 256GB, 12GB RAM, 5G - OPAL WHITE","EGP 26,950.00","EGP 45,000.00",40%,,,
phones,Samsung Galaxy A07 4GB-128GB Mobile Phone Dual SIM 4G - GRREN,"EGP 5,747.50","EGP 7,290.00",21%,,,1 out of 5(1)
phones,Samsung Galaxy A26 Dual SIM 5G 128GB/6GB Mobile Phone - White,"EGP 11,699.00","EGP 13,772.00",15%,,,
phones,"Nokia  Nokia 150 , Durable Classic Feature Phone ,Dual-SIM, FM Radio, MP3 Player, Torch, Long Battery Life,Black","EGP 1,325.00","EGP 1,753.25",24%,,,5 out of 5(2)
phones,Infinix HOT 60 Pro 256/ 8+8GB Mobile Phone Coral Tides with Charger,"EGP 8,899.00","EGP 12,538.90",29%,,,
phones,XIAOMI 15T Dual SIM 5G 256GB/12GB - Black,"EGP 25,830.00","EGP 29,000.00",11%,,,5 out of 5(1)
phones,Apple IPhone 13 128GB Starlight,"EGP 32,205.00","EGP 33,900.00",5%,,,5 out of 5(1)
phones,Itel Itel A90 Dual SIM 4GB RAM 256GB 4G - Space Titanium,"EGP 4,175.00","EGP 7,000.00",40%,,,5 out of 5(2)
phones,Samsung Galaxy A56 Dual SIM 5G 128GB/8GB  6.7 inches Mobile phone - Awesome pink,"EGP 19,399.00","EGP 21,998.90",12%,,,5 out of 5(1)
phones,Hmd Arc 4GB RAM 64GB 6.52 inches-Shadow Black,"EGP 2,655.00","EGP 4,999.00",47%,,,5 out of 5(1)
phones,Redmi 15C Dual SIM 4G 128GB/6GB - Midnight Black,"EGP 6,999.00",,0%,,,
phones,Samsung Galaxy A07 4GB-128GB Mobile Phone Dual SIM 4G - Light Violet,"EGP 5,747.50","EGP 7,290.00",21%,,,
phones,Samsung Galaxy A36 Dual SIM 5G 128GB/8GB Mobile Phone - Awesome Black,"EGP 14,999.00","EGP 15,748.95",5%,,,5 out of 5(2)
phones,"Vivo V60 lite Dual SIM, 256GB, 8GB RAM, 5G - Black","EGP 14,899.00","EGP 20,000.00",26%,,,
phones,Tornado Steam Iron 2200 Watt - Multi Color - TST-2200,"EGP 1,249.00","EGP 1,999.00",38%,,,
phones,Infinix Smart 10 64GB - 3GB Ram - 4G - Titanium Silver,"EGP 3,888.00","EGP 5,099.00",24%,,,
phones,Samsung Galaxy A17 Dual SIM 4G 128GB/6GB - Black,"EGP 8,190.00","EGP 13,000.00",37%,,,5 out of 5(1)
phones,"Honor X9c - 6.7"" 256GB/12GB Dual SIM 5G Mobile Phone - Titanium Purple","EGP 15,950.00","EGP 22,000.00",28%,,,4.5 out of 5(26)
phones,Redmi Redmi 15C Dual SIM 4G 256GB/8GB - Moonlight Blue,"EGP 6,999.00","EGP 7,888.00",11%,,,
phones,OPPO RENO14  5G  12 GB  256 GB opal White,"EGP 26,990.00","EGP 27,949.00",3%,,,5 out of 5(2)
phones,"Samsung Galaxy S25 Ultra ,5G, 12GB, 256GB , single SIM, Titanium Gray","EGP 62,999.00","EGP 67,198.95",6%,,,
phones,Vivo Vivo Y29 Dual SIM 4G 256GB/8GB - Brown,"EGP 9,020.00","EGP 12,609.00",28%,,,
phones,Samsung Galaxy A17 8GB-256GB Mobile Phone Dual SIM 4G - Black,"EGP 10,160.00","EGP 11,999.00",15%,,,
phones,Sunelan S10 Classic Dual SIM Mobile – 1000mAh Battery – Black & Grey,EGP 599.00,EGP 799.00,25%,,,5 out of 5(1)
phones,"Infinix Hot 60 Pro Plus X6886 Dual SIM, 256GB, 8GB RAM, 4G LTE - Sleek Black","EGP 10,729.00","EGP 12,340.00",13%,,,
phones,Earldom Earldom-ES-131 Car Charger 2USB  - Fast Charging  2.4A - Smart Protection,EGP 109.00,EGP 250.00,56%,,,4.8 out of 5(4)
phones,Samsung Galaxy A26 Dual SIM 5G 256GB/8GB Mobile Phone- Black,"EGP 12,800.00","EGP 14,278.95",10%,,,5 out of 5(1)
phones,"realme C71 Dual SIM, 128GB, 4GB RAM, 4G LTE - Forest Owl","EGP 6,689.00","EGP 7,690.00",13%,,,
phones,realme C75X 4G 256GB/8GB Mobile Phone - Coral Pink,"EGP 8,888.00","EGP 9,776.80",9%,,,
phones,Samsung Galaxy M55 (5G) - 256GB/8GB - Light Green,"EGP 13,785.00",,0%,,,
phones,OPPO A5i Dual SIM 4G 4GB RAM 128GB - Starry Purple,"EGP 6,546.00","EGP 12,000.00",45%,,,3.5 out of 5(2)
phones,"Nokia Nokia6310 Dual SIM Keypad Phone With A 2.8” Screen, Wireless FM Radio And Rear Camera With Flash  Black","EGP 1,450.00","EGP 5,000.00",71%,,,2.5 out of 5(4)
phones,"realme C75X Dual SIM, 128GB, 6GB RAM, 4G LTE - Oceanic Blue","EGP 7,420.00",,0%,,,
phones,XIAOMI Redmi Note 14 Mobile Phone - 6.7 Inches - Dual SIM 4G 128GB/8GB - Blue,"EGP 9,130.00","EGP 11,444.00",20%,,,
phones,"Honor X9c - 6.7"" 256GB/12GB Dual SIM 5G Mobile Phone - Sunrise Orange","EGP 15,950.00","EGP 22,000.00",28%,,,4.6 out of 5(24)
phones,"Samsung GALAXY A07 Dual Sim, 4GB RAM 64GB ROM - BLACK","EGP 6,870.00","EGP 12,000.00",43%,,,5 out of 5(1)
phones,Samsung Galaxy Tab A7 10.4 Inch Dark Grey 3GB RAM 32GB LTE,"EGP 5,775.00","EGP 20,000.00",71%,,,5 out of 5(2)
phones,"Apple IPhone 13 , 128GB , Midnight","EGP 32,205.00","EGP 33,900.00",5%,,,5 out of 5(3)
phones,"XIAOMI Redmi A5 Dual SIM, 64GB, 4GB RAM, 4G LTE - Midnight Black","EGP 4,465.00",,0%,,,
phones,Honor Magic V3 Dual SIM 5G 512GB/12GB - Tundra Green + Free Choice 2i Watch - Black + Free Choice X7 Lite Earbuds Clip,"EGP 63,999.00","EGP 75,898.90",16%,,,5 out of 5(1)
phones,"Samsung Galaxy A17 - 6.7"" 256GB/8GB Dual SIM 4G Mobile Phone - black","EGP 10,560.00","EGP 12,999.00",19%,,,
phones,Girasole G30-2.4-inch Dual SIM Mobile Phone - Red,EGP 648.00,EGP 780.00,17%,,,4.5 out of 5(6)
phones,"Honor 400 Lite Dual SIM, 256GB, 8GB RAM, 5G - Velvet Grey","EGP 12,295.00",,0%,,,5 out of 5(1)
phones,Infinix Hot 60 Pro Dual Sim - 8+8GB RAM - 256GB - SLEEK BLACK,"EGP 8,659.00","EGP 12,000.00",28%,,,2 out of 5(1)
phones,Vivo V60 LITE 4G 256GB/ 8GB Mobile Phone - BLUE,"EGP 12,199.00","EGP 14,289.00",15%,,,
phones,OPPO A3x Dual SIM 4G 64GB/4GB Mobile Phone - Nebula Red,"EGP 5,639.00","EGP 6,480.00",13%,,,3 out of 5(3)
phones,Nokia Nokia 105 Dual SIM Mobile Phone – Black – Long-Lasting Battery & Reliable Connectivity,EGP 895.00,"EGP 1,162.34",23%,,,5 out of 5(1)
phones,"Glitter Mobile Phone Chain, Glitter Mobile Phone Strap, Universal Lanyard, Glitter Mobile Phone Chain for Hanging, Long Glitter for Cell Phones and Cameras and Key Ring, ID Card Holder_Multicolored",EGP 159.60,EGP 280.00,43%,,,
phones,Honor 400 Dual SIM 5G 512GB/12GB - Meteor Silver,"EGP 21,999.00","EGP 25,000.00",12%,,,
phones,Samsung Galaxy A26 Dual SIM 5G 128GB/6GB Mobile Phone- Black,"EGP 11,599.00","EGP 12,178.95",5%,,,5 out of 5(1)
phones,"Girasole G30-2.4-inch Dual SIM Mobile Phone - Red, Earphone Free, 12 Months Warranty",EGP 645.00,EGP 780.00,17%,,,4.6 out of 5(5)
phones,"Infinix Note 50S Dual SIM, 256GB, 8+8 GB RAM, 5G -Marine Blue","EGP 12,076.00","EGP 20,000.00",40%,,,3 out of 5(2)
phones,Samsung Galaxy A56 Dual SIM 5G 128GB/8GB 6.7 inches Mobile phone - Awesome Light Grey,"EGP 19,399.00","EGP 20,765.85",7%,,,
phones,"Honor 400 Dual SIM, 512GB, 12GB RAM, 5G - Desert Gold","EGP 23,399.00","EGP 26,910.00",13%,,,5 out of 5(1)
phones,"Motorola Edge 60 Fusion Dual SIM, 256GB, 12GB RAM, 5G - Pantone Slipstream","EGP 16,189.00","EGP 18,620.00",13%,,,
phones,Apple Iphone 13 Mobile Phone - 6.1 Inches - Single SIM 5G 128GB/4GB - Midnight,"EGP 33,888.00","EGP 40,222.00",16%,,,
phones,"XIAOMI REDMI 15 4G Dual SIM 6GB RAM 128GB, Sandy Purple","EGP 7,572.00","EGP 13,000.00",42%,,,
phones,"realme Note 70 Dual SIM, 128GB, 4GB RAM, 4G LTE - Gold","EGP 6,089.00","EGP 7,000.00",13%,,,
phones,Samsung Galaxy A17 8GB-256GB Mobile Phone Dual SIM 4G - Gray,"EGP 10,160.00","EGP 11,999.00",15%,,,
phones,"Samsung Galaxy A17 - 6.7"" 256GB/8GB Dual SIM 4G Mobile Phone - Grey","EGP 10,560.00","EGP 12,999.00",19%,,,3 out of 5(2)
phones,"Apple iPhone 14 128GB Midnight, Tax paid, Warranty 2 years","EGP 37,990.00","EGP 39,900.00",5%,,,
phones,Honor X7d Dual SIM 8GB RAM 256GB 4G Dessert Gold - Middle East Version,"EGP 8,595.00",,0%,,,5 out of 5(1)
phones,Sun Visor Foldable Car Phone Holder - Adjustable Angle - Rotation - Clip Spring Design - Universal Fit For Smartphones,EGP 99.00,EGP 250.00,60%,,,3.2 out of 5(13)
phones,"XIAOMI Redmi Note 14 Pro - 512GB/12GB, 6.67 Inch - BLACK","EGP 15,950.00","EGP 19,888.00",20%,,,4 out of 5(1)
phones,"XIAOMI Redmi A5 Dual SIM, 128GB, 4GB RAM, 4G LTE - Midnight Black","EGP 4,895.00",,0%,,,5 out of 5(1)
phones,OPPO A5x Dual SIM 4G Midnight Blue 4GB RAM 128GB - Middle East Version,"EGP 6,875.00","EGP 8,775.00",22%,,,
phones,Samsung Galaxy A05s Mobile Phone Dual SIM 4G 128GB/4GB - Silver With  USB-C Wall Charger 25 Watt,"EGP 6,099.00","EGP 7,611.00",20%,,,5 out of 5(2)
phones,Samsung Galaxy A56 Dual SIM 5G 128GB/8GB 6.7 inches Mobile phone - Awesome Graphite,"EGP 19,399.00","EGP 20,370.00",5%,,,5 out of 5(1)
phones,realme 15 Pro 5G Dual SIM Velvet Green 12GB RAM 256GB,"EGP 25,825.00","EGP 32,266.00",20%,,,
phones,Apple iPhone 17 Pro Max 256 GB Cosmic Orange 5G (eSim only) With FaceTime - International Version,"EGP 90,999.00","EGP 94,000.00",3%,,,
phones,Vivo V60 Dual SIM 256GB 12GB RAM 5G -  Gold,"EGP 23,899.00","EGP 33,333.00",28%,,,1 out of 5(1)
phones,"realme Note 60x Dual SIM, 128GB, 4GB RAM, 4G LTE - Wilderness Green","EGP 5,145.00",,0%,,,5 out of 5(2)
phones,OPPO Reno 14F 5G 12GB RAM 256GB - Middle East Version - Opal Blue,"EGP 19,525.00","EGP 24,388.00",20%,,,
phones,"Infinix GT30 pro Dual SIM, 12GB RAM 512GB 5G With MAGCHARGE Cooler And GT Case - Dark Flare","EGP 18,989.00","EGP 19,855.00",4%,,,5 out of 5(1)
phones,XIAOMI Redmi Note 14 Pro Mobile Phone - 6.7 Inches - Dual SIM 4G256GB/8GB -Midnight Black,"EGP 14,080.00","EGP 17,777.00",21%,,,
phones,Itel A50 4G - 128GB/3GB - Cyan Blue,"EGP 3,533.00",,0%,,,
phones,"realme C71 Dual SIM, 128GB, 6GB RAM, 4G LTE - White Swan","EGP 6,845.00",,0%,,,5 out of 5(1)
phones,Infinix Hot50i Dual SIM Sage Green 6+6GB RAM 128GB 4G,"EGP 5,159.00","EGP 7,000.00",26%,,,4 out of 5(5)
phones,Vivo Vivo V50 Lite Dual SIM 4G 256GB/8GB -Gold,"EGP 12,222.00","EGP 17,230.05",29%,,,4.7 out of 5(3)
phones,"OPPO A5 Dual SIM, 128GB, 6GB RAM, 4G LTE - Aurora Green","EGP 8,599.00","EGP 9,890.00",13%,,,1 out of 5(1)
phones,Infinix Note 50s Dual SIM 5G 256GB/8GB - Titanium Grey,"EGP 11,980.00","EGP 16,500.00",27%,,,
phones,OPPO Reno 14 - 256GB - 12GB - Luminous Green - Dual Sim - 5G,"EGP 26,999.00",,0%,,,4 out of 5(1)
phones,-purpose Wall Mounted Mobile Phone and Remote Control Holder with Charging Slot and Strong Double-Sided Adhesive - Multicolor,EGP 54.99,EGP 210.00,74%,,,
phones,XIAOMI Redmi A5 Dual SIM 4G 128GB/4GB Mobile Phone - Sandy Gold,"EGP 5,079.00","EGP 5,840.00",13%,,,2 out of 5(1)
phones,XIAOMI Redmi 15  8GB-256GB Mobile phone 4G Dual SIM- Titan Gray,"EGP 8,335.00","EGP 10,999.00",24%,,,
phones,"XIAOMI Redmi 15C Dual SIM, 256GB, 8GB RAM, 4G LTE - Midnight Black","EGP 7,089.00","EGP 15,000.00",53%,,,
phones,realme Note 60x Dual SIM 4G 64GB/3GB Mobile Phone - Marble Black,"EGP 4,669.00","EGP 5,370.00",13%,,,
phones,Infinix Hot 50i - 6.7 Inch - Dual SIM Mobile Phone 4G 128GB/6GB - Titanium Grey,"EGP 4,785.00","EGP 6,575.00",27%,,,5 out of 5(4)
phones,"Infinix Smart 10 Dual SIM, 64GB, 3GB RAM, 4G LTE - Sleek Black","EGP 3,729.00","EGP 4,290.00",13%,,,5 out of 5(2)
phones,"Samsung Galaxy A17 - 6.7"" 256GB/8GB Dual SIM 4G Mobile Phone - black","EGP 10,140.00",,0%,,,
phones,Apple iPhone 15 128GB Blue Tax Paid warranty 2 years,"EGP 47,700.00",,0%,,,
phones,XIAOMI Redmi Note 14 Pro Dual SIM 4G 512GB/12GB Mobile Phone - Ocean Blue,"EGP 17,699.00","EGP 20,350.00",13%,,,4 out of 5(1)
phones,Honor honor-x5c-plus-dual-sim-4g-128gb4gb-midnight-black,"EGP 4,440.00",,0%,,,
phones,"OPPO Reno14 F Dual SIM, 256GB, 12GB RAM, 5G - Luminous Green","EGP 20,219.00","EGP 23,250.00",13%,,,
phones,Samsung A26 Galaxy 6GB - 128GB - 5G Black,"EGP 11,550.00","EGP 14,645.00",21%,,,5 out of 5(1)
phones,Honor 400 Lite Dual SIM 5G 256GB/8GB - Velvet Black,"EGP 12,530.00","EGP 16,350.00",23%,,,
phones,realme Note 60x - 6.74 Inch 128GB-4GB Dual SIM 4G Mobile Phone - Wilderness Green,"EGP 5,149.00","EGP 6,999.00",26%,,,3.6 out of 5(7)
phones,OPPO A5 Pro Dual SIM 6.7 Inch Mobile Phones 4G 256GB/8GB - Mocha Brown,"EGP 11,699.00","EGP 12,999.00",10%,,,
phones,"Samsung Galaxy A17 - 6.7"" 128GB/4GB Dual SIM 4G Mobile Phone - Grey","EGP 7,727.50","EGP 9,777.00",21%,,,
phones,"XIAOMI Mobile Redmi Note 14, 4G Dual SIM 8GB RAM 256GB - Midnight Black","EGP 10,056.00","EGP 20,000.00",50%,,,5 out of 5(7)
phones,"Samsung A56 Galaxy Dual SIM, 256GB, 8GB RAM, 5G - Light Gray","EGP 21,175.00","EGP 26,777.00",21%,,,3 out of 5(2)
phones,"OPPO A5 Dual SIM, 256GB, 8GB RAM, 4G LTE - Aurora Green","EGP 10,119.00","EGP 11,640.00",13%,,,
phones,Samsung Galaxy A26 Dual SIM 5G 128GB/6GB 6.7 inches Mobile phone - Black,"EGP 11,599.00","EGP 12,178.95",5%,,,4.6 out of 5(9)
phones,XIAOMI Redmi 15 4G Dual SIM 256GB/8GB Mobile phone - Black,"EGP 8,470.00","EGP 10,588.00",20%,,,
phones,Nokia Mobile 105 Dual Sim Blue 4G,EGP 880.00,,0%,,,
phones,"Samsung Galaxy A17, 256GB, 8GB RAM, 4G LTE, Dual SIM - Light Blue","EGP 11,288.00","EGP 16,000.00",29%,,,
phones,"Glitter Mobile Phone Chain, Glitter Mobile Phone Strap, Universal Lanyard, Glitter Mobile Phone Chain for Hanging, Long Glitter for Cell Phones and Cameras and Key Ring, ID Card Holder_Black",EGP 159.60,EGP 280.00,43%,,,
phones,TENTECH Rhinestone Anti-Theft Shiny Universal Crossbody Phone Chain with Mount Pad for Most Phones and Diamond Studded Neck Holder for Women – Black,EGP 175.00,EGP 250.00,30%,,,5 out of 5(1)
phones,"OPPO A5 Dual SIM, 256GB, 8GB RAM, 4G LTE - Mist White","EGP 10,119.00","EGP 11,640.00",13%,,,
phones,"XIAOMI Redmi A5 Dual SIM, 128GB, 4GB RAM, 4G LTE - Ocean Blue","EGP 5,079.00","EGP 5,840.00",13%,,,4 out of 5(2)
phones,Honor smart phone,"EGP 48,000.00",,0%,,,5 out of 5(1)
phones,Kieslect KR3 Smart Watch - Black,"EGP 3,399.00","EGP 3,569.00",5%,,,
phones,realme 14T 5G 256GB/8GB Mobile Phone - Obsidian Black,"EGP 12,999.00","EGP 14,788.40",12%,,,
phones,"Infinix Smart 10 Dual SIM, 128GB, 4+4GB RAM, 4G LTE - Twilight Gold","EGP 4,160.00","EGP 5,000.00",17%,,,5 out of 5(1)
phones,Itel A90 Dual SIM  4GB RAM 256GB 4G - Starlit Black,"EGP 4,260.00","EGP 9,000.00",53%,,,3 out of 5(2)
phones,Hmd Arc - 4GB RAM - 64GB - Shadow Black,"EGP 2,899.00","EGP 3,649.00",21%,,,
phones,Samsung samsung-galaxy-a17-6.7-256gb8gb-dual-sim-4g-mobile-phone-blue,"EGP 9,845.00",,0%,,,
phones,Honor 400 Pro Dual SIM 5G 512GB/12GB Mobile Phone - Tidal Blue,"EGP 35,079.00","EGP 40,340.00",13%,,,
phones,"OPPO A6 Pro Dual SIM, 256GB, 8GB RAM, 4G LTE - Rosewood Red","EGP 13,395.00",,0%,,,5 out of 5(1)
phones,"XIAOMI Redmi 15C - 6.8"" 128GB/6GB Dual SIM 4G Mobile Phone - Black","EGP 6,490.00","EGP 8,300.00",22%,,,
phones,Samsung Galaxy A07 4GB-128GB Mobile Phone Dual SIM 4G - Black,"EGP 5,777.00","EGP 6,999.00",17%,,,5 out of 5(2)
phones,realme Note 60 Dual-SIM 4G 64GB/3GB Mobile Phone 6.78 Inches - Voyage Blue,"EGP 4,779.00","EGP 5,500.00",13%,,,
phones,Motorola Moto G35 - 6.72-inch 256GB/8GB Dual SIM 5G Mobile Phone - Midnight Black,"EGP 7,699.00","EGP 8,850.00",13%,,,3 out of 5(2)
phones,"Motorola Moto G56 Dual Sim, 256Gb, 12Gb Ram, 5G - Pantone Dill","EGP 12,149.00","EGP 13,970.00",13%,,,
phones,"Sticky Grip, Suction Cup Phone Holder for iPhone and Android, Hands Free Adhesive Phone Grip, Phone Mirror Holder for Selfie and Videos (Black)",EGP 87.00,,0%,,,3 out of 5(3)
phones,Motorola G35 - 6.7 Inch 256GB/8GB Dual SIM 5G Mobile Phone - Guava Red,"EGP 7,099.00","EGP 7,999.00",11%,,,
phones,XIAOMI Redmi Note 14 Pro Dual SIM 4G 256GB/8GB Mobile Phone - Aurora Purple,"EGP 14,669.00","EGP 16,870.00",13%,,,4 out of 5(1)
phones,Vivo vivo-v60-lite-5g-256gb8gb-mobile-phone-black,"EGP 14,895.00",,0%,,,
phones,Infinix Note 50s Dual SIM 5G 256GB/8GB - Burgundy Red,"EGP 11,980.00","EGP 16,500.00",27%,,,
phones,Honor honor-x5c-dual-sim-4g-64gb4gb-midnight-black,"EGP 4,140.00",,0%,,,
phones,realme Note 50 Dual-SIM 4G 64GB/3GB Mobile Phone - Sky Blue,"EGP 4,569.00","EGP 5,250.00",13%,,,5 out of 5(1)
phones,realme Note 60 Dual-SIM 4G 64GB/3GB Mobile Phone 6.78 Inches - Marble Black,"EGP 4,779.00","EGP 5,500.00",13%,,,
phones,"XIAOMI Redmi Note 14 Dual SIM, 256GB, 8GB RAM, 4G LTE - Lime Green","EGP 10,056.00","EGP 18,000.00",44%,,,4.5 out of 5(2)
phones,"OPPO A6 Pro 4G, 8GB Ram, 256GB - Rosewood Red","EGP 13,400.00",,0%,,,
phones,"OPPO A5i Dual SIM, 128GB, 4GB RAM, 4G LTE - Starry Purple","EGP 6,689.00","EGP 7,690.00",13%,,,
phones,"OPPO A3x - 6.6"" 64GB/4GB Dual SIM 4G Mobile Phone- Nebula Red","EGP 5,422.00","EGP 6,444.00",16%,,,4.7 out of 5(7)
phones,Samsung Galaxy Tab A9 Single SIM 4G 128GB/8GB Mobile Phone - Graphite 8.7 Inch,"EGP 8,350.00","EGP 11,000.00",24%,,,
phones,Samsung Galaxy A07 6GB-128GB Mobile Phone Dual SIM 4G - Light Violet,"EGP 6,682.50","EGP 8,066.00",17%,,,1 out of 5(1)
phones,Samsung Galaxy A36 Dual SIM 5G 256GB/8GB Mobile Phone - Awesome Black,"EGP 15,999.00","EGP 17,428.95",8%,,,4.6 out of 5(23)
phones,"XIAOMI REDMI 15 4G Dual SIM 8GB RAM 256GB, Sandy Purple","EGP 8,483.00","EGP 15,000.00",43%,,,
phones,"TENTECH Magic Removable Cell Phone Chain, Phone Case Hanging Rope, Luxury Crystal Studded Holder, Stylish and Fashionable Design for Phones and Earphones – Black",EGP 180.00,EGP 250.00,28%,,,
phones,"Glitter Mobile Phone Chain, Glitter Mobile Phone Strap, Universal Lanyard, Glitter Mobile Phone Chain for Hanging, Long Glitter for Cell Phones and Cameras and Key Ring, ID Card Holder_Gold",EGP 159.60,EGP 280.00,43%,,,
phones,XIAOMI Redmi Note 14 Mobile Phone - 6.7 Inches - Dual SIM 4G 256GB/8GB - Blue,"EGP 9,955.00","EGP 12,555.00",21%,,,2.3 out of 5(3)
phones,Samsung Galaxy A16 4G - 256GB/8GB - Grey,"EGP 10,100.00",,0%,,,
phones,OPPO Reno 14 Dual Sim - 5G - 256GB - 12GB - Opal White,"EGP 27,225.00","EGP 36,333.00",25%,,,
phones,Samsung Galaxy A56 Dual SIM 5G 128GB/8GB 6.7 inches Mobile phone - Black,"EGP 19,999.00","EGP 21,998.90",9%,,,5 out of 5(1)
phones,XIAOMI Redmi Note 14 Pro+ Dual SIM 5G 512GB/12GB Mobile Phone - Frost Blue,"EGP 23,259.00","EGP 26,750.00",13%,,,1 out of 5(1)
phones,realme C75X 4G 256GB/8GB Mobile Phone -  Oceanic Blue,"EGP 8,888.00","EGP 9,776.80",9%,,,5 out of 5(1)
phones,OPPO  A5 Dual SIM 4G Aurora Green 8GB RAM 256GB - Middle East Version,"EGP 9,740.00","EGP 11,000.00",11%,,,5 out of 5(2)
phones,OPPO Reno 14 - Dual Sim - 5G - 256GB - 12GB - Luminous Green,"EGP 27,225.00","EGP 36,333.00",25%,,,
phones,"Infinix Hot 60 Pro Plus Dual SIM, 256GB, 8GB RAM, 4G , SONIC YELLOW","EGP 10,719.00","EGP 18,000.00",40%,,,
phones,Samsung Galaxy A07 4GB-128GB Mobile Phone Dual SIM 4G - Black,"EGP 5,747.50","EGP 7,290.00",21%,,,
phones,Infinix Hot50i Dual SIM Titanium Grey 6+6GB RAM 128GB 4G,"EGP 5,159.00","EGP 6,000.00",14%,,,5 out of 5(5)
phones,Infinix Smart 10 Dual SIM Gold 3GB RAM 64GB 4G,"EGP 3,960.00","EGP 5,099.00",22%,,,
phones,realme 15  5G - 6.77-inch -256GB-12GB Mobile Phone Dual SIM 5G - Suit Titanium,"EGP 19,290.00","EGP 25,999.00",26%,,,
phones,OPPO A6 Pro Dual SIM 5G 256GB/8GB - Stellar Blue,"EGP 15,230.00","EGP 18,500.00",18%,,,
phones,Samsung Galaxy A07 6GB-128GB Mobile Phone Dual SIM 4G - GRREN,"EGP 6,682.50","EGP 8,066.00",17%,,,5 out of 5(1)
phones,"Vivo V60 lite Dual SIM, 256GB , 8GB RAM , 5G- Blue","EGP 14,840.00","EGP 22,000.00",33%,,,
phones,Apple iPhone 17 Pro Max 2TB Cosmic Orange 5G (Nano SIM + eSIM) With FaceTime - International Version,"EGP 143,000.00","EGP 155,000.00",8%,,,
phones,OPPO Reno 14f Dual SIM 5G 256GB/12GB - Lumionous Green,"EGP 19,015.00","EGP 21,100.00",10%,,,5 out of 5(1)
phones,"Vivo Vivo Y04 Dual SIM Smartphone - 128GB Memory, 4GB RAM, 4G - Gold","EGP 5,708.00","EGP 12,000.00",52%,,,4 out of 5(1)
phones,Majentik Car Play MM-001 - Converts Wired to Wireless Connection,"EGP 2,150.00","EGP 2,500.00",14%,,,1.5 out of 5(2)
phones,"Itel A70 Smart Mobile Phone, Daul Sim, 4G LTE, 128 GB, 4 GB RAM - Starlish Black","EGP 4,094.00",,0%,,,
phones,"Vivo Vivo Mobile Y04 Dual SIM, 128GB, 4GB RAM, 4G LTE - Dark Green","EGP 5,708.00","EGP 10,000.00",43%,,,
phones,Vivo V60 Lite Dual SIM 256GB 12GB RAM 4G - Black,"EGP 16,500.00","EGP 26,923.00",39%,,,
phones,Mienta Electric Cordless Kettle Capacity 1.7 Liters 2200 W - Black - EK201737A,EGP 899.00,EGP 944.00,5%,,,
phones,"Honor 400 Lite Dual SIM, 256GB, 8GB RAM, 5G - Velvet Black","EGP 12,695.00","EGP 19,000.00",33%,,,
phones,Nokia 3 - 5.0-inch 16GB/2GB Dual SIM 4G Mobile Phone - Matte Black - Matte Black,"EGP 3,598.00",,0%,,,
phones,"Silicone Sticky Grip, Suction Cup Phone Holder for iPhone and Android, Hands Free Adhesive Phone Grip, Phone Mirror Holder for Selfie and Videos (Dark Grey)",EGP 90.00,,0%,,,
phones,Nothing 3A Pro - Dual SIM 5G 256GB/12GB Mobile Phone – Black,"EGP 29,999.00","EGP 40,798.80",26%,,,
phones,Samsung samsung-galaxy-a07-128gb6gb-black,"EGP 6,630.00",,0%,,,
phones,"Vivo Y19s Pro Dual SIM , 6GB RAM , 128GB , 4G - Black","EGP 6,867.00","EGP 15,000.00",54%,,,
phones,Majentik Wireless CarPlay Adapter for Cars with Built-in CarPlay,"EGP 2,100.00",,0%,,,
phones,EvancyStore Handmade Mobile chain Silver,EGP 100.00,,0%,,,5 out of 5(2)
phones,Tecno Spark 30 Pro Mobile Phone – Dual SIM – 4G – 256GB – 8GB RAM – Arctic Glow,"EGP 8,425.00","EGP 10,110.00",17%,,,2 out of 5(3)
phones,"WST99 Professional Hair Clipper And Beard Trimmer 1,200MAh - Gold",EGP 119.00,EGP 199.00,40%,,,
phones,realme 15 Pro 5G - 6.8-inch -256GB-12GB Mobile Phone Dual SIM 5G - Flowing Silver,"EGP 25,822.00","EGP 35,999.00",28%,,,
phones,"ZTE Nubia V60  ( RAM: (6+10) 16GB + RAM: 256GB ), 6.6 Inch, IPS LCD, 90Hz, 5000 mAH Battery, Champagne Gold","EGP 4,710.00",,0%,,,3 out of 5(1)
phones,realme Note 60x - 6.74 Inch 128GB-4GB Dual SIM 4G Mobile Phone -Black,"EGP 5,307.50","EGP 5,749.00",8%,,,
phones,Braun Electronic Hair Dryer 2200 Watt - Grey - BRHD435E,"EGP 4,799.00","EGP 5,039.00",5%,,,
phones,Apple iPhone 16 Pro Single SIM 256GB/8GB - 5G Mobile Phone - Desert Titanium,"EGP 73,333.00",,0%,,,
phones,"Recci Car Holder Multi Function, Black, RHO-C39",EGP 355.00,EGP 800.00,56%,,,5 out of 5(1)
phones,OPPO Reno14 5G - 256GB/12GB - Luminous Green,"EGP 27,150.00",,0%,,,5 out of 5(1)
phones,Apple Iphone 16 Pro Max Single SIM 5G 256GB/8GB - Desert Titanium,"EGP 99,000.00",,0%,,,
phones,"AllCall Magic 60 - (RAM: (4+8) 12GB + ROM: 64GB), 6.8 inch 720*1600 IPS HD+, 5160 mAh Battery, Elegent Red.","EGP 3,650.00","EGP 3,950.00",8%,,,
phones,"Samsung Galaxy A36 5G Awesome White, 8GB, 256GB","EGP 15,995.00",,0%,,,4 out of 5(1)
phones,"Samsung Galaxy A56 Dual SIM, 256GB, 12GB RAM, 5G - Awesome Olive","EGP 24,719.00","EGP 28,430.00",13%,,,
phones,realme Note 60x Dual SIM 4G 128GB/4GB - Marble Black,"EGP 5,230.00","EGP 7,300.00",28%,,,
phones,Infinix Hot 50i - 6.7 Inch - Dual SIM Mobile Phone 4G 128GB/6GB - Sage Green,"EGP 4,785.00","EGP 5,729.00",16%,,,4.3 out of 5(4)
phones,XIAOMI Redmi 15 4G Dual SIM 256GB/8GB Mobile phone - Purple,"EGP 8,470.00","EGP 10,588.00",20%,,,
phones,OPPO oppo-a5-dual-sim-256gb-8gb-ram-4g-lte-mist-white,"EGP 9,498.00",,0%,,,
phones,"Samsung Galaxy S25 Ultra ,5G, 12GB, 512GB , single SIM, Titanium Black","EGP 66,999.00","EGP 74,548.95",10%,,,
phones,"XIAOMI Redmi 15C Dual SIM, 256GB, 8GB RAM, 4G LTE - Twilight Orange","EGP 7,099.00","EGP 8,160.00",13%,,,
phones,"realme 14 Dual SIM, 256GB, 12GB RAM, 5G - Storm Titanium","EGP 16,189.00","EGP 18,620.00",13%,,,
phones,TENTECH Rhinestone Anti-Theft Shiny Universal Crossbody Phone Chain with Mount Pad for Most Phones and Diamond Studded Neck Holder for Women – Silver,EGP 185.00,EGP 250.00,26%,,,
phones,Vivo Vivo Y29 Dual SIM 8GB 256GB RAM 4G LTE - White,"EGP 9,156.00","EGP 11,555.00",21%,,,5 out of 5(1)
phones,Itel Itel A90 Dual SIM 3GB RAM 128 GB 4G - Space Titanium,"EGP 3,772.00","EGP 5,000.00",25%,,,5 out of 5(1)
phones,Itel A90 Dual SIM 4G 256GB/4GB -  Space Titanium,"EGP 4,399.00","EGP 4,999.00",12%,,,5 out of 5(1)
phones,"XIAOMI Redmi Note 14 Dual SIM, 256GB, 8GB RAM, 4G LTE - Midnight Black","EGP 9,595.00",,0%,,,
phones,Tecno Spark 30 Pro Mobile Phone – Dual SIM – 4G – 256GB – 8GB RAM – Obsidian Edge,"EGP 9,500.00","EGP 12,998.70",27%,,,3.3 out of 5(3)
phones,"Infinix Smart 10 Dual SIM, 128GB, 4GB RAM, 4G LTE - Iris Blue","EGP 4,099.00","EGP 4,930.00",17%,,,
phones,XIAOMI Redmi 15 4G Dual SIM 256GB/8GB Mobile phone - Titan Gray,"EGP 8,470.00","EGP 10,588.00",20%,,,
phones,"Honor 400 Dual SIM, 512GB, 12GB RAM, 5G - Meteor Silver","EGP 23,399.00","EGP 26,910.00",13%,,,
phones,OPPO Oppo Reno 14F 5G - 12GB RAM - 256GB - Luminous Green,"EGP 19,000.00",,0%,,,5 out of 5(1)
phones,Samsung samsung-galaxy-a07-4gb-128gb4g-GRREN,"EGP 5,860.00",,0%,,,
phones,"Itel P65 Dual SIM, 128GB, 8GB RAM, 4G LTE - Cyber Titanium","EGP 6,089.00","EGP 7,000.00",13%,,,
phones,Itel A80 Dual SIM 4G 128GB/4GB - Sandstone Black,"EGP 3,999.00","EGP 4,811.40",17%,,,
phones,"Infinix GT 30 Pro Dual SIM, 512GB, 12GB RAM, 5G - Dark Flare","EGP 18,769.00","EGP 21,580.00",13%,,,5 out of 5(1)
phones,"Honor 400 Dual SIM, 256GB, 12GB RAM, 5G - Meteor Silver","EGP 21,449.00","EGP 24,670.00",13%,,,5 out of 5(1)
phones,OPPO A5x Dual SIM 4G 128GB/4GB - White,"EGP 6,875.00","EGP 8,775.00",22%,,,
phones,"Nokia 130 Dual SIM Basic Phone - 2.4-inch Display, Headphone Jack Dark Blue","EGP 2,197.00","EGP 2,999.00",27%,,,
phones,"OPPO A5i Dual SIM, 64GB, 4GB RAM, 4G LTE - Starry Purple","EGP 5,501.00","EGP 10,000.00",45%,,,4 out of 5(1)
phones,Tecno Spark 30 Mobile Phone – Dual SIM – 4G – 256GB – 8GB RAM – Stellar Shadow,"EGP 6,700.00","EGP 8,040.00",17%,,,2 out of 5(1)
phones,"Honor 400 Pro Dual SIM, 512GB, 12GB RAM, 5G - Midnight Black","EGP 35,079.00","EGP 40,340.00",13%,,,5 out of 5(1)
phones,"realme Note 60x Dual SIM, 128GB, 4GB RAM, 4G LTE - Marble Black","EGP 5,145.00",,0%,,,5 out of 5(1)
phones,OPPO A5 Dual SIM 4G - 8GB RAM 256GB - Middle East Version - Mist White,"EGP 9,982.50","EGP 12,355.00",19%,,,
phones,"Infinix Smart 10 Dual SIM, 3+3GB RAM, 64GB, 4G - Titanium Silver","EGP 3,685.00","EGP 15,000.00",75%,,,5 out of 5(3)
phones,realme C75X 4G 128GB/6GB Mobile Phone  Oceanic Blue,"EGP 7,099.00","EGP 8,310.50",15%,,,
phones,"Infinix XPAD 20 11.0"" Inch Single SIM 4G 128GB/6GB - Forest Green","EGP 7,099.00","EGP 7,999.00",11%,,,
phones,Infinix Hot 60 Pro Dual Sim - 8GB RAM - 256GB -  Blue,"EGP 8,810.00","EGP 20,000.00",56%,,,
phones,Vivo Vivo Y29 Dual SIM 4G 256GB/8GB - White,"EGP 9,020.00","EGP 12,609.00",28%,,,5 out of 5(1)
phones,Samsung Galaxy A17 Dual SIM 4G 256GB/8GB - Black,"EGP 10,260.00","EGP 13,000.00",21%,,,
phones,Single Metal Clothes Stand-White,EGP 533.00,EGP 780.00,32%,,,
phones,Samsung Galaxy S25 Ultra Dual SIM 5G - 256GB/12GB - 6.9 Inch Mobile Phone Titanium Gray,"EGP 66,000.00","EGP 81,000.00",19%,,,5 out of 5(2)
phones,"OPPO A5i Dual SIM, 4G, 4GB RAM, 128GB, Purple","EGP 6,499.00",,0%,,,5 out of 5(1)
phones,"Vivo Y19s Pro Dual SIM, 256GB, 6GB RAM, 4G LTE - Pearl Silver","EGP 7,699.00","EGP 8,850.00",13%,,,5 out of 5(1)
phones,General inissia Coffee Machine 0.7 Liters - 19 Bar - Red - C40-EU-RE-NE + 30 Coffee Capsules Gift,"EGP 6,499.00","EGP 6,824.00",5%,,,
phones,OPPO A5i Pro 5G - 256GB/8GB - Breeze Blue,"EGP 12,223.00",,0%,,,
phones,Beko Gas Water Heater 10 Liter with Digital Screen - Silver - BGWH 10LS,"EGP 4,775.00","EGP 6,599.00",28%,,,
phones,XIAOMI Redmi 15 Dual SIM 4G 256GB/8GB - Titan Grey,"EGP 8,444.00","EGP 11,200.00",25%,,,
phones,realme C75 Dual-SIM 4G 128GB/8GB Mobile Phone 6.7 Inches - Storm Black,"EGP 8,609.00","EGP 9,900.00",13%,,,
phones,Vivo Vivo Y29 Dual SIM 8GB 256GB RAM 4G LTE - Brown,"EGP 9,020.00","EGP 11,555.00",22%,,,
phones,"Vivo V60 lite Dual SIM, 256GB, 12GB RAM, 5G -  Black","EGP 16,807.00","EGP 20,000.00",16%,,,
phones,Honor X7d Dual SIM 256GB/8GB  black 4G,"EGP 8,965.00","EGP 11,666.00",23%,,,
phones,"Samsung Galaxy A17 Dual SIM , 128GB, 6GB RAM, 4G LTE - Black","EGP 9,163.00","EGP 14,000.00",35%,,,
phones,realme 15T 5G - 6.57-inch -256GB-8GB Mobile Phone Dual SIM 5G - Suit Titanium,"EGP 14,490.00","EGP 17,999.00",19%,,,
phones,OPPO A6 Pro Dual Sim – 256GB 8GB Ram 4G - Stellar Blue,"EGP 13,805.00","EGP 18,090.00",24%,,,
phones,Samsung A17 Ram 8 / 256 Gray,"EGP 9,950.00",,0%,,,
phones,realme Note 60X Dual-SIM 4G 128GB/4GB Mobile Phone - Wilderness Green,"EGP 5,379.00","EGP 6,190.00",13%,,,
phones,"Vivo V60 lite Dual SIM, 256GB, 12GB RAM, 5G - Blue","EGP 16,807.00","EGP 20,000.00",16%,,,
phones,Itel A90 Dual SIM 4G 64GB/3GB - Space Titanium,"EGP 3,399.00","EGP 3,999.00",15%,,,
phones,"Redmi Xiaomi 15C, 8GB Ram, 256GB - Twilight Orange","EGP 7,205.00","EGP 8,999.00",20%,,,5 out of 5(1)
phones,"realme Note 60 Dual SIM, 256GB, 4GB RAM, 4G LTE - Voyage Blue","EGP 6,153.00","EGP 9,000.00",32%,,,
phones,"Samsung Galaxy A56 256GB، 8GB RAM Mobile Phone – 6.7""، 5G, Awesome Pink","EGP 20,799.00","EGP 21,838.95",5%,,,5 out of 5(1)
phones,"OPPO Reno14 Dual SIM, 256GB, 12GB RAM, 5G - Luminous Green","EGP 26,966.00","EGP 31,000.00",13%,,,5 out of 5(1)
phones,OPPO oppo-reno-14-f-dual-sim-256gb-12gb-ram-5g-luminous-green,"EGP 19,700.00",,0%,,,
phones,"realme C71 Dual SIM, 128GB, 6GB RAM, 4G LTE - White Swan","EGP 7,099.00","EGP 8,160.00",13%,,,5 out of 5(1)
phones,"Motorola Moto G56 Dual Sim, 256Gb, 12Gb Ram, 5G - Pantone Dazzling Blue","EGP 12,149.00","EGP 13,970.00",13%,,,
phones,Honor 400 Dual SIM 5G 512GB/12GB - Desert Gold,"EGP 21,999.00","EGP 26,000.00",15%,,,
phones,"OPPO A6 Pro 5G, 8GB RAM, 256GB - Blue","EGP 15,730.00","EGP 20,855.00",25%,,,
phones,"Samsung A56 Galaxy Dual SIM, 128GB, 8GB RAM, 5G - Light Gray","EGP 19,745.00","EGP 24,999.00",21%,,,5 out of 5(3)
phones,XIAOMI Redmi Note 14 Pro Dual SIM 4G 256GB/8GB Mobile Phone - Midnight Black,"EGP 14,669.00","EGP 16,870.00",13%,,,
phones,TENTECH Rhinestone Anti-Theft Shiny Universal Crossbody Phone Chain with Mount Pad for Most Phones and Diamond Studded Neck Holder for Women – Black,EGP 225.00,EGP 300.00,25%,,,
phones,"OPPO A6 Pro Dual SIM, 256GB, 8GB RAM, 5G - Stellar Blue","EGP 15,220.00",,0%,,,
phones,Earldom CC19M-Car Charger with Micro Cable - Efficient and Durable,EGP 155.00,EGP 199.00,22%,,,2 out of 5(1)
phones,"Infinix Hot 60i Dual SIM, 128GB, 6GB RAM, 4G LTE - Neon Red","EGP 5,430.00",,0%,,,1 out of 5(1)
phones,"Samsung Galaxy S25 Ultra ,5G, 12GB, 512GB , single SIM, Titanium Blue","EGP 67,999.00","EGP 74,548.95",9%,,,
phones,TENTECH Rhinestone Anti-Theft Shiny Universal Crossbody Phone Chain with Mount Pad for Most Phones and Diamond Studded Neck Holder for Women – Silver,EGP 225.00,EGP 300.00,25%,,,
phones,Samsung A17 Ram 8 / 256 Black,"EGP 9,950.00",,0%,,,
phones,"XIAOMI Redmi A5 Dual SIM, 128GB, 4GB RAM, 4G LTE - Lake Green","EGP 5,060.00","EGP 6,144.00",18%,,,
phones,"OPPO A6 Pro 5G, 8GB RAM, 256GB - Red","EGP 15,730.00","EGP 20,855.00",25%,,,5 out of 5(1)
phones,Samsung Galaxy A36 Dual SIM 5G 256GB/8GB Mobile Phone - Awesome Lavender,"EGP 16,599.00","EGP 18,588.90",11%,,,4.4 out of 5(20)
phones,Itel A90 Dual SIM 4G 64GB/3GB - Aurora Blue,"EGP 3,399.00","EGP 3,999.00",15%,,,
phones,Samsung Galaxy A17 - 128GB/6GB - Gray,"EGP 8,347.00",,0%,,,
phones,Itel Itel A90 Dual SIM 3GB RAM 64 GB 4G - Space Titanium,"EGP 3,533.00","EGP 10,000.00",65%,,,5 out of 5(2)
phones,Vivo Vivo V50 Lite Dual SIM 5G 256GB/12GB Mobile Phone - Black,"EGP 13,499.00","EGP 15,520.00",13%,,,
phones,"Infinix Smart 10 Dual SIM, 64GB, 3GB RAM, 4G LTE - Titanium Silver","EGP 3,729.00","EGP 4,290.00",13%,,,
phones,Itel A50 Dual SIM 4G 128GB/3GB - Shimmer Gold,"EGP 3,699.00","EGP 4,513.30",18%,,,
phones,realme Note 70 - 6.74 Inch 4GB-128GB Dual SIM 4G Mobile Phone - Beach Gold,"EGP 5,888.00","EGP 8,499.00",31%,,,2 out of 5(1)
phones,"Samsung Galaxy A56 5G 12GB RAM, 256GB, Awesome Graphite","EGP 23,275.00","EGP 30,000.00",22%,,,5 out of 5(2)
phones,Tecno Spark 30c Dual SIM 4G 256GB/8GB - Magic Green,"EGP 5,659.00","EGP 7,999.00",29%,,,
phones,"Samsung A56 Galaxy Dual SIM, 256GB, 8GB RAM, 5G - Awesome Graphite","EGP 21,175.00","EGP 26,777.00",21%,,,5 out of 5(2)
phones,"Infinix Smart 10 4GB RAM, 256GB - Black","EGP 4,757.50","EGP 5,926.00",20%,,,
phones,"Girasol (Girasole) G30-2.4-inch Dual SIM Mobile Phone - Gold, Earphone Free, 12 Months Warranty",EGP 649.00,EGP 750.00,13%,,,4.2 out of 5(13)
phones,"OPPO A6 Pro 4G, 8GB Ram, 256GB - Rosewood Red","EGP 13,805.00","EGP 18,090.00",24%,,,1 out of 5(1)
phones,"Infinix Smart 10 Dual SIM, 128GB, 4GB RAM, 4G LTE - Twilight Gold","EGP 4,155.00",,0%,,,3.5 out of 5(2)
phones,XIAOMI Redmi Note 14 Pro Dual SIM 4G 256GB/8GB Mobile Phone - Ocean Blue,"EGP 14,669.00","EGP 16,870.00",13%,,,
phones,Phone Adhesive - Removable and Washable Phone Holder for All Smooth Surfaces - Purple,EGP 99.90,,0%,,,
phones,Benco V91 Plus - 128GB/6GB - Volcanic Grey,"EGP 3,830.00",,0%,,,
phones,Samsung Galaxy A56 Dual SIM 5G 256GB/8GB 6.7 inches Mobile phone - Awesome OLIVE,"EGP 20,799.00","EGP 21,838.95",5%,,,4 out of 5(2)
phones,Motorola Moto G85 - 6.67-inch 256GB/12GB Dual SIM 5G Mobile Phone - Urban Grey,"EGP 13,159.00","EGP 15,130.00",13%,,,5 out of 5(1)
phones,"XIAOMI Redmi Note 14 Pro - 512GB/12GB, 6.67 Inch - Aurora Purple","EGP 15,950.00","EGP 19,888.00",20%,,,1 out of 5(1)
phones,Vivo Vivo V40 - 6.78-inch 256GB/12GB Dual Sim 5G Mobile Phone - Purple,"EGP 19,099.00","EGP 21,960.00",13%,,,5 out of 5(1)
phones,"Infinix Xpad X1101B Tablet 11 Inch, 256GB, 8GB RAM, Wi-Fi Only - Stellar Grey","EGP 9,789.00","EGP 11,260.00",13%,,,5 out of 5(1)
phones,realme 15 5G Dual SIM Suit Titanium 12GB RAM 256GB,"EGP 19,415.00","EGP 23,895.00",19%,,,
phones,Honor 400 Dual SIM 5G Mobile Phone - Meteor Silver,"EGP 20,299.00",,0%,,,
phones,Vivo V60 Lite Dual SIM 256GB 8GB RAM 4G - Blue,"EGP 12,375.00","EGP 15,805.00",22%,,,
phones,Benco S1 Plus - 256GB/8GB - Dark Grey,"EGP 4,765.00",,0%,,,
phones,"Samsung Galaxy A17 - 6.7"" 128GB/6GB Dual SIM 4G Mobile Phone - black","EGP 8,470.00","EGP 10,666.00",21%,,,
phones,"Infinix Note 50S Dual SIM, 256GB, 8+8 GB RAM, 5G - Ruby Red","EGP 12,076.00","EGP 19,000.00",36%,,,1 out of 5(1)
phones,OPPO Reno 14 Pro Dual Sim 12GB Ram 512GB 5G - Middle East Version - Opal White,"EGP 39,215.00","EGP 49,000.00",20%,,,
phones,"Honor HonorX5c Dual Sim, 64GB, 4GB RAM, 4G LTE - Tidal Blue","EGP 4,249.00","EGP 4,900.00",13%,,,
phones,"Infinix Smart 10 Dual SIM, 64GB, 3GB RAM, 4G LTE - Sleek Black","EGP 3,680.00",,0%,,,
phones,realme Note 50 Dual-SIM 4G 128GB/4GB Mobile Phone 6.6 Inches - Midnight Black,"EGP 5,579.00","EGP 6,420.00",13%,,,1 out of 5(1)
phones,Samsung Galaxy A36 Dual SIM 5G 128GB/8GB Mobile Phone - Awesome Black,"EGP 14,999.00","EGP 15,748.95",5%,,,4.5 out of 5(17)
phones,Honor honor-x5c-dual-sim-4g-64gb4gb-tidal-blue,"EGP 4,068.00",,0%,,,
phones,"Vivo Vivo Y04 Dual SIM, 128GB, 4GB RAM, 4G LTE - Titanium Gold","EGP 5,420.00",,0%,,,
phones,TENTECH Rhinestone Anti-Theft Shiny Universal Crossbody Phone Chain with Mount Pad for Most Phones and Diamond Studded Neck Holder for Women – Pink,EGP 185.00,EGP 250.00,26%,,,
phones,realme 14T Dual SIM 5G 256GB/8GB Mobile Phone - Lightning Purple,"EGP 13,869.00","EGP 15,950.00",13%,,,
phones,"Itel P65 Dual SIM, 128GB, 8GB RAM, 4G LTE - Cyber Black","EGP 6,089.00","EGP 7,000.00",13%,,,5 out of 5(1)
phones,"Hmd Arc Single SIM, 64GB, 4GB RAM, 4G LTE - Shadow Black","EGP 3,389.00","EGP 3,900.00",13%,,,
phones,"OPPO A6 Pro 4G Dual SIM , 8GB RAM, 256GB -  Rosewood Red","EGP 14,043.00","EGP 22,000.00",36%,,,
phones,Honor 400 Dual SIM 5G 256GB/12GB Mobile Phone - Desert Gold,"EGP 21,449.00","EGP 24,670.00",13%,,,5 out of 5(1)
phones,"XIAOMI Redmi 15C - 6.8"" 256GB/8GB Dual SIM 4G Mobile Phone - black","EGP 7,205.00","EGP 8,999.00",20%,,,
phones,"Samsung Galaxy S25 Ultra ,5G, 12GB, 256GB , single SIM, Titanium Silver","EGP 62,999.00","EGP 68,248.95",8%,,,
phones,"Micromax S211 Dual SIM Mobile Phone, Black",EGP 799.00,,0%,,,
phones,Benco V91C - 128GB/4GB - Space Grey,"EGP 3,555.00",,0%,,,
phones,"Nokia 5310 TA-1212 Dual SIM Mobile - 2.4 Inch, 16 MB, 8 MB RAM, 4G LTE - Black And Red","EGP 1,394.00","EGP 1,883.12",26%,,,3.4 out of 5(11)
phones,Vivo Vivo Y04 Dual SIM 4G 64GB/4GB - Green,"EGP 4,750.00","EGP 6,666.30",29%,,,
phones,Samsung A26 Galaxy 8GB - 256GB - 5G  White,"EGP 13,640.00","EGP 17,010.00",20%,,,5 out of 5(1)
phones,"Honor X7d 4G Dual SIM , 8GB RAM , 256GB ROM ,  VELVET BLACK","EGP 8,669.00","EGP 15,000.00",42%,,,
phones,Apple iPhone 16e 128GB Black Tax Paid Warranty 2 Years,"EGP 39,900.00",,0%,,,
phones,Itel A50 4G - 128GB/3GB - Shimmer Gold,"EGP 3,533.00",,0%,,,
phones,XIAOMI Redmi Note 14 - Dual SIM 4G 256GB/8GB Mobile Phone - Midnight Black,"EGP 10,129.00","EGP 11,650.00",13%,,,
phones,OPPO Reno 14 Pro Dual Sim 12GB Ram 512GB 5G - Middle East Version - Titanium Gray,"EGP 39,215.00","EGP 49,000.00",20%,,,
phones,Tornado Air Fryer Dual Cook 8 Liter - 2500 Watt Digital Screen- Black * Silver - THF2508DUBS,"EGP 5,999.00","EGP 8,299.00",28%,,,
phones,"XIAOMI Redmi Note 14 Pro Plus Dual SIM, 256GB, 12GB RAM, 5G - Midnight Black","EGP 22,140.00","EGP 27,000.00",18%,,,
phones,realme P1 Pro - Dual SIM 5G 256GB/12GB Mobile Phone - Parrot Blue,"EGP 14,169.00","EGP 16,290.00",13%,,,5 out of 5(1)
phones,Boya Mini 17 For Type-C Device - Black,"EGP 1,200.00","EGP 1,699.00",29%,,,
phones,XIAOMI Redmi Note 14 Dual SIM 4G 128GB/8GB - Lime Green,"EGP 9,222.00","EGP 10,500.00",12%,,,
phones,"Honor X7d Dual SIM, 256GB, 8GB RAM, 4G LTE - Desert Gold","EGP 9,119.00","EGP 10,490.00",13%,,,
phones,"Glitter Mobile Phone Chain, Glitter Mobile Phone Strap, Universal Lanyard, Glitter Mobile Phone Chain for Hanging, Long Glitter for Cell Phones and Cameras and Key Ring, ID Card Holder_Blue",EGP 159.60,EGP 280.00,43%,,,
phones,"XIAOMI Redmi Note 14 Pro Plus Dual SIM, 512GB, 12GB RAM, 5G - Sand Gold","EGP 23,259.00","EGP 26,750.00",13%,,,
phones,"Samsung Galaxy S25 Ultra ,5G, 12GB, 256GB , single SIM, Titanium Black","EGP 61,999.00","EGP 68,248.95",9%,,,
phones,"Vivo Y19s Pro Dual SIM , 6GB RAM , 256GB , 4G -Black","EGP 7,551.00","EGP 15,000.00",50%,,,5 out of 5(1)
phones,"Infinix Note 50S Dual SIM, 256GB, 8GB RAM, 5G - Titanium Grey","EGP 12,649.00","EGP 14,550.00",13%,,,5 out of 5(1)
phones,iLOCK 60W Dual Port Car Fast Charger - USB-C & USB-A - PD 30W + QC 30W - LED Indicator - Black,EGP 379.00,EGP 455.00,17%,,,5 out of 5(1)
phones,"Redmi Xiaomi 15C, 8GB Ram, 256GB - Moonlight Blue","EGP 7,205.00","EGP 8,999.00",20%,,,
phones,Honor X8c Dual SIM 4G 256GB/8GB - Midnight Black,"EGP 10,999.00","EGP 12,810.00",14%,,,2 out of 5(1)
phones,"XIAOMI Redmi 15C Dual SIM, 128GB, 6GB RAM, 4G LTE - Moonlight Blue","EGP 6,099.00","EGP 7,230.00",16%,,,
phones,realme C71 Dual SIM 4G 128GB/4GB - Forest Owl,"EGP 6,570.00","EGP 12,000.00",45%,,,1 out of 5(1)
phones,Boya Mini 16 For IOS Device - Black,"EGP 1,200.00","EGP 1,699.00",29%,,,
phones,Samsung Galaxy M55 5G Android Dual SIM 8GB RAM 256GB Storage Green 1 Year Warranty Local Version,"EGP 16,999.00",,0%,,,
phones,Samsung Galaxy A55 5G - 128GB/8GB - Awesome Iceblue,"EGP 17,366.00",,0%,,,
phones,realme C75 Dual-SIM 4G 256GB/8GB Mobile Phone 6.7 Inches - Lightning Gold,"EGP 9,619.00","EGP 11,060.00",13%,,,4.3 out of 5(3)
phones,"Vivo V60 lite Dual SIM, 256GB, 12GB RAM, 5G - Blue","EGP 16,800.00",,0%,,,
phones,OPPO A5i Pro 5G - 256GB/8GB - Midnight Purple,"EGP 12,245.00",,0%,,,
phones,"Honor X9c - 6.7"" 256GB/12GB Dual SIM 5G Mobile Phone - Jade Cyan","EGP 16,222.00",,0%,,,
phones,XIAOMI Redmi 15C – 6GB RAM 128GB – Midnight Black,"EGP 6,900.00",,0%,,,
phones,XIAOMI Redmi 15 4G - 256GB/8GB - Midnight Black,"EGP 8,340.00",,0%,,,
phones,CD Game FC 2026 For PlayStation 5 - Arabic Edition,"EGP 3,299.00","EGP 3,464.00",5%,,,
phones,"Infinix XPAD 20 11.0"" Inch Single SIM 4G 128GB/6GB - Dreamy Purple","EGP 7,099.00","EGP 7,999.00",11%,,,1 out of 5(1)
phones,"Samsung A56 Galaxy Dual SIM, 256GB, 8GB RAM, 5G - Pink","EGP 21,175.00","EGP 29,500.00",28%,,,5 out of 5(1)
phones,Samsung Galaxy S25 Ultra Dual SIM 5G - 256GB/12GB - 6.9 Inch Mobile Phone Titanium Black,"EGP 66,000.00","EGP 81,000.00",19%,,,
phones,Nokia 105 Black 4G Mobile,EGP 880.00,,0%,,,
phones,realme Note 70 - 6.74 Inch 4GB-128GB Dual SIM 4G Mobile Phone - Obsidian Black,"EGP 5,899.00","EGP 8,490.00",31%,,,5 out of 5(2)
phones,"Vivo V60 lite Dual SIM, 256GB, 8GB RAM, 5G - Titanium Mist Blue","EGP 15,169.00","EGP 17,440.00",13%,,,
phones,"CH Magic Removable Cell Phone Chain, Phone Case Hanging Rope, Luxury Crystal Studded Holder, Stylish and Fashionable Design for Phones and Earphones – Silver",EGP 180.00,EGP 250.00,28%,,,5 out of 5(1)
phones,Honor X7d Dual SIM 8GB RAM 256GB 5G Velvet Black - Middle East Version,"EGP 10,830.00",,0%,,,5 out of 5(1)
phones,"Samsung Galaxy A56 Dual SIM, 256GB, 8GB RAM, 5G - Awesome Light Gray","EGP 22,469.00","EGP 25,840.00",13%,,,
phones,Honor X9d Dual SIM 5G 256GB/12GB - Forest Green,"EGP 17,599.00","EGP 19,999.00",12%,,,
phones,Braun HD2.1 Hair Dryer 2100 Watt - White - BRHD210E,"EGP 2,399.00","EGP 2,519.00",5%,,,
phones,"XIAOMI Poco C85 Dual Sim – 256GB, 8GB Ram, 4G - Green","EGP 7,028.00","EGP 15,000.00",53%,,,
phones,OPPO A5 Dual Sim 4G LTE - 128GB - 6GB Ram - Mist White,"EGP 8,442.50","EGP 10,444.00",19%,,,
phones,EvancyStore Handmade Mobile chain White with Blue eyes,EGP 85.00,,0%,,,
phones,Samsung Galaxy A56 5G - 6.7 inch 12GB-256GB Dual Sim Mobile Phone-Awesome Lightgray,"EGP 24,990.00","EGP 29,999.00",17%,,,
phones,"Infinix Smart 10 Dual SIM, 64GB, 3GB RAM, 4G LTE - Twilight Gold","EGP 3,729.00","EGP 4,290.00",13%,,,5 out of 5(2)
phones,"Samsung Galaxy S25 Ultra ,5G, 12GB, 256GB , single SIM,Titaniuim White Silver","EGP 61,999.00","EGP 68,248.95",9%,,,
phones,"Nokia 108 Feature Phone - Robust Design, Long Battery, Easy Keyboard","EGP 1,793.00","EGP 2,000.00",10%,,,
phones,"OPPO A5 Dual SIM, 128GB, 6GB RAM, 4G LTE - Mist White","EGP 8,599.00","EGP 9,890.00",13%,,,
phones,Itel A50 Dual SIM 4G 128GB/3GB - Cyan Blue,"EGP 3,699.00","EGP 4,513.30",18%,,,
phones,Apple iPhone 16e 128GB White Tax Paid Warranty 2 Years,"EGP 39,900.00",,0%,,,
phones,"Vivo Y29 Dual SIM, 128GB, 8GB RAM, 4G LTE - Elegant White","EGP 8,599.00","EGP 9,890.00",13%,,,
phones,O Accessories Chain Mobile Phone Strap Of Colored Beads,EGP 100.00,,0%,,,
phones,OPPO Reno14 5G - 256GB/12GB - Opal White,"EGP 27,260.00",,0%,,,
phones,"Samsung Galaxy A17 - 6.7"" 128GB/4GB Dual SIM 4G Mobile Phone - Black","EGP 7,727.50","EGP 9,777.00",21%,,,
phones,Apple iPhone 15 128GB Black Tax Paid Warranty 2 Years,"EGP 47,700.00",,0%,,,
phones,"Infinix Hot 60i  Dual Sim 128GB, 6GB Ram,4G black","EGP 5,445.00","EGP 6,888.00",21%,,,
phones,"Hmd Aura 2 Dual SIM Mobile, 256GB Internal Memory, 4GB RAM, 4G LTE, Ice Blue","EGP 4,509.00","EGP 5,190.00",13%,,,
phones,Vivo V50 Lite 12GB 256GB RAM 5G LTE Dual SIM - Black,"EGP 15,777.00","EGP 21,061.00",25%,,,5 out of 5(1)
phones,Samsung Galaxy A56 Dual SIM 5G 128GB/8GB 6.7 inches Mobile phone - Awesome Olive,"EGP 19,399.00","EGP 20,765.85",7%,,,3 out of 5(2)
phones,"Vivo Mobile Y29 Dual SIM , 256GB Memory, 8GB RAM, 4G , BROWN","EGP 9,425.00","EGP 15,000.00",37%,,,
phones,OPPO Reno14 Pro 5G - 512GB/12GB - Opal White,"EGP 40,273.00",,0%,,,
phones,"Wireless CarPlay USB and USB-C Adapter, Compatible with iPhone and Android Phones, Supports CarPlay and Android Auto","EGP 1,650.00","EGP 2,500.00",34%,,,
phones,Infinix Smart 10 Dual SIM 4G 128GB/4GB - Iris Blue,"EGP 4,285.00",,0%,,,
phones,"Samsung Galaxy S25 Ultra ,5G, 12GB, 256GB , single SIM, Titanuim Silver Blue","EGP 62,999.00","EGP 68,248.95",8%,,,
phones,XIAOMI Redmi Note 14 Pro Mobile Phone - 6.7 Inches - Dual SIM 4G256GB/8GB -Aurora Purple,"EGP 14,080.00","EGP 17,777.00",21%,,,5 out of 5(1)
phones,"realme C75 256GB/8GB- 6.72""  Dual SIM 4G Mobile Phone - Gold","EGP 9,499.00","EGP 11,500.00",17%,,,3 out of 5(2)
phones,Samsung Galaxy A06 - 6.7-inch 6GB/128GB Dual Sim 4G - Mobile Phone - Light Blue,"EGP 6,089.00","EGP 7,000.00",13%,,,3.7 out of 5(3)
phones,"XIAOMI Redmi 15C - 6.8"" 128GB/6GB Dual SIM 4G Mobile Phone - Global Version","EGP 6,490.00","EGP 8,300.00",22%,,,
phones,Ldnio CAR CHARGER USB AND TYP-C (C103)+CABLE MICRO,EGP 380.00,,0%,,,
phones,Itel A90 4G - 256GB/4GB - Space Titanium,"EGP 4,433.00",,0%,,,
phones,Fresh Microwave Digital 25 Liter 850 Watt - Black - FMW-25kc-BW,"EGP 5,129.00","EGP 5,386.00",5%,,,
phones,Itel A90 4G - 64GB/3GB - Starlit Black,"EGP 3,273.00",,0%,,,1 out of 5(1)
phones,Samsung Galaxy A17 8GB-256GB Mobile Phone Dual SIM 4G - Black,"EGP 10,150.00",,0%,,,
phones,"Apple iPhone 17 Pro Max 256GB Cosmic Orange 5G (Nano SIM + eSIM) With FaceTime - International Version,","EGP 104,000.00","EGP 107,000.00",3%,,,
phones,"realme C71 6GB Ram, 128GB - White Swan","EGP 6,940.00","EGP 8,699.00",20%,,,
phones,"Honor X6c Dual SIM, 128GB, 6GB RAM, 4G LTE - Midnight Black","EGP 5,799.00","EGP 6,800.00",15%,,,5 out of 5(2)
phones,"Samsung Galaxy A17 Dual SIM , 256GB, 8GB RAM, 4G LTE - Black","EGP 10,120.00","EGP 18,000.00",44%,,,
phones,"realme C75X Dual SIM, 128GB, 6GB RAM, 4G LTE - Coral Pink","EGP 7,395.00",,0%,,,
phones,"Nothing CMF Phone 1 Dual SIM, 128GB, 8GB RAM, 5G - Light Green","EGP 11,639.00","EGP 13,380.00",13%,,,
phones,"realme C75 128GB/8GB- 6.72""  Dual SIM 4G Mobile Phone - Gold","EGP 8,340.00","EGP 8,749.00",5%,,,
phones,"Vivo Vivo Y19s Pro Dual SIM, 6GB RAM, 256GB, 4G - Silver","EGP 7,551.00","EGP 15,000.00",50%,,,
phones,Samsung Galaxy S25 Ultra Dual SIM 5G 512GB/12GB - 6.9 inch Mobile Phone Titanium GRAY,"EGP 70,400.00","EGP 88,666.00",21%,,,
phones,Apple iPhone 17 Pro Max 256GB - Cosmic Orange,"EGP 96,000.00",,0%,,,
phones,"realme C75X Dual SIM, 128GB, 6GB RAM, 4G LTE - Coral Pink","EGP 7,599.00","EGP 8,740.00",13%,,,
phones,TENTECH Rhinestone Anti-Theft Shiny Universal Crossbody Phone Chain with Mount Pad for Most Phones and Diamond Studded Neck Holder for Women – Star light,EGP 185.00,EGP 250.00,26%,,,
phones,"OPPO A5 Dual SIM, 128GB, 6GB RAM, 4G LTE - Aurora Green","EGP 8,380.00",,0%,,,
phones,Zanussi Automatic Washing Machine Digital Steam Max 7 KG - Motor Inverter - 1200RPM Front load - Silver -Zwf7221Ss7,"EGP 17,999.00","EGP 18,899.00",5%,,,
phones,"OPPO A6 Pro 4G Dual SIM , 8GB RAM, 256GB -  Stellar Blue","EGP 14,043.00","EGP 20,000.00",30%,,,
phones,"Vivo Vivo Y29 Dual SIM, 128GB, 8GB RAM, 4G LTE - Noble Brown","EGP 8,050.00",,0%,,,4.5 out of 5(2)
phones,Apple iPhone 17 Pro Max 2TB Cosmic Orange 5G (eSim only) With FaceTime - International Version,"EGP 132,999.00","EGP 150,000.00",11%,,,
phones,"Infinix Smart 10 Dual SIM, 64GB, 3GB RAM, 4G LTE - Iris Blue","EGP 3,695.00",,0%,,,
phones,"Samsung GALAXY A07 Dual Sim, 6GB RAM 128GB ROM  - BLACK","EGP 7,200.00","EGP 12,000.00",40%,,,
phones,Vivo Vivo V60 5G Dual Sim 256GB 12GB RAM - Gold,"EGP 25,670.00","EGP 32,000.00",20%,,,
phones,XIAOMI Redmi 15 4G - 256GB/8GB - Sandy Purple,"EGP 8,394.00",,0%,,,
phones,Samsung Galaxy A17 - 128GB/6GB - Black,"EGP 8,357.00",,0%,,,5 out of 5(1)
phones,"XIAOMI Redmi A5 Dual SIM, 128GB, 4GB RAM, 4G LTE - Lake Green","EGP 5,079.00","EGP 5,840.00",13%,,,
phones,"OPPO A6 Pro 5G Dual SIM , 8GB RAM, 256GB -  Stellar Blue","EGP 15,958.00","EGP 20,000.00",20%,,,
phones,"Infinix  SMART 10–Titanium Silver""120Hz LCD Display 6.67 inches,4+4GB RAM, 128GB Storage,8MP Front & Rear Camera, IP64, 5000mAh,Type-C, Android 15, Dual SIM, 24Month Warranty, 6 month screen Warranty","EGP 4,466.00",,0%,,,
phones,"Honor X8c Dual SIM, 512GB, 8GB RAM, 4G LTE - Midnight Black","EGP 13,149.00","EGP 15,120.00",13%,,,
phones,Vivo Vivo Y04 Dual SIM 4G 128GB/4GB - Green,"EGP 5,430.00","EGP 7,605.90",29%,,,
phones,"CH Magic Removable Cell Phone Chain, Phone Case Hanging Rope, Luxury Crystal Studded Holder, Stylish and Fashionable Design for Phones and Earphones – Multi",EGP 180.00,EGP 250.00,28%,,,5 out of 5(1)
phones,"XIAOMI Redmi 15 Dual SIM, 256GB, 8GB RAM, 4G LTE - Sandy Purple","EGP 8,509.00","EGP 9,790.00",13%,,,
phones,Apple iPhone 16 Pro Max 256GB Desert Titanium Tax Paid Warranty 2 Years,"EGP 83,315.00","EGP 87,700.00",5%,,,
phones,XIAOMI Redmi Note 14 Pro+ Dual SIM 5G 512GB/12GB Mobile Phone - Midnight Black,"EGP 23,259.00","EGP 26,750.00",13%,,,
phones,Samsung Galaxy S25 Ultra Dual SIM 5G 512GB/12GB - 6.9 Inch Mobile Phone Titanium Black,"EGP 70,400.00","EGP 88,666.00",21%,,,5 out of 5(1)
phones,"OPPO A6 Pro 5G Dual SIM , 8GB RAM, 256GB - Rosewood Red","EGP 15,620.00",,0%,,,
phones,"Majentik CarPlay & Android Auto Wireless Adapter – Stable Fast Connection Wireless Adapter for CarPlay/Android Auto - Ultimate Performance: Unbeatable Stability, Low Latency, Siri/Google Assistant","EGP 2,095.00",,0%,,,
phones,OPPO Reno 14 Pro Dual SIM 5G 512GB/12GB - Opal White,"EGP 38,240.00","EGP 45,000.00",15%,,,
phones,Honor 400 Dual SIM 5G Smartphone - 256GB/12GB - Gold,"EGP 21,010.00","EGP 22,000.00",5%,,,
phones,Samsung Galaxy A36 Dual SIM 5G 256GB/8GB Mobile Phone - Awesome White,"EGP 18,199.00","EGP 20,930.00",13%,,,
phones,"OPPO Reno14 F Dual SIM, 256GB, 12GB RAM, 5G - Opal Blue","EGP 19,707.00","EGP 28,000.00",30%,,,5 out of 5(3)
phones,EvancyStore Handmade Mobile chain Gold,EGP 100.00,,0%,,,5 out of 5(1)
phones,"OPPO A5i Dual SIM, 128GB, 4GB RAM, 4G LTE - Nebula Red","EGP 6,689.00","EGP 7,690.00",13%,,,
phones,"Car Mount Holder with Auto-Lock, Adjustable and Rotating, Compatible with All Phones, Bat Design (Black Red)",EGP 129.00,,0%,,,
phones,OPPO A5 Ram 8 / 256 Mist White,"EGP 9,740.00","EGP 13,000.00",25%,,,
phones,"Car play Mini , Wireless Carplay Adapter, For Cars With Built-in Apple Car Play & Android Auto, Convert Wired to Wireless CarPlay & Android Auto","EGP 1,595.00",,0%,,,
phones,realme Note 60X Dual-SIM 4G 128GB/4GB Mobile Phone - Marble Black,"EGP 5,379.00","EGP 6,190.00",13%,,,3 out of 5(1)
phones,Samsung Galaxy A56 Dual SIM 5G 256GB/8GB Mobile Phone - Awesome olive,"EGP 20,899.00","EGP 23,538.90",11%,,,
phones,realme C75 Dual-SIM 4G 128GB/8GB Mobile Phone 6.7 Inches - Lightning Gold,"EGP 8,609.00","EGP 9,900.00",13%,,,
phones,realme C71 - 6.67 Inch  128GB-4GB RAM Dual SIM 4G Mobile Phone - White Swan,"EGP 6,444.00","EGP 7,999.00",19%,,,
phones,"Honor HonorX5c Plus Dual SIM, 128GB, 4GB RAM, 4G LTE - Ocean Cyan","EGP 4,649.00","EGP 5,500.00",15%,,,
phones,Apple iPhone 16 Pro 128GB Black Titanium Tax Paid Warranty 2 Years,"EGP 66,405.00","EGP 69,900.00",5%,,,
phones,realme C71 - 6.67 Inch-6GB-128GB RAM Dual SIM 4G Mobile Phone - White Swan,"EGP 6,849.00","EGP 8,999.00",24%,,,3 out of 5(2)
phones,"realme C71 Dual SIM, 128GB, 4GB RAM, 4G LTE - Forest Owl","EGP 6,490.00",,0%,,,
phones,"realme C75X Dual SIM, 128GB, 6GB RAM, 4G LTE - Oceanic Blue","EGP 7,599.00","EGP 8,740.00",13%,,,
phones,realme 14 Pro - 6.77 Inches - Dual SIM 5G Mobile Phone 256GB-12GB - Grey,"EGP 21,499.00",,0%,,,
phones,"OPPO A5X Dual SIM, 128GB, 4GB RAM, 4G LTE - Midnight Blue","EGP 7,589.00","EGP 8,730.00",13%,,,
phones,Motorola G56 Dual SIM 5G 256GB/12GB - Dazzling Blue,"EGP 11,499.00","EGP 15,910.00",28%,,,
phones,Samsung A36 Galaxy 8GB - 128GB - 5G White,"EGP 15,400.00","EGP 19,100.00",19%,,,1 out of 5(1)
phones,Samsung Galaxy A05s - 6.7 Inches -128GB-4GB Ram–4G Double Sim Mobile –Black,"EGP 5,790.00","EGP 8,999.00",36%,,,4.1 out of 5(45)
phones,XIAOMI Note 14 Dual SIM 8GB 128GB 4G -Midnight Black,"EGP 9,210.50","EGP 11,444.00",20%,,,
phones,"Infinix Hot 60i Dual SIM, 128GB, 6GB RAM, 4G LTE - Titanium Silver","EGP 5,440.00",,0%,,,
phones,Motorola G56 Dual SIM 5G 256GB/12GB - Black Oyster,"EGP 11,499.00","EGP 15,999.00",28%,,,5 out of 5(1)
phones,"realme C71 Dual SIM, 128GB, 4GB RAM, 4G LTE - White Swan","EGP 6,689.00","EGP 7,690.00",13%,,,
phones,XIAOMI Redmi 13 - 128GB/8GB - Sandy Gold,"EGP 7,075.00",,0%,,,
phones,realme 15 Pro 5G - 256GB/12GB - Flowing Silver,"EGP 26,050.00",,0%,,,
phones,Apple iPhone 15 Plus 128GB Black Tax Paid Warranty 2 years,"EGP 52,773.00","EGP 55,550.00",5%,,,
phones,"Honor 400 Pro Dual SIM, 512GB, 12GB RAM, 5G - Lunar Grey","EGP 35,079.00","EGP 40,340.00",13%,,,
phones,realme 15 5G Dual SIM Silk Pink 12GB RAM 256GB,"EGP 19,270.00","EGP 23,895.00",19%,,,
phones,"Infinix Hot 60 Pro Plus Dual Sim – 256GB , 8+8GB Ram, 4G - Titanium Silver","EGP 10,719.00","EGP 16,000.00",33%,,,
phones,"Honor HonorX7d Dual SIM, 256GB, 8GB RAM, 4G LTE - Meteor Silver","EGP 8,999.00","EGP 9,900.00",9%,,,
phones,"Honor 400 Pro Dual SIM, 512GB, 12GB RAM, 5G - Lunar Grey","EGP 34,650.00","EGP 42,999.00",19%,,,
phones,"Samsung Galaxy M55 Dual SIM, 128GB, 8GB RAM, 5G - Black","EGP 12,777.00","EGP 19,888.00",36%,,,
phones,Car Anti Slip Pad & Mobile Holder,EGP 555.00,,0%,,,
phones,"Apple iPhone 16 128GB Black, Tax Paid, Warranty 2 years","EGP 54,900.00",,0%,,,
phones,Vivo Vivo V50 Dual SIM 5G 256GB/12GB Mobile Phone - Starry Night,"EGP 23,759.00","EGP 27,320.00",13%,,,
phones,"Silicone Sticky Grip, Suction Cup Phone Holder for iPhone and Android, Hands Free Adhesive Phone Grip, Phone Mirror Holder for Selfie and Videos (Red)",EGP 90.00,,0%,,,5 out of 5(1)
phones,OPPO Reno14 F 5G - 256GB/12GB - Opal Blue,"EGP 19,749.00",,0%,,,
phones,"Hmd Arc Single SIM, 64GB, 4GB RAM, 4G LTE - Electric Purple","EGP 3,389.00","EGP 3,900.00",13%,,,
phones,Samsung Tab A9 8.7 Inch Single SIM 4G 64GB/4GB - Tablet - Silver,"EGP 7,555.00","EGP 10,300.00",27%,,,5 out of 5(1)
phones,Infinix GT30 Pro Dual SIM 5G 512GB/12GB - Dark Flare,"EGP 18,999.00","EGP 19,090.00",1%,,,
phones,Honor 400 Pro Dual SIM 5G 512GB/12GB - Midnight Black,"EGP 34,100.00","EGP 36,000.00",5%,,,
phones,"Samsung Galaxy S25 Ultra Dual SIM , 1TB, 12GB RAM, 5G - Titanium Silver Blue","EGP 83,629.00","EGP 99,000.00",16%,,,
phones,Itel A90 Dual SIM 3GB RAM 128 GB 4G - STARLIT BLACK,"EGP 3,772.00","EGP 9,000.00",58%,,,
phones,"realme C75X Dual SIM, 256GB, 8GB RAM, 4G LTE - Coral Pink","EGP 9,119.00","EGP 10,490.00",13%,,,
phones,Itel A90 Dual SIM 4G 64GB/3GB - Starlit Black,"EGP 3,399.00","EGP 3,999.00",15%,,,
phones,OPPO A5 Dual SIM Aurora Green 6GB RAM 128GB 4G - Middle East Version,"EGP 8,442.50","EGP 10,444.00",19%,,,
phones,"Vivo V60 lite Dual SIM, 256GB, 12GB RAM, 5G - Titanium Mist Blue","EGP 17,189.00","EGP 19,770.00",13%,,,
phones,"Tecno SPARK GO1, 4G LTE 128GB Titanium Gold - Middle East Version","EGP 4,000.00",,0%,,,
phones,realme realme-note-70-dual-sim-128gb-4gb-ram-4g-lte-black,"EGP 5,885.00",,0%,,,
phones,XIAOMI POCO C85 8+256 Black,"EGP 6,999.00","EGP 8,000.00",13%,,,
phones,Motorola Moto G85 - 6.67-inch 256GB/12GB Dual SIM 5G Mobile Phone - Cobalt Blue,"EGP 13,159.00","EGP 15,130.00",13%,,,5 out of 5(1)
phones,"XIAOMI Redmi 15 Dual SIM, 256GB, 8GB RAM, 4G LTE - Titan Grey","EGP 8,509.00","EGP 9,790.00",13%,,,
phones,Honor honor-x9d-dual-sim-256gb-12gb-ram-5g-midnight-black,"EGP 16,998.00",,0%,,,
phones,"Infinix Hot 60i  Dual Sim 128GB, 6GB Ram,4G Coral Tides","EGP 5,445.00","EGP 6,888.00",21%,,,
phones,"Samsung Galaxy A17 Dual SIM, 128GB, 6GB RAM, 4G - Black","EGP 8,549.00","EGP 9,830.00",13%,,,
phones,OPPO Reno14F Dual SIM 12GB RAM 256GB - 5G Middle East Version - Luminous Green,"EGP 19,525.00","EGP 24,388.00",20%,,,
phones,XIAOMI Redmi Note 12 - 128GB/8GB - Mint Green,"EGP 8,101.00",,0%,,,
phones,"Vivo V60 Dual SIM, 256GB, 12GB RAM, 5G - Auspicious Gold","EGP 26,279.00","EGP 30,220.00",13%,,,
phones,"Samsung Galaxy A36 Dual SIM, 128GB, 8GB RAM, 5G , Awesome Lime","EGP 14,999.00","EGP 15,748.95",5%,,,5 out of 5(1)
phones,Samsung Galaxy A36 5G - 6.7-inch 8GB-256GB Dual Sim - Mobile Phone   Awesome Back,"EGP 16,990.00","EGP 21,999.00",23%,,,5 out of 5(1)
phones,Itel A90 Dual SIM 4G 128GB/3GB - Starlit Black,"EGP 3,799.00","EGP 4,449.00",15%,,,
phones,Apple iPhone 17 Pro Max 512 GB Silver 5G (eSim only) With FaceTime - Japanese Version,"EGP 102,799.00","EGP 130,000.00",21%,,,
phones,Itel A50 4G - 128GB/3GB - Lime Green,"EGP 3,555.00",,0%,,,
phones,realme Note 60x - 6.74 Inch 64GB-3GB Dual SIM 4G Mobile Phone - Wilderness Green,"EGP 4,499.00","EGP 5,990.00",25%,,,3 out of 5(2)
phones,"Honor X8c Dual SIM, 512GB, 8GB RAM, 4G LTE - Moonlight White","EGP 13,149.00","EGP 15,120.00",13%,,,
phones,Phone Adhesive - Removable and Washable Phone Holder for All Smooth Surfaces - Double Sided 48 Suction Cups [M] - Blue,EGP 89.90,,0%,,,3.3 out of 5(3)
phones,"Infinix Hot 60 Pro Dual SIM, 256GB, 8GB RAM, 4G - Sleek Black","EGP 8,669.00","EGP 9,970.00",13%,,,
phones,"XIAOMI Redmi Note 14 Pro Dual SIM, 256GB, 8GB RAM, 4G LTE - Sand Gold","EGP 14,669.00","EGP 16,870.00",13%,,,
phones,OPPO Oppo Reno13 5G - 256GB/12GB - Plume White,"EGP 23,905.00",,0%,,,
phones,Honor X7d Dual SIM 5G 256GB/8GB - Meteor Silver,"EGP 10,835.00","EGP 13,555.00",20%,,,
phones,Apple iPhone 16 Pro 256GB Desert Titanium Tax Paid Warranty 2 Years,"EGP 72,200.00","EGP 76,000.00",5%,,,
phones,"OPPO Find X 9 pro Dual SIM, 512GB, 16GB RAM, 5G - Silk White","EGP 62,138.00","EGP 80,000.00",22%,,,
phones,Samsung Galaxy A17 - 128GB/4GB - Black,"EGP 7,951.00",,0%,,,
phones,realme realme-15-pro-5g-dual-sim-velvet-green-12gb-ram-256gb,"EGP 25,820.00",,0%,,,
phones,"Honor X7d Dual SIM, 256GB, 8GB RAM, 5G - Meteor Silver","EGP 11,089.00","EGP 12,750.00",13%,,,
phones,Vivo vivo-v60-lite-dual-sim-256gb-12gb-ram-5g-black,"EGP 16,165.00",,0%,,,5 out of 5(1)
phones,"XIAOMI Redmi 15C - 6.8"" 128GB/6GB Dual SIM 4G Mobile Phone - Orange","EGP 6,490.00","EGP 8,300.00",22%,,,
phones,XIAOMI Redmi 13 - 128GB/6GB - Midnight Black,"EGP 7,185.00",,0%,,,
phones,"XIAOMI Redmi A5 Dual SIM, 64GB, 4GB RAM, 4G LTE - Ocean Blue","EGP 4,469.00","EGP 5,140.00",13%,,,
phones,"Infinix Hot 60 Pro+ 8GB Ram, 256GB - Coral Tides","EGP 10,777.00","EGP 13,999.00",23%,,,
phones,"Girasole G30-2.4-inch Dual SIM Mobile Phone - Red, Earphone Free, 12 Months Warranty",EGP 780.00,,0%,,,4 out of 5(1)
phones,Vivo Y04 64GB 4GB 4G LTE Dual SIM  Dark Green,"EGP 4,895.00","EGP 6,000.00",18%,,,4 out of 5(1)
phones,OPPO A6 Pro 5G - 256GB/8GB - Rosewood Red,"EGP 15,797.00",,0%,,,
phones,"Samsung Galaxy A26 Dual SIM, 128GB, 6GB RAM, 5G - Black","EGP 12,639.00","EGP 14,530.00",13%,,,
phones,"XIAOMI Redmi 15 Dual SIM, 256GB, 8GB RAM, 4G LTE - Midnight Black","EGP 8,509.00","EGP 9,790.00",13%,,,
phones,Huawei Nova 13 12GB RAM and 256GB internal storage,"EGP 19,999.00",,0%,,,
phones,XIAOMI Redmi Note 14 Pro Mobile Phone - 6.7 Inches - Dual SIM 4G256GB/8GB - Ocean Blue,"EGP 14,080.00","EGP 17,777.00",21%,,,
phones,"Apple iPhone 17 Pro Max 512 GB Cosmic Orange 5G (eSim only) With FaceTime - International Version,","EGP 103,999.00","EGP 110,000.00",5%,,,
phones,Samsung A36 Galaxy 8GB - 256GB - 5G Awesome Lime,"EGP 16,940.00","EGP 21,060.00",20%,,,5 out of 5(1)
phones,OPPO A5 8GB RAM 256GB ROM - AURORA GREEN,"EGP 9,495.00",,0%,,,5 out of 5(1)
phones,realme 14T Dual SIM 5G 256GB/8GB Mobile Phone - Obsidian Black,"EGP 13,869.00","EGP 15,950.00",13%,,,
phones,Vivo vivo-v60-lite-dual-sim-256gb-8gb-ram-5g-titanium-mist-blue,"EGP 15,160.00",,0%,,,
phones,"Vivo Vivo Mobile Y04 Dual SIM, 64GB, 4GB RAM, 4G LTE - Titanium Gold","EGP 5,004.00","EGP 10,000.00",50%,,,5 out of 5(1)
phones,"Glitter Mobile Phone Chain, Glitter Mobile Phone Strap, Universal Lanyard, Glitter Mobile Phone Chain for Hanging, Long Glitter for Cell Phones and Cameras and Key Ring, ID Card Holder_Pink",EGP 159.60,EGP 280.00,43%,,,
phones,realme Note 60x Dual SIM 4G 64GB/3GB Mobile Phone - Wilderness Green,"EGP 4,669.00","EGP 5,370.00",13%,,,
phones,Vivo Vivo Y29 Dual-SIM 4G Mobile Phone 256GB/8GB - Noble Brown,"EGP 9,609.00","EGP 11,050.00",13%,,,
phones,realme Note 70 - 6.74 Inch 4GB-128GB Dual SIM 4G Mobile Phone - Beach Gold,"EGP 5,880.00",,0%,,,
phones,"Samsung Galaxy M55 Dual SIM, 256GB, 8GB RAM, 5G - Black","EGP 14,619.00","EGP 16,810.00",13%,,,
phones,XIAOMI Poco X7 Pro Dual SIM 5G 512GB/12GB - Green,"EGP 19,879.00","EGP 22,999.00",14%,,,
phones,iLOCK Universal Travel Adapter - US to UK/EU/AUS - Compact & Portable - White,EGP 210.00,EGP 215.00,2%,,,
phones,XIAOMI Redmi A5 4G Dual SIM 4GB RAM 128GB - Global Version Midnight Black,"EGP 5,060.00","EGP 6,233.00",19%,,,
phones,XIAOMI Redmi Note 14 Dual SIM 4G 256GB/8GB - Lime Green,"EGP 9,999.00","EGP 12,200.00",18%,,,
phones,Mienta Chopper 450 Watt 1.5 Liters - CH23838A,EGP 799.00,EGP 839.00,5%,,,
phones,"Infinix Note 50S Dual SIM, 256GB, 8GB RAM, 5G - Ruby Red","EGP 12,649.00","EGP 14,550.00",13%,,,5 out of 5(1)
phones,Motorola Edge 60 Fusion - 256GB/12GB - Grey,"EGP 17,580.00",,0%,,,
phones,Aspor A902C Car Charger with USB Type-C Cable - White,EGP 125.00,,0%,,,4.3 out of 5(3)
phones,XIAOMI Redmi 15  8GB-256GB Mobile phone 4G Dual SIM- Midnight Black,"EGP 8,335.00","EGP 10,999.00",24%,,,
phones,Honor Magic V3 Dual SIM 5G 512GB/12GB - Green,"EGP 70,984.00","EGP 77,000.00",8%,,,
phones,"Infinix Xpad X1101B Tablet 11 Inch, 128GB, 4GB RAM, Wi-Fi Only - Stellar Grey","EGP 8,109.00","EGP 9,330.00",13%,,,4 out of 5(1)
phones,"Infinix Note 50S Dual SIM, 256GB, 8GB RAM, 5G - Marine Blue","EGP 12,649.00","EGP 14,550.00",13%,,,
phones,"Samsung Galaxy A26 Dual SIM, 256GB, 8GB RAM, 5G - Peach Pink","EGP 14,609.00","EGP 16,800.00",13%,,,5 out of 5(2)
phones,"Infinix Hot 60 Pro Dual SIM, 256GB, 8GB RAM, 4G LTE - Sleek Black","EGP 9,370.00",,0%,,,
phones,"XIAOMI Redmi Note 14 Pro - 512GB/12GB, 6.67 Inch - Ocean Blue","EGP 15,950.00","EGP 19,888.00",20%,,,
phones,"Samsung  Galaxy A17 Dual SIM, 128GB, 6GB RAM, 4G - Black","EGP 8,300.00",,0%,,,
phones,realme C71 Dual SIM 4G 128GB/4GB - White Swan,"EGP 6,570.00","EGP 12,000.00",45%,,,
phones,TAG-PHONE Special Smart Phone 6.52 inch Dual Nano SIM-6 GB RAM-128 GB-4G-Android 11.0,"EGP 9,000.00",,0%,,,5 out of 5(1)
phones,Apple iPhone 16 Plus 128GB Ultramarine Tax Paid Warranty 2 Years,"EGP 60,135.00","EGP 63,300.00",5%,,,
phones,"Infinix Hot 60i Dual SIM, 128GB, 6GB RAM, 4G LTE - Shadow Blue","EGP 5,529.00","EGP 6,360.00",13%,,,
phones,OPPO Oppo Reno13 5G - 256GB/12GB - Luminous Blue,"EGP 23,355.00",,0%,,,
phones,Vivo Y04 Dual-SIM 4G 128GB/4GB Mobile Phone 6.56 Inches - Dark Green,"EGP 5,779.00","EGP 6,650.00",13%,,,
phones,"Vivo V60 lite Dual SIM, 256GB, 8GB RAM, 5G - Ocean Night Black","EGP 15,169.00","EGP 17,440.00",13%,,,
phones,Fresh Stand Fan Top Piano Remote 16 inch - 9092,"EGP 1,899.00","EGP 1,994.00",5%,,,
phones,EvancyStore Handmade Mobile chain Black,EGP 100.00,,0%,,,
phones,Phone Adhesive - Removable and Washable Phone Holder for All Smooth Surfaces - Double Sided 48 Suction Cups [M] - Brown,EGP 89.90,,0%,,,
phones,Samsung Galaxy S25 Ultra Dual SIM 5G - 256GB/12GB - 6.9 Inch - Titanium White/Silver,"EGP 66,000.00","EGP 81,000.00",19%,,,
phones,"Vivo Y19s Pro Dual SIM , 6GB RAM , 128GB , 4G - Silver","EGP 6,867.00","EGP 15,000.00",54%,,,
phones,Samsung A36 Galaxy 8GB - 256GB - 5G Black,"EGP 16,940.00","EGP 21,060.00",20%,,,4 out of 5(1)
phones,O Accessories Chain Mobile Phone Strap Of Colored Beads_ Pearls _One Piece,EGP 115.00,EGP 160.00,28%,,,4 out of 5(1)
phones,Samsung Galaxy S25 Ultra Dual SIM 5G 512GB/12GB - 6.9 Inch Mobile Phone Titanium Silver Blue,"EGP 69,760.00","EGP 88,666.00",21%,,,
phones,Vivo Y19S PRO 6GR-256GB BLACK,"EGP 7,420.00",,0%,,,
phones,Samsung smart phone,"EGP 8,550.00",,0%,,,
phones,"XIAOMI Redmi A5 Dual SIM, 64GB, 4GB RAM, 4G LTE - Lake Green","EGP 4,469.00","EGP 5,140.00",13%,,,
phones,Itel A70 - 128GB/4GB - Brilliant Gold,"EGP 4,666.00",,0%,,,
phones,Itel A50 Dual SIM 4G 128GB/3GB - Lime Green,"EGP 3,699.00","EGP 4,513.30",18%,,,
phones,"Grandstream GRP2601P Grand Stream 2-Line Essential IP Phone Designed For Mass Deployment And Easy Management, Integrated PoE","EGP 1,850.00","EGP 5,000.00",63%,,,5 out of 5(3)
phones,Itel A90 Dual SIM 4G 256GB/4GB - Aurora Blue,"EGP 4,399.00","EGP 4,999.00",12%,,,
phones,General Mini Essenza Coffee Machine 0.6 Liter- 19 Bar - Black - D30-EU-BK-NE2 +30 Coffee Capsules Gift,"EGP 6,999.00","EGP 7,349.00",5%,,,5 out of 5(1)
phones,XIAOMI Redmi 15 Dual SIM 4G 256GB/8GB - Sandy Purple,"EGP 8,444.00","EGP 11,200.00",25%,,,
phones,Apple iPhone 17 Pro 256 GB Orange  5G (eSim only) With FaceTime,"EGP 81,888.00","EGP 108,000.00",24%,,,
phones,realme C75 Dual-SIM 4G 256GB/8GB Mobile Phone 6.7 Inches - Storm Black,"EGP 9,619.00","EGP 11,060.00",13%,,,5 out of 5(1)
phones,Samsung Galaxy A53 5G - 128GB/8GB - Black,"EGP 11,695.00",,0%,,,
phones,XIAOMI Redmi 15 4G Dual SIM 128GB/6GB Mobile Phone - Black,"EGP 7,470.00",,0%,,,
phones,TENTECH Rhinestone Anti-Theft Shiny Universal Crossbody Phone Chain with Mount Pad for Most Phones and Diamond Studded Neck Holder for Women – Gold,EGP 175.00,EGP 250.00,30%,,,
phones,"Honor X7d Dual SIM, 256GB, 8GB RAM, 5G - Velvet Black","EGP 11,089.00","EGP 12,750.00",13%,,,
phones,"Apple iPhone 17 Pro Max 1TB Cosmic Orange 5G (eSim only) With FaceTime - International Version,","EGP 118,000.00","EGP 130,000.00",9%,,,
phones,Qiilu 150W Power Inverter Car Adapter - DC to AC Converter with USB Ports,EGP 380.00,,0%,,,
phones,Motorola G56 Dual SIM 5G 256GB/12GB - Gray Mist,"EGP 11,499.00","EGP 15,910.00",28%,,,1 out of 5(1)
phones,OPPO Reno 14 Dual SIM 5G 256GB/12GB - Luminous Green,"EGP 27,470.00","EGP 35,000.00",22%,,,
phones,"Infinix Hot 60 Pro 8GB Ram, 256GB - Coral Tides","EGP 8,910.00","EGP 13,555.00",34%,,,
phones,Vivo V60 Lite Dual SIM 256GB 8GB RAM 4G - Black,"EGP 12,375.00","EGP 15,805.00",22%,,,
phones,Apple iPhone 17 Pro Max 256 GB Silver 5G (eSim only) With FaceTime - Japanese Version,"EGP 90,999.00","EGP 113,333.00",20%,,,
phones,"Itel A80 Dual SIM, 128GB, 4GB RAM, 4G LTE - Sandstone Black","EGP 4,369.00","EGP 5,020.00",13%,,,
phones,"realme C75X Dual SIM, 256GB, 8GB RAM, 4G LTE - Oceanic Blue","EGP 8,695.00",,0%,,,
phones,Apple iPhone 17 Pro Max 1TB Cosmic Orange 5G (Nano SIM + eSIM) With FaceTime - International Version,"EGP 118,888.00","EGP 130,000.00",9%,,,
phones,realme C71 - 6.67 Inch-6GB-128GB RAM Dual SIM 4G Mobile Phone  -Forest Owl,"EGP 6,849.00","EGP 8,999.00",24%,,,5 out of 5(1)
phones,"Tecno Spark Go 1 Dual SIM, 64GB, 3GB RAM, 4G LTE - Glittery White","EGP 3,559.00","EGP 4,090.00",13%,,,
phones,"realme C75X Dual SIM, 256GB, 8GB RAM, 4G LTE - Coral Pink","EGP 8,745.00",,0%,,,
phones,"XIAOMI A3, 64GB, 3GB, 4G LTE, Dual SIM- Star Blue","EGP 4,854.00","EGP 6,000.00",19%,,,
phones,"Infinix Hot 60i- 128 GB, 6GB RAM+6,  6.7 inch, Camera 50MP,  battery 5160 mah, sleek  BLACK","EGP 5,680.00",,0%,,,
phones,realme Realm 12 5G Dual SIM Twilight Purple 8GB RAM 256GB,"EGP 13,777.00","EGP 15,444.00",11%,,,
phones,Majentik Connecting the mobile phone to the car screen Car Play MM-001,"EGP 2,150.00","EGP 2,500.00",14%,,,
phones,Samsung Galaxy A56 Dual SIM 5G 128GB/8GB 6.7 inches Mobile phone - awesome lightgray,"EGP 19,399.00","EGP 20,370.00",5%,,,
phones,Apple iPhone 17 Pro Max 256 GB Deep Blue 5G (eSim only) With FaceTime - Japanese Version,"EGP 90,999.00","EGP 113,333.00",20%,,,
phones,Apple iPhone 16 Pro 256GB Black Titanium Tax Paid Warranty 2 Years,"EGP 72,200.00","EGP 76,000.00",5%,,,
phones,"Samsung Galaxy A36 5G, 8GB Ram, 256GB - Awesome Black","EGP 16,947.00","EGP 28,000.00",39%,,,5 out of 5(1)
phones,"Honor 400 Lite Dual SIM, 256GB, 8GB RAM, 5G - Marrs Green","EGP 12,295.00",,0%,,,
phones,"Honor 400 Lite Dual SIM, 256GB, 8GB RAM, 5G - Velvet Black","EGP 12,295.00",,0%,,,
phones,Vivo Vivo Y29 Dual SIM 128GB 8GB RAM 4G LTE - Brown,"EGP 8,060.00","EGP 9,500.00",15%,,,
phones,realme 14T 5G - 256GB/8GB - Lightning Purple,"EGP 12,229.00",,0%,,,
phones,"Samsung Galaxy M55 Dual SIM, 128GB, 8GB RAM, 5G - Black","EGP 13,499.00","EGP 15,520.00",13%,,,
phones,"Vivo V60 lite Dual SIM, 256GB, 8GB RAM, 4G LTE - BLUE","EGP 12,862.00","EGP 19,000.00",32%,,,
phones,Honor X9D Dual Sim 5G 12GB+256GB Sunrise Gold+Cover,"EGP 17,499.00","EGP 19,798.90",12%,,,
phones,"Silicone Sticky Grip, Suction Cup Phone Holder for iPhone and Android, Hands Free Adhesive Phone Grip, Phone Mirror Holder for Selfie and Videos (Blue)",EGP 90.00,,0%,,,
phones,Apple iPhone 16 Pro 128GB Desert Titanium Tax Paid Warranty 2 Years,"EGP 66,405.00","EGP 69,900.00",5%,,,
phones,"Data Cable Set – Multi-Function Fast Charging for Apple, Android & Type-C Devices",EGP 202.00,EGP 260.00,22%,,,
phones,Nokia 110 Dual SIM Black 4MB RAM 4MB,EGP 750.00,,0%,,,
phones,Recci RCC-N17 Ourney Series PD Fast Charging Car Charger,EGP 356.00,EGP 400.00,11%,,,
phones,Philips Wireless Telephone - D1611B-63 - 10 H Talk Time & Caller ID - Long Battery Life D1611B-63,"EGP 1,799.00",,0%,,,
phones,Dadu Car Charger with USB and TypeC Ports and Fast Charging Cable,EGP 270.00,EGP 350.00,23%,,,2.5 out of 5(2)
phones,Vivo V60 Dual SIM 5G 512GB/12GB - Gold,"EGP 26,530.00","EGP 28,888.00",8%,,,
phones,"Samsung Galaxy A56 Dual SIM, 256GB, 8GB RAM, 5G - Awesome Graphite","EGP 22,469.00","EGP 25,840.00",13%,,,
phones,"Honor X9C Dual SIM, 256GB, 12GB RAM, 5G - Sunrise Orange","EGP 16,189.00","EGP 18,620.00",13%,,,
phones,Honor 400 Dual SIM 5G 256GB/12GB Mobile Phone - Midnight Black,"EGP 21,449.00","EGP 24,670.00",13%,,,
phones,realme Note 60x 4G Dual SIM Wilderness Green 3GB RAM 64GB,"EGP 4,495.00",,0%,,,
phones,"Samsung Galaxy A07 Dual SIM, 128GB, 4GB RAM, 4G LTE - Green","EGP 5,969.00","EGP 6,860.00",13%,,,
phones,Samsung Galaxy A05s 4G - 64GB/4GB - Light Violet,"EGP 5,587.00",,0%,,,
phones,"Samsung Galaxy A17- 6.7-inch 6ram / 128 GB ,50mp  Dual Sim 4G Mobile Phone -  black","EGP 8,495.00",,0%,,,
phones,Honor X8c Dual SIM 4G 512GB/8GB Mobile Phone - Marrs Green,"EGP 13,149.00","EGP 15,120.00",13%,,,
phones,Samsung Galaxy S25 Ultra Dual SIM 5G 512GB/12GB - 6.9 inch Mobile Phone Titanium silver white,"EGP 70,400.00","EGP 88,666.00",21%,,,
phones,"Samsung Galaxy M55 5G Mobile Phone, Android, 8GB RAM, 128GB Storage, Black, 1 Year Warranty","EGP 14,499.00",,0%,,,
phones,JOY ROOM JR-CL03 6.2A Multi Ports Usb Car Charger Adapter,EGP 550.00,EGP 800.00,31%,,,4.4 out of 5(10)
phones,"Samsung A56 Galaxy Dual SIM, 128GB, 8GB RAM, 5G - Awesome Graphite","EGP 19,745.00","EGP 24,999.00",21%,,,
phones,Honor X7d Dual SIM 8GB RAM 256GB 5G Dessert Gold - Middle East Version,"EGP 10,395.00",,0%,,,
phones,"Infinix Note 50S Dual SIM, 256GB, 8GB RAM, 5G - Mystic Plum","EGP 12,649.00","EGP 14,550.00",13%,,,
phones,Honor X6c - 128GB/6GB - Moonlight White,"EGP 6,216.00",,0%,,,
phones,Samsung A26 Galaxy 6GB - 128GB - 5G  White,"EGP 11,550.00","EGP 14,645.00",21%,,,
phones,"Nokia 130 Dual SIM Basic Phone - 2.4-inch Display, Headphone Jack","EGP 2,197.00","EGP 2,999.00",27%,,,
phones,"Honor 400 Pro Dual SIM, 512GB, 12GB RAM, 5G - Midnight Black","EGP 34,650.00","EGP 42,999.00",19%,,,
phones,OPPO oppo-a5x-dual-sim-4gb-ram-128gb-laser-white,"EGP 6,870.00",,0%,,,
phones,OPPO A6 Pro 4G - 256GB/8GB - Rosewood Red,"EGP 13,708.00",,0%,,,
phones,"Infinix XPAD 20 11.0"" Inch Single SIM 4G 128GB/6GB - Rising Red","EGP 7,099.00","EGP 7,999.00",11%,,,
phones,Honor X5b Plus Dual SIM 4G 128GB/4GB - Midnight Black,"EGP 4,679.00","EGP 5,999.00",22%,,,
phones,Samsung A36 Galaxy 8GB - 128GB - 5G Black,"EGP 15,400.00","EGP 19,100.00",19%,,,4 out of 5(1)
phones,Vivo vivo-v60-lite-4g-256gb-8gb-mobile-phone-blue-,"EGP 12,330.00",,0%,,,4 out of 5(1)
phones,realme C75 - 6.72 Inch-8GB-256GB RAM Dual SIM 4G Mobile Phone-Lightning Gold,"EGP 9,555.00","EGP 13,999.00",32%,,,
phones,Motorola Moto G85 5G - 256GB/12GB - Olive Green,"EGP 12,655.00",,0%,,,
phones,"Honor HonorX5c Dual SIM, 64GB, 4GB RAM, 4G LTE - Midnight Black","EGP 4,249.00","EGP 4,900.00",13%,,,
phones,"Samsung Galaxy A36 Dual SIM, 128GB, 8GB RAM, 5G ,Awesome Lime","EGP 14,999.00","EGP 15,748.95",5%,,,
phones,"realme C71 6GB Ram, 128GB - Forest Owl","EGP 6,940.00","EGP 8,699.00",20%,,,
phones,realme C71 Dual SIM 4G 128GB/6GB - Forest Owl,"EGP 6,960.00","EGP 12,000.00",42%,,,
phones,"Samsung Galaxy A56 Dual SIM, 256GB, 12GB RAM, 5G - Awesome Light Gray","EGP 24,719.00","EGP 28,430.00",13%,,,
phones,Nokia 150 Dual Sim Mobile Phone,EGP 950.00,"EGP 1,200.00",21%,,,
phones,Samsung A56 5G 8GB-128GB GRAPHITE,"EGP 19,675.00",,0%,,,
phones,Honor X5c Plus Dual SIM 4G 128GB/4GB - Midnight Black,"EGP 4,450.00","EGP 6,500.00",32%,,,
phones,"Infinix Smart 10 4GB RAM, 256GB - Gold","EGP 4,757.50","EGP 5,926.00",20%,,,
phones,Honor X8c Dual SIM 4G 256GB/8GB Mobile Phone - Marrs Green,"EGP 10,999.00","EGP 12,810.00",14%,,,
phones,"Honor X7d Dual SIM, 256GB, 8GB RAM, 4G LTE - Velvet Black","EGP 9,119.00","EGP 10,490.00",13%,,,
phones,realme C71 Dual SIM 4G 128GB/6GB - White Swan,"EGP 6,960.00","EGP 12,000.00",42%,,,
phones,"Infinix  Hot 60i Dual SIM, 8+8GB RAM, 256GB, 4G,  SLEEK BLACK","EGP 6,422.00","EGP 15,000.00",57%,,,
phones,XIAOMI Redmi Note 14 Pro Dual SIM 4G 256GB/8GB - Ocean Blue,"EGP 14,575.00","EGP 16,500.00",12%,,,
phones,Grandstream GRP2601W  Essential IP Phone includes 2.4G single-band wi-fi 6,"EGP 2,750.00",,0%,,,
phones,Itel A90 4G - 256GB/4GB - Starlit Black,"EGP 4,545.00",,0%,,,
phones,"Vivo V50 Dual SIM, 256GB, 12GB RAM, 5G - Stain Black","EGP 22,555.00","EGP 24,444.00",8%,,,
phones,"OPPO Reno14 F Dual SIM, 256GB, 12GB RAM, 5G - Opal Blue","EGP 19,700.00",,0%,,,
phones,"Samsung Galaxy A36 5G Awesome Black, 8GB, 256GB","EGP 15,995.00",,0%,,,
phones,Itel A50 Dual SIM 4G 128GB/3GB - Misty Black,"EGP 3,699.00","EGP 4,513.30",18%,,,
phones,Samsung A26 Galaxy 6GB - 128GB - 5G Peach Pink,"EGP 11,550.00","EGP 14,645.00",21%,,,
phones,Samsung Galaxy A56 Dual SIM 5G 128GB/8GB 6.7 inches Mobile phone - Light Gray,"EGP 19,399.00","EGP 20,765.85",7%,,,
phones,"Samsung Galaxy A36 Dual Sim, 128GB, 8GB Ram,Awesome lavender, 5G","EGP 15,396.00","EGP 28,000.00",45%,,,
phones,Phone Adhesive - Removable and Washable Phone Holder for All Smooth Surfaces - Double Sided 48 Suction Cups [M] - White,EGP 89.90,,0%,,,
phones,"Honor 400 Dual SIM, 512GB, 12GB RAM, 5G - Midnight Black","EGP 23,399.00","EGP 26,910.00",13%,,,5 out of 5(1)
phones,XIAOMI smart phone A3x - 6.7 Inch 128GB/4GB Dual SIM 4G Mobile Phone - Midnight Black,"EGP 5,258.00",,0%,,,
phones,"realme C71 Dual SIM, 128GB, 4GB RAM, 4G LTE - White Swan","EGP 6,440.00",,0%,,,
phones,XIAOMI Redmi 15C - 128GB/6GB - Mint Green,"EGP 6,470.00",,0%,,,
phones,Benco V91 - 128GB/8GB - Midnight Black,"EGP 4,490.00",,0%,,,
phones,"Infinix Hot 60i Dual SIM, 128GB, 6GB RAM, 4G LTE - Neon Red","EGP 5,529.00","EGP 6,360.00",13%,,,
phones,"Vivo V60 lite Dual SIM, 256GB, 8GB RAM, 4G LTE - Blue","EGP 13,149.00","EGP 15,120.00",13%,,,
phones,XIAOMI Redmi Note 14 - Dual SIM 4G 256GB/8GB Mobile Phone - Lime Green,"EGP 10,129.00","EGP 11,650.00",13%,,,1 out of 5(1)
phones,"Samsung SamsungGalaxy A17 Dual SIM, 128GB, 6GB RAM, 4G LTE - Black","EGP 8,249.00","EGP 9,900.00",17%,,,
phones,Samsung Galaxy A56 Dual SIM 5G 128GB/8GB Mobile Phone - Awesome Graphite,"EGP 20,429.00","EGP 23,490.00",13%,,,
phones,"Infinix Smart 10 Dual SIM, 64GB, 3GB RAM, 4G LTE - Titanium Silver","EGP 3,680.00",,0%,,,
phones,Samsung A56 5G - 6.7-inch 12GB-256GB Dual Sim - Mobile Phone - Awesome Graphite,"EGP 23,650.00","EGP 25,000.00",5%,,,
phones,Zanussi Perlamax Washing Machine 7Kg Front Loading - White - ZWF7240WS5 - 9402,"EGP 14,990.00","EGP 15,740.00",5%,,,
phones,OPPO A6 Pro 4G - 256GB/8GB - Stellar Blue,"EGP 13,708.00",,0%,,,
phones,Samsung Galaxy A56 Dual SIM 5G 128GB/8GB Mobile Phone - Awesome Light Gray,"EGP 20,429.00","EGP 23,490.00",13%,,,
phones,"Redmi 15C, 256 GEGA, RAM 8 ,lcd: 6.9, Camera 50MP. BATT6000 MAH, Moonlight blue with warranty","EGP 7,260.00",,0%,,,
phones,"Tecno Spark 30C Dual SIM, 256GB, 8GB RAM, 4G LTE - Orbit White","EGP 5,749.00","EGP 6,610.00",13%,,,
phones,O Accessories Chain Mobile Phone Strap Of Colored Beads,EGP 120.00,,0%,,,
phones,"Samsung Galaxy A26 Dual SIM, 256GB, 8GB RAM , 5G - White","EGP 13,749.00","EGP 19,000.00",28%,,,
phones,EvancyStore Handmade Mobile chain Black,EGP 85.00,EGP 100.00,15%,,,4 out of 5(1)
phones,Itel Itel A90 Dual SIM 4G Smartphone 128GB/3GB - Space Titanium,"EGP 3,649.00","EGP 4,449.00",18%,,,
phones,"XIAOMI Poco C85 Dual Sim – 256GB, 8GB Ram, 4G - BLACK","EGP 7,028.00","EGP 15,000.00",53%,,,
phones,Infinix Smart 10 Dual SIM Black 3GB RAM 64GB 4G,"EGP 3,960.00","EGP 4,999.00",21%,,,
phones,Honor X9d Dual SIM 5G 256GB/12GB - Midnight Black,"EGP 17,599.00","EGP 19,999.00",12%,,,
phones,"realme C75 256GB/8GB- 6.72""  Dual SIM 4G Mobile Phone - Black","EGP 9,499.00","EGP 11,500.00",17%,,,
phones,XIAOMI Mobile Redmi Note 14 4G Dual SIM 8GB RAM 256GB -  OCEAN BLUE,"EGP 10,088.00","EGP 20,000.00",50%,,,
phones,Ldnio TRIPLE USB CAR APPLIANCE SOCKET CAR CHARGER,EGP 215.00,EGP 450.00,52%,,,5 out of 5(1)
phones,Honor X5c Dual SIM 4G 64GB/4GB - Midnight Black,"EGP 4,145.00","EGP 6,500.00",36%,,,
phones,"Infinix Mobile Smart 9 Dual SIM, 64GB, 3+3GB RAM, 4G - SANDSTONE GOLD","EGP 18,600.00",,0%,,,
phones,"Vivo Vivo Y04 Dual SIM, 64GB, 4GB RAM, 4G LTE - Titanium Gold","EGP 4,745.00",,0%,,,
phones,"Itel A50 Dual SIM, 128GB, 3GB RAM, 4G LTE - Lime Green","EGP 4,069.00","EGP 4,680.00",13%,,,
phones,Apple iPhone 16 Plus 128GB White Tax Paid Warranty 2 years,"EGP 60,135.00","EGP 63,300.00",5%,,,
phones,Honor 400 Dual SIM 5G Smartphone - 256GB/12GB - Midnight Black,"EGP 20,444.00",,0%,,,
phones,"Infinix Hot 60i Dual SIM, 128GB, 6GB RAM, 4G LTE - Titanium Silver","EGP 5,529.00","EGP 6,360.00",13%,,,
phones,"realme 15 Pro Dual SIM, 256GB Memory, 12GB RAM, 5G, Flowing Silver","EGP 27,299.00","EGP 31,390.00",13%,,,
phones,O Accessories Chain Mobile Phone Strap Of Colored Beads,EGP 120.00,,0%,,,
phones,"Vivo Y29 Dual SIM, 128GB, 8GB RAM, 4G LTE - Noble Brown","EGP 8,599.00","EGP 9,890.00",13%,,,5 out of 5(1)
phones,Vivo Vivo Y29 Dual-SIM 4G Mobile Phone 256GB/8GB - Elegant White,"EGP 9,609.00","EGP 11,050.00",13%,,,1 out of 5(1)
phones,"Infinix Hot 60i  Dual Sim 128GB, 6GB Ram,4G Titanium Silver","EGP 5,445.00","EGP 6,888.00",21%,,,
phones,Honor honor-x9d-dual-sim-256gb-12gb-ram-5g-sunrise-gold,"EGP 17,590.00",,0%,,,
phones,"Hmd Barbie Dual SIM Flip Phone, 128MB, 4G LTE - Power Pink","EGP 2,939.00","EGP 3,380.00",13%,,,
phones,Press Stand  Adjustable Electric Bench Clamp Support Tool For Hand Drill Double Hole Workstation With Aluminum Base Portable Drill Press Table For Workbench Repair.,EGP 825.00,,0%,,,1 out of 5(2)
phones,"Honor 200 - 6.7"" 256GB/12GB Dual SIM 5G Mobile Phone - Emerald Green","EGP 20,888.00",,0%,,,
phones,Apple iPhone 17 Pro Max 1TB Deep Blue 5G (eSim only) With FaceTime - Japanese Version,"EGP 117,777.00","EGP 156,000.00",25%,,,
phones,Samsung Galaxy A17 4GB-128GB Mobile Phone Dual SIM 4G - Light Blue,"EGP 7,489.00","EGP 8,999.00",17%,,,
phones,"XIAOMI Redmi 15C, 8GB Ram, 256GB - Mint Green","EGP 7,205.00","EGP 8,999.00",20%,,,
phones,Samsung A56 Dual SIM 256GB 8GB RAM 5G - Awesome Olive,"EGP 21,175.00","EGP 24,999.00",15%,,,
phones,Infinix smartphone,"EGP 6,600.00",,0%,,,
phones,"realme Note 60x Dual SIM, 64GB, 3GB RAM, 4G LTE - Marble Black","EGP 4,595.00",,0%,,,
phones,"Samsung Galaxy A17- 6.7-inch 8ram / 256 GB ,50mp  Dual Sim 4G Mobile Phone -  black","EGP 10,225.00",,0%,,,
phones,Dual USB Car Charger (USB-A QC 3.1 + USB-C PD) – 20W,EGP 202.00,EGP 250.00,19%,,,
phones,Samsung Galaxy A17 4GB-128GB Mobile Phone Dual SIM 4G - Gray,"EGP 7,489.00","EGP 8,999.00",17%,,,
phones,"Infinix Hot 60i Dual SIM, 256GB, 8GB RAM, 4G LTE - Titanium Silver","EGP 6,539.00","EGP 7,520.00",13%,,,
phones,realme C75x Dual SIM 4G 256GB/8GB - Ocean Blue,"EGP 9,108.00","EGP 12,200.00",25%,,,
phones,Honor honor-x9d-dual-sim-256gb-12gb-ram-5g-forest-green,"EGP 17,590.00",,0%,,,
phones,OPPO A6 Pro Dual SIM 5G 256GB/8GB - Rosewood Red,"EGP 15,230.00","EGP 21,000.00",27%,,,
phones,Samsung Galaxy A36 5G - 8GB Ram 256GB - Awesome White,"EGP 16,994.00","EGP 28,000.00",39%,,,
phones,"Honor HONORX9d Dual SIM, 256GB, 12GB RAM, 5G - Forest Green","EGP 17,999.00","EGP 19,200.00",6%,,,
phones,Samsung Galaxy M55 5G Android Dual SIM 8GB RAM 256GB Storage Black 1 Year Warranty – Local Version,"EGP 13,888.00",,0%,,,
phones,"Vivo V60 Dual SIM, 512GB, 12GB RAM, 5G - Mist Grey","EGP 28,299.00","EGP 32,540.00",13%,,,
phones,Vivo V50 Lite Dual SIM 4G 256GB/8GB Mobile Phone - Gold,"EGP 12,777.00","EGP 20,000.00",36%,,,
phones,XIAOMI Redmi 15 4G - 256GB/8GB - Titan Gray,"EGP 8,408.00",,0%,,,
phones,"TENTECH Magic Removable Cell Phone Chain, Phone Case Hanging Rope, Luxury Crystal Studded Holder, Stylish and Fashionable Design for Phones and Earphones – Gold",EGP 180.00,EGP 250.00,28%,,,
phones,realme 9i - 128GB/6GB - Black,"EGP 7,240.00",,0%,,,
phones,"realme C75 Dual SIM, 256GB, 8GB RAM, 4G LTE - Gold","EGP 8,530.00",,0%,,,
phones,Tecno Spark Go 1 Dual SIM 4G 64GB/3GB - Glittery White,"EGP 3,649.00","EGP 5,999.00",39%,,,
phones,O Accessories Chain Mobile Phone Strap Of Colored Beads,EGP 100.00,,0%,,,
phones,"Samsung A56 Galaxy Dual SIM, 128GB, 8GB RAM, 5G - Pink","EGP 19,745.00","EGP 29,700.00",34%,,,
phones,CAT S62 Pro Dual Sim Black 6GB RAM 128GB 4G LTE,"EGP 45,000.00",,0%,,,
phones,"Samsung Galaxy A26 Dual SIM, 256GB, 8GB RAM, 5G - Black","EGP 13,750.00","EGP 20,000.00",31%,,,1 out of 5(1)
phones,realme C75X - 128GB/6GB - Coral Pink,"EGP 7,504.00",,0%,,,
phones,Samsung A56 5G Dual SIM 12GB RAM 256GB International Version Awesome Olive,"EGP 23,650.00","EGP 29,700.00",20%,,,
phones,"XIAOMI Redmi A5 Dual SIM, 64GB, 4GB RAM, 4G LTE - Lake Green","EGP 4,469.00","EGP 5,450.00",18%,,,
phones,Itel A90 4G - 64GB/3GB - Space Titanium,"EGP 3,599.00",,0%,,,
phones,"Samsung Galaxy A56 Dual SIM, 256GB, 8GB RAM, 5G - Awesome Pink","EGP 22,469.00","EGP 25,840.00",13%,,,
phones,General Essenza Mini 1310 Watt C30 Coffee Machine - White - C30-EU-WH-NE2 +30 Coffee Capsules Gift,"EGP 6,999.00","EGP 7,349.00",5%,,,
phones,Samsung Galaxy M55 5G Android Dual SIM 8GB RAM 256GB Storage Black 1 Year Warranty/Local Version,"EGP 16,999.00",,0%,,,
phones,OPPO A5i Pro Dual SIM 5G 256GB/8GB - Midnight Purple,"EGP 12,219.00","EGP 13,999.00",13%,,,
phones,"Infinix Smart 10, 4GB RAM, 256GB - Blue","EGP 4,757.50","EGP 5,926.00",20%,,,
phones,"Vivo V60 Dual SIM, 256GB, 12GB RAM, 5G - Mist Grey","EGP 26,279.00","EGP 30,220.00",13%,,,
phones,realme C75x - 6.72 Inch-8GB-256GB RAM Dual SIM 4G Mobile Phone - Oceanic Blue,"EGP 8,699.00","EGP 10,999.00",21%,,,
phones,Memory Class 10 64GB,EGP 370.00,,0%,,,
phones,Samsung Galaxy A07 - 128GB/6GB - Light Violet,"EGP 6,674.00",,0%,,,
phones,"Samsung Galaxy A56 Dual SIM, 128GB, 8GB RAM, 5G- AWESOME GRAPHITE","EGP 20,297.00","EGP 28,000.00",28%,,,
phones,"realme C75 Dual SIM, 256GB, 8GB RAM, 4G LTE - Black","EGP 9,385.00",,0%,,,
phones,realme Note 60x Dual SIM - 64GB - 3GB 6.74 Inch 4G Mobile Phone - Green,"EGP 4,620.00","EGP 5,866.00",21%,,,
phones,Motorola Moto G35 - 6.72-inch 256GB/8GB Dual SIM 5G Mobile Phone - Guava Red,"EGP 7,699.00","EGP 8,850.00",13%,,,5 out of 5(1)
phones,"realme 14 5G - 6.67-inch Display, 256GB Storage, 12GB RAM, Dual SIM Smartphone - Sorm Titanium","EGP 17,333.00","EGP 23,999.00",28%,,,
phones,"Honor X6C , 256 GB/6 GB Ram ,lcd 6.61,batt 5300mah, CAMERA 50mp,  mIDNIGHT BLACK ,with warranty","EGP 6,690.00",,0%,,,
phones,"Ariston Dishwasher 14 Persons - Inverter, 60 cm - 8 Programs - Silver - LFC3O33WLTX","EGP 35,999.00","EGP 49,699.00",28%,,,
phones,Apple iPhone 17 Pro Max 1TB Cosmic Orange 5G (eSim only) With FaceTime - Japanese Version,"EGP 117,777.00","EGP 156,000.00",25%,,,
phones,Mienta Coffee Grinder 150 W 90 G - Black - CG44235A,EGP 999.00,"EGP 1,049.00",5%,,,
phones,"Ring N133 Mobile Phone Dual SIM Mobile Phone, 2G - Black 1.77-Inch","EGP 1,000.00",,0%,,,
phones,Honor X6c - 256GB/6GB - Ocean Cyan,"EGP 6,938.00",,0%,,,
phones,"Vivo V60 lite Dual SIM, 256GB, 8GB RAM, 4G LTE - Black","EGP 13,149.00","EGP 15,120.00",13%,,,
phones,Samsung Galaxy A07 - 128GB/6GB - Green,"EGP 6,679.00",,0%,,,
phones,Honor 400 Dual SIM 512GB 12GB RAM 5G.,"EGP 22,199.00",,0%,,,
phones,Infinix Smart 10 Dual SIM 4G 64GB/3GB - Iris Blue,"EGP 4,009.00","EGP 5,999.00",33%,,,
phones,TENTECH Rhinestone Anti-Theft Shiny Universal Crossbody Phone Chain with Mount Pad for Most Phones and Diamond Studded Neck Holder for Women – Gray,EGP 185.00,EGP 250.00,26%,,,
phones,"Honor X7d Dual SIM, 256GB, 8GB RAM, 5G - Desert Gold","EGP 11,089.00","EGP 12,750.00",13%,,,
phones,"Silicone Sticky Grip, Suction Cup Phone Holder for iPhone and Android, Hands Free Adhesive Phone Grip, Phone Mirror Holder for Selfie and Videos (Orange)",EGP 90.00,,0%,,,
phones,"Honor HONORX9d Dual SIM, 256GB, 12GB RAM, 5G - Midnight Black","EGP 17,999.00","EGP 19,200.00",6%,,,
phones,"Vivo Vivo Y29 Dual SIM, 128GB, 8GB RAM, 4G LTE - Elegant White","EGP 8,295.00",,0%,,,
phones,Honor 400 Dual SIM 5G 512GB/12GB  Mobile Phone - Midnight Black,"EGP 23,399.00","EGP 26,910.00",13%,,,
phones,Car Charger M44 G47 – Compact Size with USB and Type-C Ports,EGP 245.00,EGP 270.00,9%,,,2.7 out of 5(3)
phones,"XIAOMI Redmi 15C Dual SIM, 128GB, 6GB RAM, 4G LTE - Mint Green","EGP 6,099.00","EGP 7,230.00",16%,,,
phones,"XIAOMI Redmi 15 Dual SIM, 128GB, 6GB RAM, 4G LTE - Titan Grey","EGP 7,549.00","EGP 8,680.00",13%,,,
phones,realme 15T 5G - 6.57-inch -256GB-12GB Mobile Phone Dual SIM 5G - Suit Titanium,"EGP 16,490.00","EGP 19,999.00",18%,,,
phones,Samsung Galaxy A36 Dual SIM 5G 128GB/8GB Mobile Phone - Awesome White,"EGP 16,349.00","EGP 18,800.00",13%,,,
phones,"Samsung Galaxy A17 Dual SIM, 128GB, 6GB RAM, 4G - Light Blue","EGP 8,549.00","EGP 9,830.00",13%,,,
phones,Honor 400 Dual SIM 5G 256GB/12GB Mobile Phone - Desert Gold,"EGP 20,444.00",,0%,,,
phones,XIAOMI Redmi 15C - 6.9-inch Dual SIM 4G Mobile Phone with 256GB and 8GB RAM - Midnight Black,"EGP 7,099.00",,0%,,,
phones,A Device Equipped With A Bluetooth Decoding And MP3 Format Playback Circuit,EGP 315.00,,0%,,,
phones,"Tecno Spark 30 Pro , 256GB Memory, 8GB RAM, 4G LTE , Arctic Glow","EGP 8,499.00","EGP 9,770.00",13%,,,
phones,"realme 15 Dual SIM, 256GB, 12GB RAM, 5G - Suit Titanium","EGP 20,229.00","EGP 23,260.00",13%,,,
phones,"Samsung Galaxy A56 Dual SIM, 128GB, 8GB RAM, 5G- Awesome Lightgray","EGP 20,172.00","EGP 28,000.00",28%,,,
phones,5 Pieces Car Mat For Each Car,EGP 450.00,EGP 500.00,10%,,,4 out of 5(1)
phones,OPPO A5i Dual SIM - 4G - 4GB RAM 64GB Middle East Version - Starry Purple,"EGP 5,500.00","EGP 5,777.00",5%,,,
phones,"Vivo Y19s Pro Dual SIM, 256GB, 6GB RAM, 4G LTE - Glossy Black","EGP 7,699.00","EGP 8,850.00",13%,,,
phones,"Samsung Galaxy A56 Dual SIM, 256GB, 8GB RAM, 5G - Awesome Olive","EGP 21,518.00","EGP 25,000.00",14%,,,
phones,"Samsung Galaxy A56 Dual SIM, 128GB, 8GB RAM, 5G - Awesome Pink","EGP 20,429.00","EGP 23,490.00",13%,,,
phones,"Nothing CMF Phone 1 Dual SIM, 128GB, 8GB RAM, 5G - Black","EGP 11,639.00","EGP 13,380.00",13%,,,5 out of 5(1)
phones,Infinix Smart 10 Dual SIM 4G 128GB/4GB - Iris Blue,"EGP 4,369.00","EGP 6,999.00",38%,,,
phones,Honor 400 5G - 256GB/12GB - Desert Gold,"EGP 21,018.00",,0%,,,
phones,"Vivo Vivo Mobile Y04 Dual SIM, 64GB, 4GB RAM, 4G LTE - Dark Green","EGP 5,004.00","EGP 12,000.00",58%,,,
phones,realme 15T 5G - 6.57-inch -256GB-12GB Mobile Phone Dual SIM 5G - Flowing Silver,"EGP 16,490.00","EGP 19,999.00",18%,,,
phones,Honor 400 Dual SIM 5G Smartphone - 256GB/12GB - Silver,"EGP 21,010.00","EGP 26,111.00",20%,,,
phones,Vivo Y19s Pro Dual SIM 6GB RAM 256GB Glossy Black - Middle East Version,"EGP 7,480.00","EGP 9,199.00",19%,,,
phones,Itel  it2165 -Deep Blue,EGP 800.00,EGP 850.00,6%,,,
phones,"Honor X9c Dual SIM, 256GB, 12GB RAM, 5G - Titanium Black","EGP 16,189.00","EGP 18,620.00",13%,,,
phones,"Samsung Galaxy A26 Dual SIM, 256GB, 8GB RAM, 5G - White","EGP 14,609.00","EGP 16,800.00",13%,,,
phones,Car Storage Mobile Net Pocket -,EGP 90.00,,0%,,,4.2 out of 5(6)
phones,Honor X7d Dual SIM 256GB/8GB  Silver 4G,"EGP 8,965.00","EGP 11,666.00",23%,,,
phones,OPPO A6 Pro Dual SIM 4G 256GB/8GB - Rosewood Red,"EGP 13,470.00","EGP 16,500.00",18%,,,
phones,Honor X7d Dual SIM 256GB/8GB  gold 4G,"EGP 8,965.00","EGP 11,666.00",23%,,,
phones,realme Note 60X 3GB Ram - 64GB Marble Black,"EGP 4,620.00","EGP 5,675.00",19%,,,
phones,Samsung Galaxy A17 128GB - 4GB Ram - Light Blue - 4G,"EGP 7,727.50","EGP 10,555.00",27%,,,
phones,Honor X7d Dual SIM 4G 256GB/8GB - Meteor Silver,"EGP 8,888.00",,0%,,,
phones,Samsung A26 Galaxy 8GB - 256GB - 5G  Black,"EGP 13,640.00","EGP 17,010.00",20%,,,
phones,Vivo Y19s – 6.68 Inch -128GB/6GB RAM - 4G - Dual SIM Smart Mobile Phone – Black,"EGP 7,191.00","EGP 10,067.40",29%,,,5 out of 5(1)
phones,Honor 400 Pro 5G - 512GB/12GB - Lunar Grey,"EGP 34,354.00",,0%,,,
phones,"TENTECH Magic Removable Cell Phone Chain, Phone Case Hanging Rope, Luxury Crystal Studded Holder, Stylish and Fashionable Design for Phones and Earphones – Blue",EGP 180.00,EGP 250.00,28%,,,
phones,"Honor 200 - 6.7"" 512GB/12GB Dual SIM 5G Mobile Phone - Black","EGP 21,999.00",,0%,,,
phones,"Vivo Y19s Pro Dual SIM, 128GB, 6GB RAM, 4G LTE - Glossy Black","EGP 6,989.00","EGP 8,040.00",13%,,,
phones,"Samsung Galaxy A05s Dual SIM, 128GB, 6GB RAM, 4G LTE - Silver","EGP 7,499.00",,0%,,,5 out of 5(1)
phones,Samsung Galaxy A17 256GB - 8GB Ram - Light Blue - 4G,"EGP 10,560.00","EGP 13,555.00",22%,,,
phones,"Motorola Moto G85 Dual SIM, 256GB, 12GB RAM, 5G - Urban Grey","EGP 13,145.00",,0%,,,
phones,"AllCall HERO 60C - (RAM: (2+10) 12GB + ROM: 64GB), 6.8 inch 720*1640 IPS HD+, 5160 mAh Battery, Claret Red.","EGP 3,299.00","EGP 3,499.00",6%,,,
phones,XIAOMI Redmi Note 14 Mobile Phone - 6.7 Inches - Dual SIM 4G 256GB/8GB - Green,"EGP 9,955.00","EGP 12,499.00",20%,,,
phones,Infinix Smart 10 Dual SIM Blue 3GB RAM 64GB 4G,"EGP 3,960.00","EGP 4,999.00",21%,,,
phones,realme C75X Dual SIM 6GB RAM 128GB 4G - Middle East Version - Coral Pink,"EGP 7,399.00","EGP 9,199.00",20%,,,
phones,OPPO A96 - 256GB/8GB - Black,"EGP 9,000.00",,0%,,,
phones,"Samsung Galaxy A17 Dual SIM, 256GB, 8GB RAM, 4G - Gray","EGP 10,459.00","EGP 12,030.00",13%,,,
phones,"OPPO A5 ,128 GB/6 GB Ram ,lcd 6.67,batt, camera 50mp ,  6000mah,  Mist white","EGP 8,599.00",,0%,,,
phones,Samsung A56 Dual Sim 5G - 12GB - 256GB Mobile Phone - Light Gray,"EGP 23,650.00","EGP 29,700.00",20%,,,
phones,XIAOMI Redmi 15 4G - 128GB/6GB - Titan Gray,"EGP 7,620.00",,0%,,,
phones,"Samsung Galaxy A56 Dual SIM, 256GB, 8GB RAM, 5G - Awesome Graphite","EGP 21,518.00","EGP 30,000.00",28%,,,
phones,"Vivo Y04 Dual SIM, 256GB, 4GB RAM, 4G LTE - Titanium Gold","EGP 6,479.00","EGP 7,450.00",13%,,,
phones,"Samsung Galaxy A07- 6.7-inch 4ram / 128 GB ,50mp  Dual Sim 4G Mobile Phone -  black","EGP 5,865.00",,0%,,,
phones,"AllCall Magic 60 MAX - (RAM: (4+16) 20GB + ROM: 128GB), 6.8 inch 720*1600 IPS HD+, 5160 mAh Battery, Sunny Orange.","EGP 3,899.00","EGP 4,099.00",5%,,,
phones,"Infinix Hot 60 Pro+ 8GB Ram, 256GB - 4G - Titanium Silver","EGP 10,777.00","EGP 13,888.00",22%,,,
phones,Vivo Vivo Y04 256GB 4GB Ram 4G Dual SIM Gold,"EGP 6,325.00","EGP 7,444.00",15%,,,
phones,Beko Upright Freezer 7 Drawer 291 Liters Net 260 Liters - No Frost Digital Touch Screen - Silver - B3RFNE294XS,"EGP 31,699.00","EGP 44,599.00",29%,,,
phones,XIAOMI Redmi A3 - 64GB/3GB - Midnight Black,"EGP 4,864.00",,0%,,,
phones,Samsung A36 Galaxy 8GB - 128GB - 5G Awesome Lavender,"EGP 15,400.00","EGP 15,999.00",4%,,,2 out of 5(1)
phones,"Samsung Galaxy A56 Dual SIM, 256GB, 12GB RAM, 5G - Awesome Graphite","EGP 24,719.00","EGP 28,430.00",13%,,,
phones,Vivo Y04 128GB 4GB Ram 4G Dual SIM  Gold,"EGP 5,527.50","EGP 5,999.00",8%,,,
phones,realme C75X Dual SIM 6GB RAM 128GB 4G - Middle East Version - Oceanic Blue,"EGP 7,425.00","EGP 9,199.00",19%,,,
phones,Motorola Moto G85 - 6.67-inch 256GB/12GB Dual SIM 5G Mobile Phone - Olive Green,"EGP 13,159.00","EGP 15,130.00",13%,,,
phones,Motorola Moto G56 5G - 256GB/12GB - Black,"EGP 11,354.00",,0%,,,
phones,"realme Note 70, 4GB Ram, 128GB - Beach Gold","EGP 6,022.50","EGP 7,666.00",21%,,,
phones,"realme C71 Dual SIM, 128GB, 4GB RAM, 4G LTE - Forest Owl","EGP 6,572.50","EGP 8,111.00",19%,,,
phones,-purpose Wall Mounted Mobile Phone And Remote Control Holder With Charging Slot And Strong Double-Sided Adhesive - Multicolor,EGP 109.99,EGP 170.00,35%,,,
phones,"OPPO Find X 9 pro Dual SIM, 512GB, 16GB RAM, 5G - TITANIUM CHARCOAL","EGP 62,140.00","EGP 80,000.00",22%,,,
toys,33 Pieces Kitchen Set for Children with Lights & Sounds - Bebo Toys,EGP 470.00,EGP 600.00,22%,,,4.7 out of 5(7)
toys,"Stick, Magnetic Balls and Rods Set - 25 PCS",EGP 230.00,,0%,,,3.5 out of 5(4)
toys,"General 30+ Pieces Kids Kitchen Set, Play Kitchen Tools, Seems to Play Kitchen Toy with Sound and Light Cooker Sink Refrigerator Oven Food, Gifts for Boys and Girls",EGP 500.00,,0%,,,
toys,Size 5 Football Designed In Black And Blue Color,EGP 179.00,EGP 500.00,64%,,,2 out of 5(2)
toys,"General Doctor's Case Children's Play Set, 15 Pieces Doctor Case with Real Stethoscope, Thermometer, Syringe, Gift for Children, Role Play, Medical Learning Toy, Party Game Toy from 3 Years (Pink)",EGP 125.00,,0%,,,
toys,Toy Truck YB063 - Remote Control Excavator for Kids,EGP 474.00,EGP 550.00,14%,,,
toys,"Remote Control Stunt Car, 360 Degree Rotating Stunt Car with Colorful Lights and Music Key, Rechargeable for Boys and Girls",EGP 420.00,,0%,,,5 out of 5(3)
toys,"Mini Kitchen Playset for Toddlers – 37-Piece Tabletop Cooking Set – Compact Size 34.5x16x42 cm – Realistic Lights, Sounds & Steam – Sink & Accessories – Gift for Ages 3+ – Bebo_toys",EGP 735.00,"EGP 1,000.00",27%,,,
toys,Football Tabletop Game Mini Football Board Game for Two Soccer Tabletop Competition Sports Game Foosball Tabletop Games mini foosball games kit tabletop football game desktop soccer game table top,EGP 275.00,,0%,,,
toys,Pro Kids’ Kitchen Play Set – 14 Pieces for Fun & Learning,EGP 450.00,,0%,,,2 out of 5(1)
toys,Remote Control Plane 2.4GHz RC Floating Fighter Plane RC Plane for Beginners Kids Adults Flying Toy with Colorful Lights USB Charging,"EGP 1,150.00",,0%,,,2 out of 5(1)
toys,Toys Dog Super Cute Unisex Multi Color Music Toy 3 Years & Above,EGP 208.00,EGP 288.00,28%,,,3 out of 5(1)
toys,1:43 Metal Car With Car Models Alloy Diecast Toys Military,EGP 175.00,,0%,,,
toys,MUMS PLANET Small Police Car Toy - Remote Control Police Car for Kids,EGP 590.00,,0%,,,3 out of 5(2)
toys,Kitchen Playset for Kids - 42 Pieces,EGP 900.00,,0%,,,
toys,"Kids Play Kitchen Set – 50-Piece Pretend Cooking Toy with Light, Sound, Spray, Sink & Rotating Dessert Table – Educational Role Play Kitchen for Toddlers Ages 3–5, Easy Assembly, Gift for Boys & Girls","EGP 1,150.00","EGP 1,200.00",4%,,,4 out of 5(1)
toys,Lazy Air Inflatable Sofa Portable Outdoor Beach - 1pcs,EGP 220.00,EGP 350.00,37%,,,
toys,Baby Boys Girls Children Princess Castle Teepee Pop-Up Toy Tents,EGP 860.00,"EGP 1,100.00",22%,,,5 out of 5(2)
toys,"Kitchen Toys Safe and Cute Cutlery Set for Kids and Girls, Fun Kitchen Sink Toy",EGP 295.00,,0%,,,
toys,Inflatable Water Play Mat for Tummy Time - Marine Life Design - Blue,EGP 240.00,EGP 290.00,17%,,,5 out of 5(3)
toys,Remote Control Robot Toys For Children Over 3 Years Old,EGP 639.00,,0%,,,
toys,"RC Climbing Car + Induction Helicopter – 6-Wheel Off-Road Remote-Controlled Vehicle with Flying Mode, LED Lights & USB Rechargeable Battery – Dual Function Toy for Kids Ages 6+ – Durable, Action-Packed & Terrain-Ready",EGP 800.00,"EGP 1,000.00",20%,,,
toys,"Kids Kitchen Play Set with Realistic Lights & Sounds – Water Circulation Sink, Candy Rack & Kitchen Accessories – Large Cooking Toy for Boys & Girls Ages 3+ – Indoor Pretend Play Kitchen (65x46.5x19 cm)",EGP 850.00,"EGP 1,200.00",29%,,,
toys,Reusable Water Balls – Pack of 6 Self-Sealing Silicone Water Balls,EGP 135.00,EGP 145.00,7%,,,
toys,Remote Control Police Car for Kids – Realistic RC Vehicle with Opening Doors – Dual Joystick Controller – Sleek White Design with Light Bar – Durable Wheels – Indoor/Outdoor Play – Easy Operation – Gift for Boys & Girls – Ages 3+,EGP 399.00,,0%,,,
toys,"Kids Kitchen Play Set with Realistic Lights & Sounds – Water Circulation Sink, Candy Rack & Kitchen Accessories – Large Cooking Toy for Boys & Girls Ages 3+ – Indoor Pretend Play Kitchen (65x46.5x19 cm)",EGP 850.00,"EGP 1,000.00",15%,,,
toys,Outdoor Baby Boys Girls Children Princess Castle Teepee Pop-Up Toy Tents Indoor House Play Kids Tent,EGP 777.00,"EGP 1,100.00",29%,,,4 out of 5(1)
toys,"Luxury Metal Car Model Collector Model, Red Orange, with Front Light, 1:32 Scale, Sport Design",EGP 575.00,,0%,,,
toys,Home Supermarket Trolly Shopping Cart With 48 Accessories,"EGP 2,000.00",,0%,,,
toys,"Pretend Chef Kitchen Playset with Light Music, Pretend Cooking Toy and Safe Cooking Utensils, Cute Food Playset for Kids, Fun Girl Toy Gift, Kitchen Sink with Running Water and Electronic Induction Stove",EGP 295.00,,0%,,,
toys,Kitchen game for kids,EGP 450.00,,0%,,,
toys,"General Mini kids' play kitchen – 37-piece pretend cooking set – Compact size 34.5x16x42 cm – Realistic lights, sounds, and simulated steam – Includes sink and kitchen utensils – Great gift for children aged 3 and up",EGP 750.00,,0%,,,
toys,Professional Basketball,EGP 186.75,EGP 350.00,47%,,,1 out of 5(1)
toys,"Mattress, Water Carpet For Children In The Form Of A Rectangle.",EGP 190.00,,0%,,,4.2 out of 5(5)
toys,"koolbitz Simulation Juicer Blender Toy, Pretend Play Kitchen Set With Realistic Light & Sound, Educational Role Play Gift For Kids Age 3+",EGP 260.10,EGP 388.00,33%,,,
toys,"Hover Soccer Ball Boy Toy, Air Power Floating Hover Soccer with LED Light & Soft Foam Bumper, Kids Training Soccer Ball Indoor Outdoor Game, Birthday Gifts for Age 3 4 5 6 7 8-10 Years Old Boys Girls",EGP 300.00,,0%,,,
toys,"Basketball Shooting Game, 29PCS Tabletop Game Set Desktop Toys Arcade Basketball Game for Kids Adults Game Sports Favors Stress Relief",EGP 310.00,,0%,,,
toys,Toys Large Remote Control Aircraft Children's Toys Passenger Plane Model Light Boy Stalls -Multicolored,EGP 299.00,,0%,,,5 out of 5(1)
toys,"Miniature sports car model, light gray, metal car model, 1:32 scale, modern design with fine details",EGP 600.00,,0%,,,
toys,Plastic Blender Juser Set Little Chef Dream MY HOME,EGP 580.00,,0%,,,
toys,Chick Shape Drinking Water Dispenser - Yellow,EGP 120.00,,0%,,,5 out of 5(1)
toys,Pro Magnetic Fruit & Vegetable Cutting Play Set with Safe Knife – Educational Pretend Kitchen Toy for Boys and Girls,EGP 290.00,EGP 370.00,22%,,,
toys,1/10 RC Racing Drifting Cars 70 km/h with LED Light 2.4G High Speed Remote Control Toy Big Off-road 4WD for Adults Boys,"EGP 7,951.70","EGP 13,682.95",42%,,,
toys,Pretend Play Toy Blender with Fruit Accessories – Realistic Beige Kitchen Blender for Kids – Safe & Durable Imaginative Playset – Encourages Creativity and Motor Skills,EGP 475.00,,0%,,,1 out of 5(1)
toys,Radio Controlled Luxuzious Car,EGP 629.50,EGP 740.00,15%,,,
toys,& Light Kitchen Set Toy for Kids - 42 PCS Kitchen Playset,EGP 990.00,"EGP 1,200.00",18%,,,
toys,Kids' Kitchen Playset - 65 Pieces,EGP 700.00,"EGP 1,000.00",30%,,,
toys,"Kids Kitchen Play Set – 50-Piece Pretend Cooking Toy with Water Dispenser, Ice Maker, Real Smoke, Lights, Sounds & Chalkboard – Large Indoor Kitchen for Boys & Girls Ages 3+ (77x47x22 cm)","EGP 1,750.00",,0%,,,
toys,"Toy Set with Cooking Accessories, Running Water Sink, and Vegetables - Perfect Educational Gift for Kids",EGP 400.00,EGP 475.00,16%,,,
toys,MUMS PLANET RC Car Toy 1:16 Scale Fashionable Remote Control Sports Car Model With Dynamic LED Light,EGP 960.00,,0%,,,
toys,"Baby Tummy Time Water Mat Premium Activity Center for Enhancing Baby Toys and Sensory Toys, Visual Stimulation Baby Play Mat for Boys and Girls (Rectangle Shape)",EGP 125.00,EGP 225.00,44%,,,
toys,Blitzer Sonic – 1/32 Aero Mini 4WD Car – With Motor – DIY Assembly – Requires 2×AA Batteries,EGP 380.00,EGP 650.00,42%,,,
toys,Sensor RC Helicopter,EGP 269.00,EGP 359.00,25%,,,
toys,Military Truck 1/12 With Remote Control With 2 Bullets - QH9004-2,"EGP 2,719.00",,0%,,,
toys,Portable Suitcase Shape Kids Pack of Kitchen Playset - Musical & Light Kitchen Set Toy for Kids,"EGP 1,150.00","EGP 1,500.00",23%,,,3.7 out of 5(6)
toys,"Mini Kitchen Playset for Toddlers – 37-Piece Tabletop Pretend Cooking Set – Compact Size 34.5x16x42 cm – Realistic Lights, Sounds & Steam – Sink & Accessories – Gift for Ages 3+ – Fisca Bebo_toys",EGP 735.00,"EGP 1,000.00",27%,,,
toys,Water Play Mat For Children,EGP 160.00,EGP 200.00,20%,,,5 out of 5(2)
toys,Kids Kitchen Toy Set – 104-Piece Pretend Play Food & Accessories – Large Size 54x22x101 cm – Indoor Play Sink with Lights & Steam Sounds – Realistic Cooking Fun for Toddlers – Valuable Gift for Boys & Girls Bebo_toys,"EGP 1,800.00","EGP 2,000.00",10%,,,
toys,33 Pieces Kitchen Set for Children - Multifunctional Toy Kitchen with Light and Sound,EGP 470.00,EGP 650.00,28%,,,
toys,Metal DODGE Car Model with Openable Doors - 1:36 Scale Red Toy,EGP 225.00,,0%,,,
toys,Model Car Super Power 1:20 Model,EGP 296.00,EGP 330.00,10%,,,
toys,Play House Toys Mini Water Dispenser Toy,EGP 120.00,,0%,,,3 out of 5(1)
toys,Mini-Locker Accessories & Fruit Play Set,EGP 140.75,EGP 190.00,26%,,,
toys,"High Quality Kitchen bag Toy For Kids For Endless Hours Of Entertainment - Multi Colour boy toys, girl toys, birthday gift, Christmas gift, growth, fun, for kids.",EGP 325.00,,0%,,,
toys,Kitchen Toy Stove With Light,EGP 600.00,EGP 700.00,14%,,,3 out of 5(1)
toys,Stick and Ball Building Set - STEM Educational Toys for Kids,EGP 390.00,,0%,,,
toys,Pasabache Pasabahce Turkish Tea Set  -6 Cups With 6 Saucers- 140ml -Turkey Made,EGP 674.00,EGP 710.00,5%,,,
toys,Play House Shopping Cart For Kids,EGP 336.25,EGP 400.00,16%,,,
toys,"Inflatable Animals Water Pets Toys, 30cm - No:34030",EGP 129.00,,0%,,,
toys,"Exost Smash N Go Stunt Pack, Smash Powered Battle Cars, Double Launch Crash Game, Drag Race Vehicles with Lock Launchers, High-Speed Action Toys for Boys Aged 3+ Years, No Batteries",EGP 250.00,"EGP 1,000.00",75%,,,
toys,'n Toss Multi-Color Self-Adhesive Beach Toy Ball Set,EGP 125.00,EGP 275.00,55%,,,2.8 out of 5(4)
toys,"2-in-1 Kitchen & Cashier Stand Toy – 83-Piece Interactive Cooking & Shopping Playset with Ice Cream Clay Maker  Water Dispenser, Sound & Light – Realistic Appliances – For Boys & Girls – 77*47*22 cm – Multi-Color","EGP 1,750.00","EGP 2,500.00",30%,,,
toys,Remote Control Racing Car for Kids – High-Speed RC Vehicle with Dual Joystick Controller – Durable Wheels – Sleek Red Design – Indoor/Outdoor Toy Car – Easy-to-Use Remote – Gift for Boys & Girls – Ages 3+,EGP 375.00,,0%,,,
toys,Children's Boat Swim Ring - Fun Water Safety for Kids.,EGP 122.40,,0%,,,
toys,A Hand-controlled Volleyball Game Developed With Endless Tricks,EGP 287.00,,0%,,,
toys,"Sports Car Model, Black, with LED Light, 1:32 Scale Luxury Metal Toy Car",EGP 620.00,,0%,,,
toys,Stainless Steel Cookware Set For Kids no.666,EGP 336.00,EGP 400.00,16%,,,5 out of 5(1)
toys,"Baby Tummy Time Water Mat Premium Activity Center Promoting Baby Toys & Sensory Toys,Baby play mat Visual Stimulation Gift for Boys & Girls",EGP 150.00,,0%,,,
toys,A safe and comfortable swimming float for children with a backrest and handle.,EGP 125.00,EGP 350.00,64%,,,
toys,Water Toys Set For Kids – 4 Fun Pieces!,EGP 250.00,EGP 310.00,19%,,,4 out of 5(1)
toys,Sea Toys Set For Kids - 13 Pieces,EGP 150.00,,0%,,,4.8 out of 5(5)
toys,Playset for Kids - 42 Pieces by Bebo_toys,EGP 900.00,"EGP 1,500.00",40%,,,
toys,"Toss And Catch Ball Set - Beach Toys, Paddle Ball, Camping Game Set for Kids, Backyard Fun",EGP 150.00,,0%,,,
toys,Safe and comfortable baby water float with a backrest and handle.,EGP 130.00,EGP 300.00,57%,,,1 out of 5(1)
toys,Arabic Doctor's Tools Game for Kids,EGP 650.00,,0%,,,
toys,Kitchen Toys Pretend Play Set,EGP 129.25,EGP 200.00,35%,,,
toys,rt Shop Dessert Play Set – Ice Cream – 10 Pcs - No:6656,EGP 239.00,,0%,,,
toys,Vecto VT2770E/GR Flying Sensor Helicopter Toy – Green – Rechargeable USB Flying Toy with Lights & Remote Control,EGP 525.00,,0%,,,
toys,ic Spiral Zipper Toy – Innovative Multi-colored Toy for Children,EGP 65.00,EGP 150.00,57%,,,3 out of 5(4)
toys,DIE CAST Alloy Car Toy with Pull Back Feature - Red,EGP 320.00,,0%,,,5 out of 5(4)
toys,"Dream Kitchen Play Kitchen for Kids, Grey and Blue, Plastic, 34.5 *25.5 *41.8 cm, with Lighting and Accessories, for Kids 3 Years and Up",EGP 600.00,,0%,,,
toys,Robot Toys for Children Over 3 Years Old,EGP 630.00,,0%,,,
toys,Game,EGP 275.00,,0%,,,
toys,Mini Iron Toy for Kids - Fun Role-Play Adventure.,EGP 324.00,EGP 405.00,20%,,,
toys,Amusing Toy Stunt Scooter Bump & Go 360 Degree Rotating Spot Stunt Scooter Dancing Motorcycle Toy For Kids,EGP 369.00,EGP 490.00,25%,,,
toys,"Sports Car Model, White, 1:32 Scale with Front LED Light, Metal Diecast Model for Display and Collection",EGP 600.00,,0%,,,
toys,"Race Car Assembly, 486 Pieces, White, Black, Red, Suitable for Kids Ages 6 and Up",EGP 650.00,,0%,,,
toys,"1:32 Scale Metal Sports Car Model, Collector Print, Gray, Modern Design, with Fine Details and Light",EGP 575.00,,0%,,,
toys,Police Building Blocks Car Sports Car Model Gray Black 487+ Pieces Suitable for Children Over 8 Years Old,EGP 650.00,,0%,,,2 out of 5(1)
toys,Boxing Punching Bag With Pair Of Mini Gloves,EGP 350.00,,0%,,,
toys,"Luxury Metal Car Model Collector Model, Red Orange, with Front Light, 1:32 Scale, Sport Design",EGP 575.00,,0%,,,
toys,Home Supermarket Trolly Shopping Cart With 48 Accessories,"EGP 2,000.00",,0%,,,
toys,Kitchen game for kids,EGP 450.00,,0%,,,
toys,Inflatable Water Play Mat for Tummy Time - Marine Life Design - Blue,EGP 240.00,EGP 290.00,17%,,,5 out of 5(3)
toys,"Kids Play Kitchen Set – 50-Piece Pretend Cooking Toy with Light, Sound, Spray, Sink & Rotating Dessert Table – Educational Role Play Kitchen for Toddlers Ages 3–5, Easy Assembly, Gift for Boys & Girls","EGP 1,150.00","EGP 1,200.00",4%,,,4 out of 5(1)
toys,Lazy Air Inflatable Sofa Portable Outdoor Beach - 1pcs,EGP 220.00,EGP 350.00,37%,,,
toys,"koolbitz Simulation Juicer Blender Toy, Pretend Play Kitchen Set With Realistic Light & Sound, Educational Role Play Gift For Kids Age 3+",EGP 260.10,EGP 388.00,33%,,,
toys,Baby Boys Girls Children Princess Castle Teepee Pop-Up Toy Tents,EGP 860.00,"EGP 1,100.00",22%,,,5 out of 5(2)
toys,"Hover Soccer Ball Boy Toy, Air Power Floating Hover Soccer with LED Light & Soft Foam Bumper, Kids Training Soccer Ball Indoor Outdoor Game, Birthday Gifts for Age 3 4 5 6 7 8-10 Years Old Boys Girls",EGP 300.00,,0%,,,
toys,"Basketball Shooting Game, 29PCS Tabletop Game Set Desktop Toys Arcade Basketball Game for Kids Adults Game Sports Favors Stress Relief",EGP 310.00,,0%,,,
toys,MUMS PLANET Small Police Car Toy - Remote Control Police Car for Kids,EGP 590.00,,0%,,,3 out of 5(2)
toys,"RC Climbing Car + Induction Helicopter – 6-Wheel Off-Road Remote-Controlled Vehicle with Flying Mode, LED Lights & USB Rechargeable Battery – Dual Function Toy for Kids Ages 6+ – Durable, Action-Packed & Terrain-Ready",EGP 800.00,"EGP 1,000.00",20%,,,
toys,"Kids Kitchen Play Set with Realistic Lights & Sounds – Water Circulation Sink, Candy Rack & Kitchen Accessories – Large Cooking Toy for Boys & Girls Ages 3+ – Indoor Pretend Play Kitchen (65x46.5x19 cm)",EGP 850.00,"EGP 1,200.00",29%,,,
toys,Reusable Water Balls – Pack of 6 Self-Sealing Silicone Water Balls,EGP 135.00,EGP 145.00,7%,,,
toys,Plastic Blender Juser Set Little Chef Dream MY HOME,EGP 580.00,,0%,,,
toys,"Pretend Chef Kitchen Playset with Light Music, Pretend Cooking Toy and Safe Cooking Utensils, Cute Food Playset for Kids, Fun Girl Toy Gift, Kitchen Sink with Running Water and Electronic Induction Stove",EGP 295.00,,0%,,,
toys,Remote Control Police Car for Kids – Realistic RC Vehicle with Opening Doors – Dual Joystick Controller – Sleek White Design with Light Bar – Durable Wheels – Indoor/Outdoor Play – Easy Operation – Gift for Boys & Girls – Ages 3+,EGP 399.00,,0%,,,
toys,"General Mini kids' play kitchen – 37-piece pretend cooking set – Compact size 34.5x16x42 cm – Realistic lights, sounds, and simulated steam – Includes sink and kitchen utensils – Great gift for children aged 3 and up",EGP 750.00,,0%,,,
toys,Toys Large Remote Control Aircraft Children's Toys Passenger Plane Model Light Boy Stalls -Multicolored,EGP 299.00,,0%,,,5 out of 5(1)
toys,Professional Basketball,EGP 186.75,EGP 350.00,47%,,,1 out of 5(1)
toys,DIE CAST/DOOR OPEN/3+ - Fun and Educational Toy for Kids,EGP 250.00,,0%,,,
toys,Stainless Steel Cookware Set For Kids no.6666,EGP 508.00,EGP 600.00,15%,,,5 out of 5(1)
toys,F1 Fast RC Drift Car Remote Control Car LED Lights 4WD 2.4GHz 360°Rotating RC Race Sport Stunt Car,"EGP 1,825.00","EGP 2,000.00",9%,,,
toys,Remote Control Stunt Car – 360° Rotation – Rechargeable Battery – High-Speed RC Toy Vehicle with USB Cable – Rugged Wheels – Indoor/Outdoor Play – Power Craze Packaging – Ages 3+,EGP 600.00,,0%,,,
toys,"Role Play Food Cooking Set - Kids Play Set with Sink, Steam Light and Sound - Bebo-toys",EGP 499.00,EGP 550.00,9%,,,2.5 out of 5(2)
toys,FRIDGE/DISPENSER TOY,EGP 250.00,,0%,,,
toys,Plastic Car Bear Shape 9 * 8 CM For Kids - Pink,EGP 250.00,,0%,,,
toys,Silicone Advanced Anti Fog Swimming Goggles Modern Design With Adjustable Silicone Strap And Nose Clip Suitable For Adults And Kids - Purple,EGP 150.00,,0%,,,
toys,"Hover Soccer Toy, Rechargeable Floating Soccer Ball with Led Lights and Foam Cushion, New Soccer Toys for Indoor Use, Best Gift for Children's Soccer Toys (C)",EGP 250.00,,0%,,,
toys,'s Racing Car,EGP 525.00,,0%,,,
toys,Safe and comfortable swimming float for children with a backrest and handle.,EGP 125.00,EGP 300.00,58%,,,
toys,Dinosaur Toy For Kids For Endless Hours Of Entertainment - Multi Colour,EGP 300.00,,0%,,,
toys,DIE CAST/METAL CAR - Durable and Safe Toy for Kids,EGP 265.00,,0%,,,
toys,Semi Traction Transport Excavator Set 1/12 - QH9010,"EGP 3,399.00",,0%,,,
toys,Kitchen With Water Sink Kids Toy - Pink,EGP 323.00,EGP 600.00,46%,,,3.1 out of 5(15)
toys,Baby Float In The Shape Of A Duck - High Quality,EGP 139.56,EGP 450.00,69%,,,3 out of 5(2)
toys,Red Shopping Cart With Wheels 0185,EGP 430.00,,0%,,,
toys,1:43 Metal Car with Car Models - Alloy Diecast Toy by Gepp,EGP 200.00,,0%,,,
toys,A safe and comfortable swimming pool for young children with a backrest equipped with a handle,EGP 130.00,EGP 300.00,57%,,,4 out of 5(1)
toys,Theme Party Toys Tea Set for Little Girls,EGP 485.00,,0%,,,
toys,Robot Toys For Children Over 3 Years Old,EGP 600.00,,0%,,,
toys,Toys Children Early Educational Learning Puzzle Wooden,"EGP 1,403.60","EGP 2,736.80",49%,,,
toys,Kitchen Little Chef Play Series 46 Pcs,"EGP 1,600.00",,0%,,,
toys,"Water Beads Mix Crystal Jelly Balls Rainbow Bullet 7mm, Bag 1000 Pcs",EGP 90.00,,0%,,,5 out of 5(1)
toys,Plastic Ice Cream Toy Double Twister Fun Multicolour,EGP 550.00,,0%,,,
toys,PLAYSET,"EGP 1,450.00",,0%,,,
toys,DIE CAST/DOOR OPEN/3+,EGP 340.00,,0%,,,4.3 out of 5(3)
toys,Remote Control Car,EGP 175.25,EGP 200.00,12%,,,
toys,"A Hand-controlled Volleyball Game Developed With Endless Tricks, Blue",EGP 287.00,,0%,,,2.5 out of 5(2)
toys,Kitchen With Water Sink Kids Toy - Blue,EGP 333.00,EGP 600.00,45%,,,4.3 out of 5(15)
toys,Playing House Vegetable With Kitchen Accessories,EGP 278.75,EGP 320.00,13%,,,
toys,"Pro Dream DIY Kitchen Playset for Girls with Lights, Sounds, Working Water Sink, Candy Rack and Accessories – Perfect Gift for Kids Ages 2-8",EGP 850.00,"EGP 1,250.00",32%,,,
toys,Remote Control Autobot Model Car Engineering,"EGP 1,285.00","EGP 1,400.00",8%,,,
toys,"Exost Smash N Go Stunt Pack, Smash Powered Battle Cars, Double Launch Crash Game, Drag Race Vehicles with Lock Launchers, High-Speed Action Toys for Boys Aged 3+ Years, No Batteries",EGP 250.00,"EGP 1,000.00",75%,,,
toys,Inflatable Beach Ball Mickey Mouse 51cm - No:91098,EGP 164.00,,0%,,,3 out of 5(1)
toys,"Electric Play Dishwasher Toy Set with Running Water, Kitchen Sink Playset with Utensils and Accessories, Ages 3+, 19 Pieces",EGP 500.00,EGP 550.00,9%,,,
toys,"Kitchen Paradise Toy Set for Kids – Realistic Steam & Water Effects – Interactive Cooking Playset with Utensils, Sink, Oven & Clock – Educational Pretend Roleplay Kitchen – Gift for Boys & Girls Ages 3+ – Colorful & Compact Design",EGP 800.00,"EGP 1,200.00",33%,,,
toys,Plastic Train Food Station Toy Comes With 6 Color Clay Cups So Sweet And Easy Extra Soft And Light Multicolour,EGP 450.00,,0%,,,
toys,"A transforming car toy with a remote control and a 4-way fast car, suitable for all children, from 4 to 12 years old.",EGP 390.00,,0%,,,4 out of 5(1)
toys,Engineering Truck Excavator Scale 1/12 With Remote Control - QH9001-2,"EGP 2,599.00",,0%,,,
toys,"A transforming car toy with a remote control and a 4-way fast car, suitable for all children, from 4 to 12 years old.",EGP 390.00,,0%,,,4 out of 5(1)
toys,Engineering Truck Excavator Scale 1/12 With Remote Control - QH9001-2,"EGP 2,599.00",,0%,,,
toys,"Baby Tummy Time Water Mat Premium Activity Center Promoting Baby Toys & Sensory Toys,Baby play mat Visual Stimulation Gift for Boys & Girls",EGP 150.00,,0%,,,
toys,"MUMS PLANET Armbands For Children With Cartoon Drawings Of Their Favorite Hero, Captain America_Captain America Armbands_Cartoon Heroes Children's Swimming Rings",EGP 150.00,,0%,,,5 out of 5(1)
toys,48-piece Children's Kitchen Toy - Engaging Playset for Kids,"EGP 1,350.00","EGP 1,700.00",21%,,,
toys,Plastic Coffee Machine Toy Beautiful And Dazzling Shape Yh129-1B Pink,EGP 480.00,,0%,,,
toys,Size 5 Football Designed In Black And White Color,EGP 169.00,EGP 300.00,44%,,,4 out of 5(4)
toys,Zippy Mat Jumbo Touch Keyboard Mat - 24 Keys / 8 Instruments for Kids,"EGP 2,349.00",,0%,,,5 out of 5(1)
toys,Fire Truck Toy - Red,EGP 340.00,,0%,,,1 out of 5(1)
toys,Kitchen 14 Pieces of Dream Kitchen Set,EGP 350.00,,0%,,,
toys,wave Play Game – Interactive Toy for Kids,EGP 790.00,"EGP 1,200.00",34%,,,
toys,MUMS PLANET 4 Pcs Dive Torpedo Bandits Pool Toys,EGP 195.00,,0%,,,3.7 out of 5(3)
toys,"Remote Control Dinosaur Toy for Kids – Spray Function, Walking & Egg-Laying – Realistic Tyrannosaurus Rex with Mist Effect – Interactive Prehistoric Play – Includes Dino Eggs & Controller – Ages 3+ – Color May Vary","EGP 1,000.00",,0%,,,
toys,"Kitchen Toy Set, Come With Cooking Accessories, Sink With Running Water, Vegetables,fruits, Pots,Basket.Large Storage Space.Educational Toy",EGP 359.10,EGP 399.00,10%,,,
toys,DIE CAST/+3/DOOR OPEN/BLACK,EGP 295.00,,0%,,,5 out of 5(1)
toys,Water Toys Set For Kids – 4 Fun Pieces!,EGP 250.00,EGP 310.00,19%,,,
toys,1:36 Alloy Car Model with Open Doors - Small Toy for Decoration (Black),EGP 250.00,,0%,,,5 out of 5(1)
toys,Fun Kitchen Fridge & Stove,EGP 152.25,EGP 200.00,24%,,,
toys,47 pieces cashier supermarket toy with trolli with sound and light,"EGP 1,500.00",,0%,,,
toys,Fathy Mahmoud 26-Piece Dinner Set - Elegant Porcelain Tableware,"EGP 2,900.00","EGP 3,850.00",25%,,,
toys,Engineering Truck With Excavator - QH9001-1D,"EGP 2,019.00",,0%,,,
toys,Kitchen Game For Children3,EGP 495.00,,0%,,,
toys,"1:32 Scale Premium Sports Car Model, High Quality Alloy, Red with Blue, with Light",EGP 575.00,,0%,,,
toys,AM ANNA Play Kitchen Playset with Realistic Steam & Light,EGP 575.00,,0%,,,2 out of 5(1)
toys,DIE CAST Army Car Toy - Brown,EGP 250.00,,0%,,,2 out of 5(1)
toys,Play House Toys Mini Water Dispenser Toy,EGP 120.00,,0%,,,
toys,"Kids' kitchen play set with sink and steam kettle, featuring a realistic design - Beebo Toys",EGP 500.00,EGP 550.00,9%,,,
toys,Kitchen Toy for kids 38pcs light & sound,EGP 525.00,,0%,,,
toys,", Dog Shape Drinking Water Dispenser (Blue)",EGP 130.00,,0%,,,
toys,DIE CAST/LIGHT/DOOR OPEN,EGP 310.00,,0%,,,
toys,A Little Chef - For Girls - Multicolor,EGP 999.00,,0%,,,4.8 out of 5(9)
toys,"Triggle Game Rubber Bands, Triggle Board Game Chains Triangle Chess Game Interactive Stacking Game Strategy Family Party Game Toy Classic Desktop Board Games for Children Kinetic",EGP 275.00,,0%,,,
toys,Conqueror Remote Control Jeep with Remote no.3335,EGP 244.25,EGP 300.00,19%,,,
toys,Playset,EGP 650.00,,0%,,,
toys,"Electric Play Dishwasher Toy Set for Kids – Real Water Flow Kitchen Sink Playset – 19-Piece Pretend Play Set with Utensils, Plates, Vegetables & Faucet – Educational Role-Play Toy – Ages 3+ – Safe & Durable – Color May Vary",EGP 499.00,EGP 750.00,33%,,,
toys,Girls Watch From GTG Toys - New,EGP 170.00,,0%,,,
toys,Metal DODGE Car Model with Openable Doors - 1:36 Scale,EGP 225.00,,0%,,,
toys,Children's Ring Swim Ring - Fun Water Safety for Kids,EGP 69.00,,0%,,,
toys,Car With Car Models Alloy Diecast Toys 1:43,EGP 200.00,,0%,,,
toys,"FunBlast Magnetic Fish Catching Game with Fishing Rod, 6 Aquatic Animal & Inflatable Tub Toy for Kids, Fishing Games for Children (Random Color)",EGP 250.00,,0%,,,
toys,RC Mecha Tank Stunt Water Bomb Tank no.585-33A,"EGP 1,026.00","EGP 1,500.00",32%,,,
toys,"AMAZING DISHWASHER 19 PEICES WATER BASIN,MOTORIZED,AUTOMATICALLY DISPENSES WATER WITH STRAINER AND A DISH RACK AND CUTTING BOARD",EGP 800.00,,0%,,,
toys,Large broom,EGP 550.00,,0%,,,
toys,Kitchen Toy For Kids - 18 Piece Playset for Imaginative Fun,EGP 800.00,,0%,,,5 out of 5(2)
toys,Inflatable Swimming Buoy Size 115 Cm - Ideal Kids Safety Float,EGP 150.00,EGP 450.00,67%,,,5 out of 5(1)
toys,Integrated Kitchen Toy For Children,EGP 170.00,,0%,,,2 out of 5(1)
toys,"Stover Garten 53-Piece Kitchen Set For Kids And Girls, Kitchen Playset With Realistic Sound And Steam Simulation With Water Outlet For Toddlers And Girls","EGP 1,150.00",,0%,,,
toys,3 In 1 Cartoon Mobile Briefcase Kids Kitchenette Toy Pretend Play Mini Kitchen Toy Set,EGP 475.00,,0%,,,
toys,Ji Long Sunclub Inflatable Pool Float Dinosaur Animal Shape For Kids - No:35001,EGP 229.00,EGP 479.00,52%,,,
toys,Car Toy With Remote Control And Pedals,EGP 658.00,EGP 700.00,6%,,,
toys,Semi Transporter Truck With 2 Full Layers With Remote Control - QH9006-2,"EGP 2,719.00",,0%,,,
toys,"Duck Dispenser Toy - Cute Water Fountain Shaped Like a Duck, Boosts Kids' Independence, Ideal for Birthday Parties, Girls’ Rooms, and Fun Hydration Activities",EGP 460.33,,0%,,,
toys,Robot Dog Stunt Spray Effect,"EGP 1,100.00","EGP 2,000.00",45%,,,
toys,Table Football Soccer Game,"EGP 5,900.00",,0%,,,
toys,Speed Super Racing 3D Light Design,EGP 185.00,EGP 230.00,20%,,,
toys,General Full Sea Display 5 Pieces Water + Inflatable Float + Life Jacket Shoulders + Pilot Rope Water Gun + Full Display Multi-Shape & Colors From Bavly,EGP 445.00,,0%,,,
toys,market Playset for Kids - Grocery Store Pretend Play Role Market Stall Toy Shop,"EGP 1,700.00",,0%,,,
toys,Duck-Shaped Water Dispenser Toy For Kids,EGP 125.00,,0%,,,1 out of 5(1)
toys,", Dog Shape Drinking Water Dispenser (Pink)",EGP 130.00,,0%,,,
toys,"Kids Play Kitchen Set with Lights, Sounds & Water Spray – 90 PCS Pretend Play Cooking Toy with Sink & Color-Changing Food (Height: 96 cm)","EGP 3,750.00",,0%,,,
toys,Home Little Helper Cleaning Tools 13 Pcs,EGP 750.00,,0%,,,
toys,Whirlwind Car Simulation Model,EGP 388.00,EGP 450.00,14%,,,
toys,Cute Sunlight Imaginative Arts Pottery Wheel for Unisex,EGP 450.00,,0%,,,
toys,"Military Model 1:14 Sacle Model Electric, Waterproof With Remote Control",EGP 669.75,EGP 800.00,16%,,,
toys,AM ANNA Play Kitchen Playset with Realistic Steam & Light for Kids,EGP 575.00,,0%,,,
toys,"Genetic Kitchen toy for kids ""Taste Kitchen"".",EGP 350.00,,0%,,,
toys,"Mini Football Games, Tabletop Football Game Set For Kids, Desktop Soccer Game With 3 Footballs, Family Sports Board Game, Exercise Children's Agility And Visual Skills",EGP 400.00,,0%,,,
toys,Shark Game,EGP 250.00,,0%,,,
toys,"Football, basketball and dart 3 in 1",EGP 620.00,,0%,,,
toys,Plastic Cute Mini Refrigerator,EGP 300.00,,0%,,,
toys,beach racket,EGP 245.00,,0%,,,
toys,Ji Long Sunclub Unicorn Swim Ring 55 Cm No: 37434,EGP 109.00,EGP 235.00,54%,,,2.5 out of 5(2)
toys,Fun Kitchen Ware Stove & Dispenser,EGP 152.25,EGP 200.00,24%,,,
toys,"Sling Puck Family Game - Fast & Rapid Tabletop Table Battle, Top Xmas Gift 2025, Unique Kids & Adults Christmas Stocking Stuffer Idea, Best Teenage Girl, Teen Boy & Tween Holiday Present",EGP 300.00,,0%,,,5 out of 5(2)
toys,"Baby Tummy Time Water Mat  Premium Activity Center Promoting Baby Toys & Sensory Toys,Baby play mat Visual Stimulation Gift for Boys & Girls",EGP 150.00,,0%,,,5 out of 5(1)
toys,Red5 RC Pagani Zonda R Car,"EGP 1,950.00","EGP 2,400.00",19%,,,
toys,"with Realistic Lights and Sounds, Running Water Play Tub, Candy Rack Toy and Kitchen Accessories Set for 2-8 Years",EGP 790.00,"EGP 1,000.00",21%,,,
toys,Spray Stunt Car Speed And Power rc no.jt690,"EGP 1,083.00","EGP 1,125.00",4%,,,
toys,Laser Lateral & Burst Stunt Car - Remote Control Car,"EGP 1,112.50","EGP 1,400.00",21%,,,
toys,"MUMS PLANET Cartoon Inflatable Swimming Ring, Kids Swimming Accessories, Cartoon Pool, Kids Safety Handle Boat, Suitable For Beach And Pool. (Multicolor) _ Kids Swimming Pool Toys _ Cartoon Shape Infant Safety Float _ Inflatable Kids Swimming Boat",EGP 400.00,,0%,,,
toys,Spray Stunt Car Speed And Power rc no.jt690,"EGP 1,083.00","EGP 1,125.00",4%,,,
toys,Laser Lateral & Burst Stunt Car - Remote Control Car,"EGP 1,112.50","EGP 1,400.00",21%,,,
toys,"MUMS PLANET Cartoon Inflatable Swimming Ring, Kids Swimming Accessories, Cartoon Pool, Kids Safety Handle Boat, Suitable For Beach And Pool. (Multicolor) _ Kids Swimming Pool Toys _ Cartoon Shape Infant Safety Float _ Inflatable Kids Swimming Boat",EGP 400.00,,0%,,,
toys,Football Size 5,EGP 170.00,,0%,,,
toys,Truck 1/12With Remote Control & 6 Bullets - QH9004-3,"EGP 2,719.00",,0%,,,
toys,Plastic Car Bear Shape 9x8 CM For Kids - Mustard,EGP 250.00,,0%,,,
toys,Portable Suitcase Shape Kids Kitchen Playset - 53 PCS with Lights & Sounds,"EGP 1,150.00","EGP 1,500.00",23%,,,
toys,Mini Iron Children's Stimulation Household Appliances Series,EGP 307.50,EGP 400.00,23%,,,
toys,Donuts Sea Buoy 90cm - Inflatable Pool Toy for Kids,EGP 150.00,EGP 200.00,25%,,,5 out of 5(1)
toys,"Kids Kitchen Sink Toy with Motorized Faucet – Real Water Circulation System, Dish Rack, Plates, Cups, Utensils, Soap Bottle & Brush – Colorful Pretend Play Set for Toddlers – Safe Plastic – Interactive Role Play Fun",EGP 700.00,,0%,,,
toys,Metal Sports Car Model Collector Collection Model 1:32 Scale Black with LED Light Fashion Design,EGP 575.00,,0%,,,
toys,Sun Club Armbands 23cm X15cm(9inx6in),EGP 200.00,,0%,,,
toys,1:43 Metal Car with Car Models Alloy Diecast Toys Gepp,EGP 200.00,,0%,,,
toys,"Pool Float For Adult, Pool Float Tube For Kids, Pool Swim Ring,Water Fun Large Blow Up Summer Beach Swimming Raft Kids Adults",EGP 175.00,,0%,,,
toys,Toys Kitchen Dolls Toys for 3 Year Old Girls,EGP 585.00,EGP 650.00,10%,,,
toys,& Light Kitchen Set Toy for Kids with Amazing Sound and Accessories - 42 PCS Kitchen PLAYSET,EGP 850.00,"EGP 1,200.00",29%,,,
toys,PINK CUP HOLDER FLAMENGO FLOATER,EGP 160.00,,0%,,,5 out of 5(2)
toys,Remote Control Robot Toys For Children Over 3 Years Old,"EGP 1,200.00",,0%,,,
toys,"Air Power Football Toy, Hover Soccer Ball Rechargeable with LED Colorful Lights Sport Ball, Hover Ball Gift Outdoor Indoor Games for Boys Girls Age 3+",EGP 376.00,,0%,,,
toys,Castle bathroom shower for baby,EGP 495.00,,0%,,,
toys,"DMG TECH DMG Hover Soccer Ball, Indoor Floating Soccer Ball Toys with Colorful LED Light and Soft Foam Bumper, Fun Soccer Training Equipment, Safe for Indoor Play, Perfect Gifts for Boys Girls Kids",EGP 350.00,,0%,,,
toys,Model Car Remote Control R/C 1:12,"EGP 1,227.00","EGP 2,200.00",44%,,,
toys,Plastic Blender Toy Beige,EGP 250.00,,0%,,,
toys,DIE CAST/yellow/DOOR OPEN,EGP 290.00,,0%,,,
toys,"Premium Sports Car, Black, Die-cast Metal Model, 1:32 Scale with LED Light, Display and Collection Toy Cars",EGP 600.00,,0%,,,
toys,small kids kitchen,EGP 475.00,,0%,,,
toys,Water Toys Set For Kids – 4 Fun Pieces!,EGP 250.00,EGP 310.00,19%,,,
toys,Fun Kitchen Rice Cooker & Stove,EGP 158.00,EGP 200.00,21%,,,
toys,Bus for kids,EGP 300.00,,0%,,,5 out of 5(1)
toys,"2 Cars With 2 Controllers,Racing Game for children and Adults","EGP 1,000.00",,0%,,,
toys,Free Soldier Soldier Force Bucket Playset (100 Pieces) - New,"EGP 1,530.00",,0%,,,
toys,Buggy Speed Drift Vehicle 1:10 with Remote Control - YC21121- 333,"EGP 3,909.00",,0%,,,
toys,Tent Kids 3 In 1 Tunnel Tent Game,EGP 885.00,,0%,,,
toys,Marine Animal Water Mat for Babies,EGP 270.00,EGP 350.00,23%,,,
toys,Laser Lateral & Burst Stunt Car - Remote Control Car,"EGP 1,112.50","EGP 1,400.00",21%,,,
toys,Kids Kitchen Toy Set – 104-Piece Pretend Play Food & Accessories – Large Size 54x22x101 cm – Indoor Play Sink with Lights & Steam Sounds – Realistic Cooking Fun for Toddlers – Valuable Gift – Bebo_toys,"EGP 1,800.00","EGP 2,200.00",18%,,,
toys,STOVE/DISPENSER TOY SET,EGP 250.00,,0%,,,
toys,"Castle Kitchen Play Set for Kids – 38-Piece Cooking Station with Lights & Sound – Toy Stove, Oven, Fridge, Sink & Accessories – Pretend Play for Boys & Girls Ages 3+ (30x12x40 cm)",EGP 650.00,"EGP 1,000.00",35%,,,
toys,Kitchen Toy For Kids 18 Pcs,EGP 800.00,,0%,,,5 out of 5(1)
toys,Drift Spray Truck - Remote Control Car,EGP 997.50,"EGP 1,400.00",29%,,,
toys,Fun Kitchen Rice Cooker & Fridge,EGP 163.75,EGP 200.00,18%,,,
toys,"Chain Triangle Game, Triggle Game, Triggle Elastic Band Game, Chain Triangle Game, Classic Strategy Collectable Pegboard Game for Children, Adults, Family Party",EGP 300.00,,0%,,,
toys,Restaurant Delicious Pizza For Kids,EGP 163.75,EGP 230.00,29%,,,
toys,"Racing Car - Sporty Red Design, High Speed and Precise Control",EGP 804.00,"EGP 1,005.00",20%,,,
toys,Tent Kids 3 In 1 Tunnel Tent Game,EGP 885.00,,0%,,,
toys,Ric Speed Formula 1 Racing Car Dream,EGP 825.00,"EGP 1,000.00",18%,,,
toys,Metal Modification Accessory Kit Suspension  Steering Knuckle Set for Tamiya TT01 TT-01 1/10 RC Car Upgrade Parts,"EGP 2,351.45","EGP 4,008.60",41%,,,
toys,Round Swimming Ring With Watermelon Design - Red,EGP 250.00,,0%,,,
toys,Nuts dish,EGP 399.00,EGP 875.00,54%,,,
toys,BASKETEBALL GAME VERY INTERSTING,EGP 380.00,,0%,,,
toys,Kenzy Toys Yellow Baby Car,"EGP 1,850.00",,0%,,,
toys,Rastar Radio Control Car BMW I8 -48400,"EGP 1,290.00",,0%,,,
toys,Rastar Mclaren P1 1:24 With Remote Control - Orange - 56700,"EGP 1,719.00",,0%,,,
toys,"Inflatable Ocean Theme Water Play Mat for Kids - Tummy Time Activity Center with Sea Animals, Blue (85CM)",EGP 235.00,,0%,,,1 out of 5(1)
toys,"Remote Control Racing Car, Multicolor",EGP 270.00,EGP 300.00,10%,,,
toys,Bowa Makeup Desk And Chair Beautician Luxury Dressing Table 36 Pieces - 8221C,"EGP 1,629.00",,0%,,,
toys,Storm Air Force Warplane with Remote Control - Green - HN-9962,"EGP 1,089.00",,0%,,,
toys,Acousto-Optic Tank Model with Remote Control - 383-76A,"EGP 1,189.00",,0%,,,
toys,"6 In 1 Table Top Sports Games Set - Mini Table Sports Games -Tabletop Pool, , Basketball, Golf, Bowling, Shuffleboard, Ice Hockey - Indoor Sports Games",EGP 650.00,,0%,,,
toys,Chick Shape Drinking Water Dispenser - Fun and Educational for Kids,EGP 120.00,,0%,,,
toys,Jeep Captor Remote Control Car,EGP 572.00,EGP 700.00,18%,,,
toys,Plastic Water Blaster for Kids with Strawberry Design,EGP 180.00,,0%,,,
toys,Food Truck With Chairs Set,EGP 175.25,EGP 210.00,17%,,,
toys,METAL/CAR TOY/BLUE,EGP 275.00,,0%,,,
toys,ADIDAS Soccer UEFA Champions League Club 24/25 Knockout Phase Ball JH1286,"EGP 1,199.25","EGP 1,599.00",25%,,,
toys,Maisto Cyklone Drift Stunt Series Motorcycle Multicolor with Remote Control - 82293,"EGP 3,309.00",,0%,,,
toys,Road Rescue Truck Scale 1/12 - QH9005-1,"EGP 2,719.00",,0%,,,
toys,Ric Speed Formula 1 Racing Car Dream,EGP 825.00,"EGP 1,000.00",18%,,,
toys,Spray Stunt Car With Watch Control no.31001-1,"EGP 1,227.00","EGP 1,500.00",18%,,,
toys,Kitchen Set for Kids,"EGP 1,100.00",,0%,,,
toys,Fun And Beautiful Summer Games Diving Sticks.,EGP 175.00,EGP 225.00,22%,,,
toys,Duck-Shaped Water Dispenser Toy For Kids,EGP 125.00,,0%,,,1 out of 5(1)
toys,DIE CAST/DOOR OPEN/+3/ORANGE Toy Car,EGP 290.00,,0%,,,
toys,Kitchen game for kids,EGP 450.00,,0%,,,
toys,Confectionery Making Toys Set - Creative Play Dough Molds for Kids,EGP 375.00,,0%,,,
toys,Maayergy NO:KT 354167_9903 Dinosaur Toy For Kids For Endless Hours Of Entertainment - Multi Colour,EGP 320.00,EGP 499.00,36%,,,
toys,Kids' Play Bucket with a Set of Colorful Sand Tools,EGP 220.00,,0%,,,
toys,Tabletop Game - Mini Foosball Board Game for Two Players,EGP 275.00,,0%,,,
toys,Dream Land Happy Little Chef Simulation Kitchen with Accessories - G669A,EGP 589.00,,0%,,,
toys,Super Hero Simulation Model Remote Control Car,EGP 451.25,EGP 550.00,18%,,,
toys,DUCK WATER DISPENSER TOY,EGP 280.00,,0%,,,
toys,MUMS PLANET Fun Donut Design Inflatable Swim Ring With Bite-Off Piece And Colorful Sprinkles,EGP 195.00,,0%,,,
toys,Dentist Kit For Kids,EGP 274.00,,0%,,,
toys,48-piece children's kitchen toy,"EGP 1,335.00","EGP 1,700.00",21%,,,
toys,Apex Racer 2 Remote Control Car Led Light,EGP 911.25,"EGP 1,000.00",9%,,,
toys,crazy jack car,EGP 379.00,,0%,,,
toys,Soft Crystal Water Beads Colorful Paintball Bullets For Water 90 g Toy Pearl Shaped Soil Mud Grow Magic Jelly Balls Non-Toxic Gel Balls Home Decor Wedding Centerpieces Crafts Vase Fillers 9-10mm,EGP 120.00,,0%,,,
toys,Water Toys Set For Kids – 4 Fun Pieces!,EGP 250.00,EGP 310.00,19%,,,
toys,"MUMS PLANET Diving Ring Toys, 4 Pieces - Sea Toys - Swimming Pool Toys - Kids Toys - Diving Toys For Kids - Sea And Swimming Toys For Kids",EGP 230.00,,0%,,,
toys,Armor Vehicle Gear up For The System with Remote Control - 777-271,"EGP 5,189.00",,0%,,,
toys,Military Truck 1/12 With Remote Control - QH9004-1,"EGP 2,719.00",,0%,,,
toys,Children's Beach Play Set with Colorful Tools and Molds,EGP 220.00,,0%,,,
toys,"Beach Toy Set, Digger Truck With Sand Tools For Kids",EGP 450.00,,0%,,,
toys,The Air Force Plane Fighter with Remote Control - PY198-12,EGP 649.00,,0%,,,
toys,Soft Crystal Water Beads Colorful Paintball Bullets for Home Decor and Crafts - 90g,EGP 125.00,,0%,,,5 out of 5(1)
toys,Remote Control Stunt Car Mist Spray 360 Stunt Spin,EGP 738.75,"EGP 1,000.00",26%,,,
toys,RC Mecha Tank Stunt Water Bomb Tank no.585-33A,"EGP 1,026.25","EGP 1,400.00",27%,,,
toys,Strong Driving Remote Control Car no.858-27,EGP 209.75,EGP 300.00,30%,,,
toys,"Kitchen Stove Set For Unisex, Multi Color",EGP 177.00,,0%,,,
toys,Electric Kitchen Set Hellokitty,EGP 950.00,,0%,,,
toys,1:36 Alloy Car Model with Three Opening Doors - Blue,EGP 250.00,,0%,,,
toys,Kitchen Play Set Role Pretend Game Toy Fun Play Kids,EGP 380.00,EGP 400.00,5%,,,
toys,Plastic Racing Car Formila Primot Remote Controller,"EGP 1,599.00",,0%,,,
toys,"Remote Control Racing Car, Multicolor",EGP 270.00,EGP 300.00,10%,,,
toys,Mini Rice Cooker Toy - Interactive Cooking Fun for Kids,EGP 316.00,EGP 395.00,20%,,,
toys,Ji Long Sunclub Inflatable Swimming Pool Floating Rainbow Water Lounger 148*99 Cm - No:37606,EGP 546.00,,0%,,,5 out of 5(2)
toys,Kids Water Blaster – Red & Green,EGP 185.00,,0%,,,
toys,Rastar Bugatti DIVO 1:24 With Remote Control - Black - 98900,"EGP 1,519.00",,0%,,,
toys,"Sports Racing Car, Supercar Model, Red, 471 Pieces, Construction Set for Kids Ages 6 and Up",EGP 650.00,,0%,,,
toys,1:36 Alloy Car Model with Three Doors Open - Small Red Toy Decoration,EGP 250.00,,0%,,,
toys,REMOTE CONTROL RACE CAR,EGP 500.00,,0%,,,
toys,"Double-Sided Stunt RC Gesture Control Car – Four-Wheel Drive, Lights & Music, Indoor/Outdoor Play","EGP 1,100.00","EGP 1,400.00",21%,,,
toys,Remote Control Motors 1:10 Scale Racing,EGP 545.00,EGP 650.00,16%,,,
toys,"Swimming and diving goggles with snorkel,",EGP 199.00,EGP 280.00,29%,,,
toys,Zippy Mat Jumbo Touch Keyboard Playmat Piano Dance Mat for Kids - 24 Keys / 8 Instruments,"EGP 2,349.00",,0%,,,5 out of 5(1)
toys,"MUMS PLANET Veleish Swim Ring, Clear Floating Ring, Sequined Swim Ring With Rainbow Starry Sky Design, Durable Inflatable Swim Tube With Sequins For Kids, Swimming Rings For Summer Pool Party_Swimming Float_Kids Swim Ring",EGP 300.00,,0%,,,
toys,Play House Toys Mini Water Dispenser Toy,EGP 120.00,,0%,,,
toys,"Car Model, Metal Red, with Front Light, 1:32 Scale Metal Toy Car, for Kids and Display",EGP 620.00,,0%,,,
toys,MUMS PLANET Safe Swimming Float for Toddlers with Backrest,EGP 195.00,,0%,,,
toys,"Cat Play Mat, Sensory Water Play Mat for Cats, Sensory Water Mat for Cats, Interactive Toy, Summer Thickened Inflatable Water Mat for Cats and Dogs (Circular)",EGP 150.00,,0%,,,
toys,"Swimming and diving goggles with snorkel,",EGP 199.00,EGP 280.00,29%,,,
toys,Zippy Mat Jumbo Touch Keyboard Playmat Piano Dance Mat for Kids - 24 Keys / 8 Instruments,"EGP 2,349.00",,0%,,,5 out of 5(1)
toys,"MUMS PLANET Veleish Swim Ring, Clear Floating Ring, Sequined Swim Ring With Rainbow Starry Sky Design, Durable Inflatable Swim Tube With Sequins For Kids, Swimming Rings For Summer Pool Party_Swimming Float_Kids Swim Ring",EGP 300.00,,0%,,,
toys,Play House Toys Mini Water Dispenser Toy,EGP 120.00,,0%,,,
toys,"Car Model, Metal Red, with Front Light, 1:32 Scale Metal Toy Car, for Kids and Display",EGP 620.00,,0%,,,
toys,MUMS PLANET Safe Swimming Float for Toddlers with Backrest,EGP 195.00,,0%,,,
toys,"Cat Play Mat, Sensory Water Play Mat for Cats, Sensory Water Mat for Cats, Interactive Toy, Summer Thickened Inflatable Water Mat for Cats and Dogs (Circular)",EGP 150.00,,0%,,,
toys,"Intex 59230NP Inflatable Swim Ring Lively Print Fruits, 51CM",EGP 145.00,EGP 260.00,44%,,,
toys,Girls Kitchen 14 pieces of Dream Kitchen,EGP 333.00,,0%,,,
toys,GAOERJIEFU Mini water boiler,EGP 325.00,,0%,,,
toys,Green Syringe Water Blaster,EGP 165.00,,0%,,,
toys,Burger Game,EGP 149.00,EGP 249.00,40%,,,
toys,"Swimming and diving goggles with snorkel,",EGP 199.00,EGP 280.00,29%,,,
toys,Kitchen Playset for Kids - 42 Pieces,EGP 900.00,,0%,,,
toys,Plastic Rice Machine Maker Toy,EGP 163.75,EGP 200.00,18%,,,
toys,DIE CAST/METAL WHITE BUS TOY,EGP 290.00,,0%,,,
toys,Metal Car Model DODGE - Two Doors Open Small Toys Decoration (Red) 1:36,EGP 220.00,,0%,,,
toys,Metal Car Model DODGE - Two Doors Open Small Decorative Toy (White) 1:36,EGP 225.00,,0%,,,
toys,Kitchen Set 30 Pcs,EGP 275.00,,0%,,,
toys,Fruit And Vegetable Cutting Game,EGP 150.00,,0%,,,3 out of 5(1)
toys,Metal Car Model DODGE Two Doors Open - Red 1:36 Scale Diecast Toy,EGP 225.00,,0%,,,
toys,Ji Long Jilong Sunclub 35002 Glitter Rainbow Ring - Outdoor Inflatable Water Toy for Kids,EGP 189.00,EGP 396.00,52%,,,5 out of 5(2)
toys,"Playful Kitchen - Eye-Catching Pink Cooking Set with Gas Oven and Shopping Cart, Measuring 27.5x13.5x30.5 cm to Encourage Culinary Fun for Kids",EGP 700.00,,0%,,,
toys,DIE CAST/DOOR OPEN/+3/blue,EGP 290.00,,0%,,,
toys,City Sanitation Truck With Green Container - 858-03C,"EGP 1,419.00",,0%,,,
toys,Hubby Time Children's Digital Watch,EGP 249.00,,0%,,,
toys,Police Security Motor With Music And Light,EGP 500.00,EGP 600.00,17%,,,
toys,"tent 270 cm 3 pieces tunnel, closed house and open house with basket",EGP 799.00,"EGP 1,250.00",36%,,,
toys,Inflatable Kids,EGP 250.00,EGP 299.00,16%,,,
toys,Water Toys Set For Kids – 4 Fun Pieces!,EGP 250.00,EGP 310.00,19%,,,
toys,Be Blade Ring,EGP 328.78,,0%,,,
toys,Wood Chess Pieces XL Size + Zigor Special Bag,"EGP 1,008.00",,0%,,,
toys,Inflatable Kids,EGP 470.00,EGP 520.00,10%,,,
toys,MINI KITCHEN TOY SET,"EGP 1,200.00",,0%,,,
toys,Beach toy set for children,EGP 140.00,,0%,,,
toys,Die Cast Car Metal Pull-Back - 3 Piece Set,EGP 299.00,,0%,,,
toys,1:36 Alloy Car Model Three Doors Open - Small Toy Decoration (Black),EGP 250.00,,0%,,,
toys,Microwave Toy 3+,"EGP 1,100.00",,0%,,,
toys,"Microwave Toy for Kids, Pink Kitchen Set, with Plastic Food Accessories, Tableware and Plates, Educational Role Play Toys",EGP 600.00,,0%,,,
toys,Rastar Radio Control Car BMW X6 -31700,"EGP 1,290.00",,0%,,,
toys,Back Gammon Chips,EGP 120.00,,0%,,,
toys,Rock Climbing Truck With Container With Remote Control - 858-04B,"EGP 1,419.00",,0%,,,
toys,From Father Rocket - Effective Abdominal Muscle Trainer,"EGP 1,999.00",,0%,,,
toys,Engineering Bulldozer Construction Truck 1/16 with Remote Control - 1554,"EGP 3,849.00",,0%,,,
toys,"Deluxe Animal Swim Ring 1.07mx58cm/42""x23"", Unicorn",EGP 285.00,,0%,,,
toys,Pretend Play Kitchen Electric Dishwasher Kids Basin Washing Machine Toy,EGP 755.00,"EGP 1,000.00",25%,,,
toys,Aqua Gatoroo Remote Control Car,"EGP 1,695.00",,0%,,,
toys,DIE CAST/4*4 CAR,EGP 265.00,,0%,,,
toys,"Beach Toy Set, Digger Truck With Sand Tools For Kids",EGP 399.00,,0%,,,
toys,DIE CAST Light and Sound Toy Car with Openable Doors - White,EGP 299.00,,0%,,,
toys,A Little Chef - for Girls - 3-in-1 Pretend Play Kitchen Set,EGP 999.00,,0%,,,
toys,Ji Long Sunclub Alpaca Ring Outdoor Inflatable Water Sports Pool Floating - No:37618,EGP 91.00,,0%,,,
toys,Fun Table Ware Funny Kitchen,EGP 238.00,EGP 300.00,21%,,,
toys,Boat With Beach Tools For Kids,EGP 110.00,,0%,,,
toys,"Educational Toy Kitchen for Kids, Red and Yellow, Plastic, 97x71x28cm, with Refrigerator, Microwave and Sink, Interactive Cooking Set","EGP 3,000.00",,0%,,,
toys,Model Bubble Car,"EGP 1,227.00","EGP 1,500.00",18%,,,
toys,Funny Play House Kitchen Accessories With Bag,EGP 307.50,EGP 340.00,10%,,,
toys,Tent Kids 3 In 1 Tunnel Tent Game,EGP 885.00,,0%,,,
toys,"Car Model, Metal, Turquoise Blue, Gold Wheels, 1:32 Scale, with Front Light, Diecast Car for Display and Collection",EGP 620.00,,0%,,,
toys,Mini Kitchen Tableware Set 33 Pcs,EGP 623.75,EGP 690.00,10%,,,
toys,METAL/CAR TOY/RED,EGP 260.00,,0%,,,
toys,Playdough Ice Cream Maker and Kitchen Set for Kids,EGP 750.00,,0%,,,
toys,Children Table Ware Suit – Fahi Pretend Play Kitchen Set for Kids,EGP 305.00,,0%,,,
toys,Garden Water Slide 4.88m - No:52329,"EGP 1,893.00",,0%,,,4 out of 5(1)
toys,Modern Kitchen Toy for Kids - Little Chef - 42 Pieces,"EGP 1,100.00",,0%,,,
toys,1:36 Alloy Car Model with Three Doors Open - Small Toy for Decoration (White),EGP 250.00,,0%,,,
toys,Water Toys Set For Kids – 4 Fun Pieces!,EGP 250.00,EGP 310.00,19%,,,
toys,Luxurious Bus Toy in Blue,EGP 310.00,,0%,,,
toys,"Pool Swim Ring,Water Fun Large Blow Up Summer Beach Swimming Raft Kids Adults",EGP 175.00,,0%,,,
toys,Soft Crystal Water Beads Colorful Paintball Bullets for Home Decor and Crafts,EGP 150.00,,0%,,,
toys,winfun WinFun - Snuggle Pals Super Playmat - 710015,"EGP 2,459.00",,0%,,,
toys,53-piece kitchen - steam - water - sound - light - battery +3 years - 889-256,"EGP 1,120.00",,0%,,,
toys,DIE CAST/3+,EGP 200.00,,0%,,,
toys,1:36 Alloy Car Model with Three Open Doors - Blue,EGP 250.00,,0%,,,
toys,DIE CAST/4*4 CAR,EGP 260.00,,0%,,,
toys,Big Scale Race Car with Wheels and Gas Pedals,EGP 875.00,EGP 990.00,12%,,,
toys,Funny Play House Microwave With kitchen accessories,EGP 307.50,EGP 390.00,21%,,,
toys,Little Worker Tool Helper Set,EGP 325.00,,0%,,,
toys,KIT Cycle Bottle Cage for Apple Airtag - Durable and Discreet Holder,EGP 196.13,,0%,,,
toys,DIE CAST/LIGHT/DOOR OPEN Toy Car,EGP 310.00,,0%,,,
toys,36-piece children's play kitchen,"EGP 1,120.00",,0%,,,
toys,DIE CAST/METAL/3+,EGP 265.00,,0%,,,
toys,Summer Blast Swim Tube 119 Cm  – 36120,EGP 335.00,,0%,,,
toys,DIE CAST/LIGHT/DOOR OPEN/WHITE,EGP 299.00,,0%,,,
toys,DIE CAST/LIGHT/DOOR OPEN/RED,EGP 299.00,,0%,,,5 out of 5(1)
toys,Mini Little Kitchen Happy Toy Set,EGP 476.00,EGP 595.00,20%,,,
toys,Swimming Pool Arm Floats for Kids Roll Up Floaties Inflatable Water Wings for Swim Arm Bands (Yellow),EGP 499.00,,0%,,,
toys,Round Donut Design Swimming Ring - Pink,EGP 199.00,,0%,,,5 out of 5(1)
toys,Toy Truck With Sand Machines From MoskyShop,EGP 224.25,EGP 400.00,44%,,,
toys,Beach bucket with beach toys,EGP 140.00,,0%,,,
toys,DIE CAST/DOOR OPEN,EGP 275.00,,0%,,,
toys,DIE CAST/LIGHT/DOOR OPEN/OLIVE,EGP 299.00,,0%,,,4.5 out of 5(2)
toys,Gabi Cupcake Kitchen,EGP 700.00,,0%,,,
toys,Modern Kitchen Game for Kids – Little Chef – 49 Pieces 922-118,"EGP 1,900.00",,0%,,,
toys,"Mini Series Kids Toy Fruit Juicer Set, Black with Pink Accents, with Pretend Fruits",EGP 650.00,,0%,,,
toys,DIY Dream Kitchen Toy Set for Kids,EGP 550.00,,0%,,,
toys,Ji Long Sunclub Mesh Water Lounger Outdoor Inflatable Water Φ106m - No:35005,EGP 269.00,EGP 608.00,56%,,,
toys,1:43 Metal Car with Car Models Alloy Diecast Toys Military,EGP 200.00,,0%,,,
toys,"with Realistic Lights and Sounds, Running Water Play Tub, Candy Rack Toy and Kitchen Accessories Set for 2-8 Years","EGP 1,150.00",,0%,,,
toys,Inflatable Kids Float - Perfect for Beach and Pool Fun,EGP 250.00,EGP 299.00,16%,,,
toys,"General Electric Play Dishwasher Toy Set with Running Water, Kitchen Sink Playset with Utensils and Accessories, Ages 3+, 19 Pieces",EGP 425.00,,0%,,,
toys,Cutlery Fashion Cooking Set for Kids - Pretend Play Kitchen Toy,EGP 150.00,,0%,,,
toys,"Kids Supermarket Playset – 48PCS Interactive Toy with Checkout Counter, Scanner, POS Machine, Shopping Cart, Groceries & Shelves – Educational Pretend Play for Boys & Girls – Home Market Roleplay Set for Learning & Fun","EGP 1,950.00","EGP 3,000.00",35%,,,
toys,Kitty Scooter Game Click And Go For Children  Between You - New,EGP 160.00,,0%,,,5 out of 5(2)
toys,DIE CAST/LIGHT/DOOR OPEN,EGP 285.00,,0%,,,
toys,DIE CAST/LIGHT/DOOR OPEN - Interactive Toy Car with Light and Sound,EGP 250.00,,0%,,,
toys,1:36 Alloy Car Model with Three Doors Open - Red,EGP 250.00,,0%,,,
toys,1:36 Alloy Car Model with Three Doors Open - Yellow,EGP 250.00,,0%,,,
toys,Ji Long Sunclub Portable Water Hammock Floats - Inflatable Pool Rafts Φ106cm - No:33112,EGP 269.00,EGP 608.00,56%,,,5 out of 5(3)
toys,2 in 1 Kids Cash Register Toy with 12Pcs Play Dough Set,EGP 750.00,,0%,,,
toys,1-16 Emulation car Model With Steering Wheel,EGP 710.00,EGP 900.00,21%,,,
toys,Set Of Colorful Swimming Goggles For Kids.,EGP 235.00,,0%,,,
toys,Digger Truck With Sand Tools For Kids – Fun Beach Toy,EGP 550.00,,0%,,,
toys,Back Gammon Chips,EGP 135.00,EGP 150.00,10%,,,
toys,Sun Club Multi-purpose Inflatable Pool Float,EGP 575.00,EGP 600.00,4%,,,
toys,DIE CAST/LIGHT/DOOR OPEN/BURNT ORANGE,EGP 299.00,,0%,,,
toys,Imaginary Cooking Games For Kids - Interactive Kitchen Toy Set,EGP 675.00,,0%,,,
toys,Your Real Best Friend Smart Pet Dog with Remote Control - 6013-3,"EGP 3,009.00",,0%,,,
toys,Sport Car Hoop Multi Color 211,EGP 500.00,EGP 600.00,17%,,,
toys,DIE CAST/LIGHT/DOOR OPEN/GREEN Toy Car,EGP 295.00,,0%,,,
toys,"Kids Kitchen Play Set, Educational Cooking Utensils Set, Pink, 20 Pieces, with Washing Tray, Cutlery and Plastic Food, for Kids from 3 Years",EGP 300.00,,0%,,,
toys,4000 Pcs Soft Crystal Water Beads - Colorful Paintball Bullets for Water Toys and Decor,EGP 125.00,,0%,,,
toys,Ji Long Sunclub Mosaic Duo Water Lounger Outdoor Inflatable 188cm*117cm - No:33061,EGP 408.00,"EGP 1,174.00",65%,,,5 out of 5(1)
toys,"Intex 59230NP Inflatable Swim Ring Lively Print Pineapple, 51CM",EGP 145.00,EGP 260.00,44%,,,3 out of 5(1)
toys,Bowa Toy Mini Delicious Kitchen - 27 Pcs,EGP 799.90,,0%,,,
toys,Ariel Little Mermaid Value Lens Swim Goggles,EGP 135.00,,0%,,,
toys,Jilong Colorful Butterflies Swim Tube 90cm Diameter,EGP 129.00,EGP 239.00,46%,,,2.7 out of 5(3)
toys,Barbie Kids Kitchen Playset with Steam & Water Effects – 40+ Accessories – Educational Pretend Cooking Toy,EGP 750.00,"EGP 1,200.00",38%,,,
toys,Inflatable Kids,EGP 470.00,EGP 520.00,10%,,,
toys,SilverLit Robot Dog Robo Dackel - 88586,"EGP 4,409.00",,0%,,,
toys,Big Remote Control Drift Racing Car – 1:10 Scale High-Speed Battery-Powered RC Toy – 2.4GHz Wireless Controller – On-Road Drift Model – Fast Race Car for Kids – Gift Box – Color May Vary,"EGP 1,750.00","EGP 2,500.00",30%,,,
toys,Ji Long Sunclub Kid Inflatable Swim Vest For Unisex 46 X 42 Cm - No:46088,EGP 225.00,,0%,,,
toys,Soft Crystal Water Beads Colorful Paintball Bullets For Water 90 g Toy Pearl Shaped Soil Mud Grow Magic Jelly Balls Non-Toxic Gel Balls Home Decor Wedding Centerpieces Crafts Vase Fillers 7-8mm,EGP 125.00,,0%,,,
toys,Baby Swim Ring - Fun and Safe Swimming Aid for Kids,EGP 215.00,,0%,,,
toys,Inflatable Baby Float With A Unique Car Wheel Handle,EGP 425.00,,0%,,,
toys,imming Pool With Cartoon Characters For Kids - 91007,EGP 699.00,,0%,,,
toys,Children's Float 60cm,EGP 200.00,EGP 260.00,23%,,,
toys,Water Toys Set For Kids – 4 Fun Pieces!,EGP 250.00,EGP 310.00,19%,,,
toys,Ji Long Sunclub White Swan Inflatable Float Swim Ring - 55 Cm - No:37406,EGP 237.00,,0%,,,
toys,DIE CAST/4*4 CAR/4IN1 OFFER,"EGP 1,060.00",,0%,,,
toys,DIE CAST/LIGHT/DOOR OPEN,EGP 270.00,,0%,,,
toys,Rastar Mercedes-AMG F1 W11 EQ Performance 1:12 With Remote Control - Black - 98460,"EGP 4,129.00",,0%,,,
toys,Veneer Rider,EGP 415.00,EGP 500.00,17%,,,
toys,Long two-colored water gun for kids,EGP 180.00,,0%,,,
toys,FOAM Pool Noodles For Swimming 122cm - 1pcs - No:32108,EGP 566.00,,0%,,,
toys,Speed King Car,EGP 190.00,EGP 250.00,24%,,,
toys,Rotational Plate - High-Quality Feeding Accessory,EGP 200.00,,0%,,,
toys,Foam noodles for swimming 122 cm - 1pcs -No:32217,EGP 453.00,,0%,,,
toys,DIE CAST/4*4 GREY CAR,EGP 275.00,,0%,,,
toys,Duck Sea Float For Children,EGP 120.00,EGP 180.00,33%,,,4 out of 5(3)
toys,Children's Swimming Goggles With A Fun Raccoon Design,EGP 290.00,,0%,,,
toys,2-In-1 Kitchen Play Set And Unicorn Bag - (24 PCS - 25785),EGP 316.00,EGP 395.00,20%,,,
toys,aur Remote Control Toy with Steam,EGP 910.00,,0%,,,
toys,Mixer game For fruits and vegetables for children,EGP 388.00,EGP 450.00,14%,,,
toys,Kids Water Blaster – Blue & Yellow,EGP 185.00,,0%,,,
toys,"Intex 59258NP Inflatable Swim Tube With Two Handles 76cm/30"" - Lime Green",EGP 275.00,EGP 450.00,39%,,,5 out of 5(1)
toys,ing Truck ( Black Mixer) - QH9001-1,"EGP 2,599.00",,0%,,,
toys,"Dream DIY Kitchen Playset for Kids – Interactive Toy with Light, Sound & Water Function – Pretend Cooking with Utensils & Food – Educational Roleplay for Boys & Girls – Ages 3+ – Size 65*46.5*19 cm – Colorful & Portable",EGP 800.00,"EGP 1,000.00",20%,,,
toys,Kitchen Play Set PLAY,EGP 450.00,,0%,,,
toys,SilverLit Exost 360 Aquacross Car with Remote Control - 2684,"EGP 2,539.00",,0%,,,
toys,"Intex 59242NP-Inflatable Swim Ring 61cm/24"", Yellow-Swim Sea",EGP 185.00,EGP 330.00,44%,,,
toys,"Triggle Funny Triggle, Chain Triggle, Interactive Plug-In Game Triangle Chess, Classic Desktop, Educational Triangle Chess",EGP 284.00,,0%,,,
toys,King Sport Kings Sports Archery Super Set With Infrared - 35881B,EGP 879.00,,0%,,,
toys,Care Charge Remote-Controlled Toy Vehicle with Two Chairs - Fun for Kids,"EGP 9,500.00",,0%,,,
toys,The New World of Dinosaur Robotic with Remote Control - 9987,"EGP 1,539.00",,0%,,,
toys,Rock Climbing Truck (Fire Truck) - 858-04A,"EGP 1,419.00",,0%,,,
toys,Lavi Tea cup 12 pieces( 6 cups 190 ml + 6 plates ),EGP 499.00,EGP 799.00,38%,,,
toys,Bucket & Sand Tools,EGP 180.00,,0%,,,
toys,"Kitchen Toy for kids, Play Kitchen Set Role Playing Game Pretend Food and Cooking Playset, Kids Toy Kitchen Set with Play Sink, Spray, Realistic Light & Sound 42 pcs",EGP 999.00,,0%,,,
toys,47-piece Children's Kitchen Toy,"EGP 1,100.00","EGP 1,300.00",15%,,,
toys,DIE CAST 4*4 RED CAR,EGP 265.00,,0%,,,
toys,1:36 Alloy Car Model with Three Doors Open - Yellow,EGP 250.00,,0%,,,
toys,Inflatable Swim Ring Sweet Donut 91Cm - No:36300,EGP 314.00,,0%,,,
toys,Ji Long Sunclub Pirate Inflatable Swim Ring - 115 Cm - No:35013,EGP 149.00,EGP 324.00,54%,,,
toys,Cute Fruit Shock Animal Shaped for Kids - Fun and Colorful Animal Designs Make Healthy Eating Fun for Kids,EGP 193.85,,0%,,,
toys,7000 Pcs Soft Crystal Water Beads Colorful Paintball Bullets For Water Toy Pearl Shaped Soil Mud Grow Magic Jelly Balls Non-Toxic Gel Balls Home Decor Wedding Centerpieces Crafts Vase Fillers 9-10mm,EGP 150.00,,0%,,,
toys,Green Dinosaur Water Blaster (Small),EGP 205.00,,0%,,,
toys,Floating Bed For Swimming,EGP 575.00,EGP 600.00,4%,,,
toys,Inflatable Crab Boat 117 cm x 116 cm,EGP 365.00,,0%,,,
toys,"Soccer Set Go, Interactive Soccer Game for Kids, Green Maze Set with 4 Players and Orange Balls, Ages 3+, Motor Skills and Coordination Development",EGP 400.00,,0%,,,
toys,Rollover Horizontal Car Double Sided Tumbling Stunt Car + Zigor Bag Special,"EGP 1,675.00",,0%,,,
toys,Kids Children Electronic Mobile Phone Early Learning Flash Music Toy,EGP 861.93,"EGP 1,437.50",40%,,,
toys,An Inflatable Donut-shaped Float,EGP 190.00,,0%,,,1.5 out of 5(2)
toys,"Little Chef 3-in-1 Kitchen Playset – 43 PCS Small Gourmet Cooking Toy for Kids – Pretend Play with Utensils, Food & Carry Case – Educational Roleplay for Boys & Girls – Ages 3+ – Portable, Colorful & Fun",EGP 999.00,"EGP 1,500.00",33%,,,
toys,3 In 1 Cartoon Mobile Briefcase Kids Kitchenette Toy Pretend Play Mini Kitchen Toy Set,EGP 475.00,,0%,,,
toys,Stainless Steel Cookware Set For Kids no.668-B6,EGP 452.00,EGP 600.00,25%,,,
toys,7000 Pcs Soft Crystal Water Beads Colorful Paintball Bullets,EGP 150.00,,0%,,,4 out of 5(3)
toys,Strong Driving Remote Control Car no.858-27,EGP 209.75,EGP 250.00,16%,,,
toys,Free Soldier Rescue Force Patrol Playset - New,EGP 858.00,,0%,,,
toys,Soft Crystal Water Beads Colorful Paintball Bullets For Water 125 g Toy Pearl Shaped Soil Mud Grow Magic Jelly Balls Non-Toxic Gel Balls Home Decor Wedding Centerpieces Crafts Vase Fillers 9-10mm,EGP 150.00,,0%,,,
toys,Metal Ambulance With Light And Sound  White - New,EGP 565.00,,0%,,,
toys,Inflatable Donut-shaped Float,EGP 149.00,EGP 160.00,7%,,,5 out of 5(1)
toys,General 33 Pieces Kitchen Set for Children with Lights & Sounds - Bebo Toys,EGP 550.00,,0%,,,
toys,General Children's beach toys set 6 pieces in various shapes and colors,EGP 270.00,EGP 300.00,10%,,,
toys,Cross Country Overlord Remote Control Car,EGP 911.25,"EGP 1,300.00",30%,,,
toys,Sea Cliff ZDW700A - Color May Vary,EGP 98.00,,0%,,,
toys,Beach Ball With Glitter Gold (41cm) - 31050,EGP 215.00,,0%,,,
toys,1:12 Remote Control Hummer Car,"EGP 1,115.00","EGP 1,300.00",14%,,,
toys,Luxury Kids Kitchen Role Play Set – Educational Cooking Toy Table with Accessories for Little Chefs,"EGP 1,435.00","EGP 2,000.00",28%,,,
toys,Swimming Ring Characters 11*48 - pink,EGP 149.00,,0%,,,
toys,Strong Driving Remote Control Car no.858-27,EGP 209.75,EGP 250.00,16%,,,
toys,Free Soldier Rescue Force Patrol Playset - New,EGP 858.00,,0%,,,
toys,Soft Crystal Water Beads Colorful Paintball Bullets For Water 125 g Toy Pearl Shaped Soil Mud Grow Magic Jelly Balls Non-Toxic Gel Balls Home Decor Wedding Centerpieces Crafts Vase Fillers 9-10mm,EGP 150.00,,0%,,,
toys,Metal Ambulance With Light And Sound  White - New,EGP 565.00,,0%,,,
toys,Inflatable Donut-shaped Float,EGP 149.00,EGP 160.00,7%,,,5 out of 5(1)
toys,General 33 Pieces Kitchen Set for Children with Lights & Sounds - Bebo Toys,EGP 550.00,,0%,,,
toys,General Children's beach toys set 6 pieces in various shapes and colors,EGP 270.00,EGP 300.00,10%,,,
toys,Cross Country Overlord Remote Control Car,EGP 911.25,"EGP 1,300.00",30%,,,
toys,Sea Cliff ZDW700A - Color May Vary,EGP 98.00,,0%,,,
toys,Beach Ball With Glitter Gold (41cm) - 31050,EGP 215.00,,0%,,,
toys,1:12 Remote Control Hummer Car,"EGP 1,115.00","EGP 1,300.00",14%,,,
toys,Luxury Kids Kitchen Role Play Set – Educational Cooking Toy Table with Accessories for Little Chefs,"EGP 1,435.00","EGP 2,000.00",28%,,,
toys,Swimming Ring Characters 11*48 - pink,EGP 149.00,,0%,,,
toys,Smart Strike Force Alpha Robot with Remote Control - K1,"EGP 2,919.00",,0%,,,
toys,Ji Long Giant Animal Swim Ring Swan 115 Cm No: 37482,EGP 249.00,EGP 546.00,54%,,,1 out of 5(1)
toys,Little Helper Washer,EGP 995.00,,0%,,,
toys,Kitchen Toy for kids light & sound,EGP 490.00,,0%,,,
toys,34058 Lil' Animal Pool Float,EGP 350.00,,0%,,,
toys,Happy Cooking Kitchen 34 Pcs,EGP 876.75,"EGP 1,000.00",12%,,,
toys,Ji Long Fish Inflatable Swim Ring 79cm X 86cm - No:47215,EGP 152.00,,0%,,,4 out of 5(1)
toys,Ji Long Sunclub Inflatable Alpaca Swim Ring 55 Cm No: 37526,EGP 203.00,,0%,,,
toys,Rock Climbing Truck (Excavator) - 858-01B,"EGP 1,419.00",,0%,,,
toys,Spraying Mist Kitchen Table 43 Pieces - 889-163,"EGP 1,639.00",,0%,,,
toys,"Mini Play Kitchen for Kids - 37 Pieces of Pretend Cooking Tools - Compact Size 34.5x16x42 cm - Lights, Sounds & Realistic Steam - Sink & Kitchen Tools - Gift for Kids 3+ Years Old -","EGP 1,000.00",,0%,,,
toys,Racing Car With Remote Control,EGP 738.75,EGP 800.00,8%,,,
toys,Kitchen Juicer Blender With Fruits - HJ602A,EGP 669.00,,0%,,,
toys,"Spraying Kitchen Spray, Light, Water & Sounds","EGP 1,112.50","EGP 1,500.00",26%,,,
toys,King Sport Football Team - ZY1904,EGP 645.00,,0%,,,
toys,Free Soldier Soldier Force Bucket Playset (100 Pieces) - New,"EGP 1,840.00",,0%,,,
toys,Peugeot 3008 DKR Maxi Remote Control Car,"EGP 3,375.00",,0%,,,
toys,DIE CAST/CAR TOY/WHITE-BLACK,EGP 295.00,,0%,,,
toys,"Genetic Kitchen toy for kids ""Taste Kitchen"".",EGP 400.00,,0%,,,
toys,"Table Top, Baby Foot, Mini Football","EGP 1,750.00",,0%,,,
toys,"Luxury Sports Diecast Car, Gray with Blue, Miniature Model, with Light, Fashion Design, 1:32 Scale, Display and Collection",EGP 575.00,,0%,,,
toys,Racing Car With Remote Control,EGP 738.75,"EGP 1,000.00",26%,,,
toys,Lorelli Piano Baby Playmat with Toys - 1030026,"EGP 2,809.00",,0%,,,
toys,Conqueror Remote Control Jeep with Remote no.3335,EGP 244.25,EGP 300.00,19%,,,
toys,aurs Racing Track - Multicolor Interactive Playset for Kids,EGP 495.00,,0%,,,
toys,Dining Table for Interactive Learning and Fun,EGP 875.00,,0%,,,
toys,Magic Fruit Blender,EGP 625.00,,0%,,,
toys,Careful Baby Care Seat Inflatable Infant Float Lounge - No:34091,EGP 523.00,,0%,,,4.2 out of 5(5)
toys,"Luxury SUV Model, Silver, Small Scale, with Opening Doors and Hood, Metal",EGP 620.00,,0%,,,
toys,Metal Frame Pool Set - 4.14M,"EGP 29,990.00",,0%,,,
toys,"Metal Car Model DODGE - Two Openable Doors, 1:36 Scale Toy",EGP 225.00,,0%,,,
toys,Racing Car With Remote Control,EGP 540.00,EGP 650.00,17%,,,
toys,Model Car Super Power 1:20 Model,EGP 296.00,EGP 400.00,26%,,,
toys,Hot Wheels Water Park Hot Wheels,"EGP 2,750.00","EGP 5,000.00",45%,,,
toys,RC Hi Speed Boat,"EGP 1,250.00","EGP 1,400.00",11%,,,
toys,Fashion Kitchen Table 29 Pieces - 889-175,"EGP 1,049.00",,0%,,,
toys,KIDS LARGE KITCHEN SET (48 pieces),"EGP 1,075.00","EGP 1,750.00",39%,,,
toys,MJL-709 Kitchen Playset for Kids - 42 Pieces,"EGP 1,075.98",,0%,,,
toys,Small Gourmet Little Chef 3in1 Kitchen 43 Pcs,"EGP 1,026.25","EGP 1,500.00",32%,,,
toys,3D Digital Display Watch For Princess Elsa Frozen From Frozen For Children Plastic  Various  2 Pieces - New,EGP 170.00,,0%,,,
toys,A Large Military Helicopter With A Tank Soldiers And A Military Water Ship From Soldier Multiple - New,"EGP 2,350.00",,0%,,,
toys,Children's Washing Machine Toy That Makes Sound - New,EGP 735.00,,0%,,,
toys,Children's Float70cm,EGP 220.00,EGP 280.00,21%,,,
toys,Racing Car With Remote Control,"EGP 1,112.50","EGP 1,500.00",26%,,,
toys,Characters Watch Racket Glasses  Multi Color - New,EGP 190.00,,0%,,,
toys,Rastar BMW Z4 1:12 Scale Car - Red - 40300,"EGP 3,539.00",,0%,,,
toys,General RC High Speed Speedboat With Remote For Kids - Black And Green,EGP 550.00,,0%,,,
toys,"Kids Play Microwave Oven Toy, Digital Display, Educational Kitchen Playset, Ages 3+",EGP 450.00,,0%,,,
toys,Rastar Raster - R/c 1:12 Bmw I8 roadster - RXZER23,"EGP 3,539.00",,0%,,,
toys,BEAR WATER DESPENSER TOY,EGP 280.00,,0%,,,
toys,Football Game - 2 to 4 Players - Ages 3+ - Action Game - Interactive Sports Toy,EGP 450.00,,0%,,,
toys,Battle With Dragon Attack Lights And Sounds,"EGP 1,305.00",,0%,,,
toys,Carole Air Hockey Stadium - Charger 220V +3 Years - HG288A,"EGP 2,950.00",,0%,,,
toys,Disney Mobile cooking kitchen,"EGP 2,375.00",,0%,,,
toys,Plastic Action Car Toy,EGP 179.00,,0%,,,5 out of 5(1)
toys,Taste Kitchen Playset for Kids - Interactive Cooking Toy,EGP 650.00,,0%,,,
toys,R/C CARS OFF ROAD VEHICLE Scale 1:6,"EGP 3,326.25","EGP 4,000.00",17%,,,
toys,Slide Wet Drench Pool - 4.88m - No:52326,"EGP 1,063.00",,0%,,,5 out of 5(2)
toys,Swimsuit for children,EGP 700.00,,0%,,,
toys,Walking Dinosaur Toy Infrared Dinosaur with Remote Control - 9996,"EGP 1,629.00",,0%,,,
toys,Rotary Volleyball Game 360m Bulb With Rechargeable Lighting,EGP 399.00,,0%,,,
toys,Kids Water Blaster – Yellow & Green,EGP 185.00,,0%,,,
toys,Mixer game with fruits and vegetables for children,EGP 451.25,EGP 500.00,10%,,,
toys,3-In-1 Bassinet Swing for Newborn Baby,"EGP 3,975.00 - EGP 4,000.00",,0%,,,
toys,Game 14 Pieces - Dream Kitchen,EGP 350.00,,0%,,,
toys,Rock Climbing Oil Truck - 858-03A,"EGP 1,419.00",,0%,,,
toys,Dinasour Remote Control Toy,"EGP 1,000.00",,0%,,,
toys,Plastic Action Car Toy,EGP 179.00,,0%,,,5 out of 5(1)
toys,Taste Kitchen Playset for Kids - Interactive Cooking Toy,EGP 650.00,,0%,,,
toys,R/C CARS OFF ROAD VEHICLE Scale 1:6,"EGP 3,326.25","EGP 4,000.00",17%,,,
toys,Slide Wet Drench Pool - 4.88m - No:52326,"EGP 1,063.00",,0%,,,5 out of 5(2)
toys,Swimsuit for children,EGP 700.00,,0%,,,
toys,Walking Dinosaur Toy Infrared Dinosaur with Remote Control - 9996,"EGP 1,629.00",,0%,,,
toys,Rotary Volleyball Game 360m Bulb With Rechargeable Lighting,EGP 399.00,,0%,,,
toys,Kids Water Blaster – Yellow & Green,EGP 185.00,,0%,,,
toys,Mixer game with fruits and vegetables for children,EGP 451.25,EGP 500.00,10%,,,
toys,3-In-1 Bassinet Swing for Newborn Baby,"EGP 3,975.00 - EGP 4,000.00",,0%,,,
toys,Game 14 Pieces - Dream Kitchen,EGP 350.00,,0%,,,
toys,Rock Climbing Oil Truck - 858-03A,"EGP 1,419.00",,0%,,,
toys,Dinasour Remote Control Toy,"EGP 1,000.00",,0%,,,
toys,Kids Tent House 3 In 1 - Multicolor,EGP 825.00,,0%,,,4 out of 5(4)
toys,Round Donut Design Swimming Ring - Brown,EGP 199.00,,0%,,,
toys,3A  Unisex 869-T Plastic Water Game 1 Piece Turquoise,EGP 75.00,,0%,,,
toys,Size 5 Football in White and Red Color,EGP 169.00,EGP 300.00,44%,,,
toys,MAX ROBOT Deformation Super Robot,"EGP 1,575.00",,0%,,,
toys,"Model car, white, with LED light, golden wheels, 1:32 scale, luxury sports car metal",EGP 620.00,,0%,,,
toys,Ji Long Avenli Children's Inflatable Swimming Boat Auto 86x60cm - No:37621,EGP 279.00,,0%,,,4 out of 5(2)
toys,Archery Basketball For 1 Or 2 Sports,EGP 495.00,EGP 600.00,18%,,,
toys,Appliances Toy With Cute Cow for Children,EGP 495.00,,0%,,,
toys,MUMS PLANET Safe And Comfortable Swimming Float For Toddlers With Backrest_Children's Swimming Float With Backrest_Swimming Learning Float With Backrest,EGP 400.00,,0%,,,
toys,DIE CAST/4*4 CAR/METAL,EGP 290.00,,0%,,,4 out of 5(2)
toys,General Dual-Barrel Water Gun for Kids – Fun Summer Water Blaster Toy,EGP 224.75,,0%,,,
toys,Colorful Swimming Float With Backrest And Cup Holder.,EGP 799.90,,0%,,,
toys,Car with Car Models Alloy Diecast Toys 1:43,EGP 200.00,,0%,,,
toys,Mini Kitchen 26 Accessories Light & Sound,EGP 457.00,EGP 600.00,24%,,,
toys,Kids' Electronic Kitchen Mixer Toy - Vibrant Red with Fun Accessories.,EGP 420.00,EGP 525.00,20%,,,
toys,"Mini Table Rugby Game, Fun Sports Competition Board Game, Indoor Family Entertainment, Ages 3+",EGP 400.00,,0%,,,
toys,Sharktastic Inflatable Sprinker Play Pool (163cm*127cm*92cm) – 53157,"EGP 1,299.00",,0%,,,
toys,52326 Water Slide Single ( 4.88 M ),EGP 799.00,,0%,,,
toys,RC Bulldozer And Dump Crane Remote Control Size  1:16 - New,"EGP 1,100.00",,0%,,,
toys,General Anti-Fog Swimming Goggles for Kids and Adults – Comfortable & Adjustable Fit,EGP 196.75,,0%,,,
toys,R/C CARS OFF ROAD VEHICLE Scale 1:6,"EGP 3,326.25","EGP 4,000.00",17%,,,
toys,FRIDGE/TOASTER TOY SET - Mini Kitchen Playset for Kids,EGP 250.00,,0%,,,
toys,Kitchen Coffee Maker Game,EGP 695.00,,0%,,,
toys,1:43 Metal Car With Car Models Alloy Diecast Toys Gepp,EGP 200.00,,0%,,,
toys,"Triggle Game, Classic Plug-In Games, Strategy Pegboard Game for Collecting, Triangle Chess, Triggle Board Game, Chain Triangle Game, Captivating Strategy Board Game Suitable",EGP 290.00,,0%,,,
toys,Model Car Remote Control R/C 1:12,"EGP 1,227.50","EGP 1,500.00",18%,,,
toys,"Kids Kitchen interactive game - with sound ,light and water - Kitchen games for girls - size 63 x 45 x 22","EGP 1,200.00",,0%,,,
toys,"Spray Kitchen Playset with Spray, Water, Music Lights and Sound 78 Pcs","EGP 2,377.50","EGP 2,700.00",12%,,,
toys,Best Ways Value Disney Princess Diving Goggles - New,EGP 123.00,,0%,,,
toys,"Remote Control 4WD Stunt Car with Gesture Sensor, 360° Rotation, LED Lights and Music – Rechargeable","EGP 1,200.00","EGP 1,500.00",20%,,,
toys,chen 2 In 1 Little Chef Dinosaur - Educational Interactive Playset,EGP 670.00,EGP 995.00,33%,,,
toys,ReeDS RIYIN 10Pcs/Set Soprano Saxophone Reeds Strength 1.5 Sax Woodwind Instrument Accessories,EGP 320.76,EGP 641.52,50%,,,
toys,Sea Designer Swim Ring 56cm No: 36013,EGP 110.00,,0%,,,4.6 out of 5(8)
toys,"Inflatable Or Inflatable Water Play Mat For Tummy Time For Kids From 1 Day To 3 Years Old, Kids Activity Centre With Marine Life Design, Blue",EGP 235.00,,0%,,,
toys,Inflatable Circle Seat and Double Circle - Bestway,EGP 299.00,,0%,,,
toys,Truck City Engineering,EGP 451.00,EGP 500.00,10%,,,
toys,Ji Long Flamingo Swim Ring 133x133 cm No: 37551,EGP 812.00,,0%,,,
toys,1:36 Alloy Car Model with Three Doors Open - Black,EGP 250.00,,0%,,,
toys,3-In-1 Bassinet Swing For Newborn Baby,"EGP 4,500.00",,0%,,,
toys,DIE CAST/METAL/YELLOW BUS TOY,EGP 280.00,,0%,,,
toys,Creative Daisy Swimming Float Ring Donut – Inflatable Swim Tube for Adults & Kids – Summer Beach & Pool Accessory,EGP 420.00,EGP 650.00,35%,,,
toys,Extreme Speed Mad Flow RC Boat,"EGP 13,850.00",,0%,,,
toys,DIE CAST/DOOR OPEN/CAR TOY-RED-WHITE,EGP 280.00,,0%,,,
toys,"Intex 59242NP Inflatable Swim Ring 61cm/24"" Blue-Otters",EGP 185.00,EGP 330.00,44%,,,
toys,Best Ways Princess Deluxe Disney Princess Sunglasses - New,EGP 249.00,,0%,,,
toys,Shark Speed Drift Vehicle 1:10 with Remote Control - YC21122- 333,"EGP 3,739.00",,0%,,,
toys,"Kitchen Playset with Realistic Steam & Light, 39 PCS Kitchen Accessories Set Toy, Mini Kitchen Set for Kids, Pretend Play Food Toys for 3+ Year Old Boys and Girls (purple)","EGP 1,500.00",,0%,,,
toys,Elephant Spray Inflatable Swim Ring Animal Shape - No:36116,EGP 435.00,,0%,,,
toys,Ejecting Football Game,EGP 468.50,EGP 600.00,22%,,,
toys,"Orange Sports Car Model, Metal Miniature Model, Modern Design, 1:32 Scale",EGP 600.00,,0%,,,
toys,Mask  Multicolor   - New,EGP 190.00,,0%,,,
toys,Frozen 2 Kitchen Playet 35 Pieces Bag - 555BX029,EGP 769.00,,0%,,,
toys,Swimsuit Float With Sunshade 70cm,EGP 440.00,EGP 500.00,12%,,,
toys,Double Inflatable Floating Pool Lounger With Headrests (188*117)CM,EGP 899.00,,0%,,,
toys,Sun Club Bee Print 2-Piece Armband Set,EGP 499.00,,0%,,,
toys,Sunclub Kid Inflatable Swim Vest For Unisex 46 X 42 Cm - No:46088,EGP 499.00,,0%,,,
toys,4-Piece Foam Tile Playground Set 50x50cm + Zigor Special Bag,EGP 470.00,,0%,,,
toys,KITCHEN SINK TOY/PINK,EGP 595.00,,0%,,,
toys,Luxury Water Relaxation Mattress,EGP 400.00,,0%,,,
toys,3A  Unisex 869-P Plastic Water Game 1 Piece Yellow,EGP 75.00,,0%,,,
toys,Baby Boys Girls Children Princess Castle Teepee Pop-Up Toy Tents,EGP 790.00,"EGP 1,100.00",28%,,,
toys,Inflatable Eggplant Pool Float – Mesh Lounger Chair – 250 x 95 x 27 cm – Durable & Fun,"EGP 1,050.00","EGP 1,450.00",28%,,,
toys,Crocodile-shaped Swimming Float For Kids.,EGP 459.90,,0%,,,
toys,Inflatable Swimming Buoy Size 115 Cm (1 Pcs),EGP 150.00,EGP 450.00,67%,,,
toys,Sand Play Set with Animal Molds,EGP 140.00,,0%,,,
toys,"Rabbit Tipper Stunt Control Light, Music & Tumbling",EGP 623.75,EGP 760.00,18%,,,
toys,Making Set - Interactive Educational Toy for Kids,EGP 450.00,EGP 675.00,33%,,,
toys,1:36 Alloy Car Model with Three Doors Open - Small Toy Decoration (Blue),EGP 250.00,,0%,,,
toys,Kiddie Pool - 52637,EGP 849.00,,0%,,,
toys,Colorful LED Light Flashing Ball Toys Air Power Soccer Disc Gliding Floating Football Game Indoor Toy,EGP 275.00,,0%,,,
toys,R/C Rock Crawler-CY-60,"EGP 1,432.00","EGP 1,795.00",20%,,,
toys,1:36 Alloy Car Model - White Three Doors Open Small Toy Decoration,EGP 250.00,,0%,,,5 out of 5(1)
toys,MINI KITCHEN TABLEWARE TOY SET,EGP 375.00,,0%,,,
toys,Splash Baby Boat - 34149,EGP 725.00,,0%,,,
toys,13pcs cleaning cart set toy with trolley pretend play housekeeping,EGP 850.00,,0%,,,
toys,Toast & Mix Morning Fun,EGP 995.00,,0%,,,
toys,Inflatable Kids,EGP 470.00,EGP 550.00,15%,,,
toys,4000 Pcs Soft Crystal Water Beads - Colorful Paintball Bullets for Crafts and Decor,EGP 125.00,,0%,,,
toys,"Smart Educational Kids Kitchen Playset – 42-Piece Cooking Toy Set with Realistic Lights, Sounds & Steam Effects","EGP 1,065.00","EGP 1,800.00",41%,,,
toys,Colorful Sand Tools Set for Kids,EGP 220.00,,0%,,,
toys,"General Inflatable Boat with Oars & Air Pump – Perfect for Boating, Fishing & Outdoor Water Fun","EGP 4,238.75",,0%,,,
toys,Ji Long Sunclub Gradient Jelly One Seat Mesh Bottom Inflatable Floating - No:33108,EGP 269.00,EGP 616.00,56%,,,
toys,Fish Inflatable Swim Ring79cm X 86cm - No:47215,EGP 499.00,,0%,,,
toys,Ji Long Sunclub Mosaic Swim Tube Outdoor Inflatable Water Sports - No:37605,EGP 202.00,,0%,,,5 out of 5(1)
toys,"Inflatable Or Inflatable Water Play Mat For Tummy Time For Kids From 1 Day To 3 Years Old, Kids Activity Centre With Marine Life Design, Blue",EGP 235.00,,0%,,,
toys,Inflatable Frosted Neon Swim Ring - 91cm No: 36025,EGP 225.00,,0%,,,
toys,Rock Climbing Truck (Crane) - 858-04A,"EGP 1,419.00",,0%,,,
toys,Inflatable Paddling Triple Ring Kiddie Pool 70 Cm X 30 Cm - No: 51033,EGP 301.00,,0%,,,
toys,Aqua Pals Snorkel Mask - Blue - 24059,EGP 399.00,,0%,,,
toys,Toy Plastic Spiral Zipper Pack of 30 Pieces for Children Multicolor,EGP 699.00,,0%,,,
toys,Dinnerware,EGP 799.90,,0%,,,
toys,1:36 Alloy Car Model with Three Doors Open - Small Decorative Toy (White),EGP 250.00,,0%,,,
toys,Model Car Remote Control R/C 1:12,"EGP 1,227.50","EGP 1,500.00",18%,,,
toys,Inflatable Rainbow Ribbon 12 - 115 Cm - No:36163,EGP 623.00,,0%,,,
toys,General Inflatable Shark Kiddie Pool with Water Sprayer – Outdoor Garden or Beach Play Pool,"EGP 1,824.75",,0%,,,
toys,JUMP AND SOAR BOUNCER Bouncy Castle 194*175*170 Cm - No:53394,"EGP 14,085.00",,0%,,,
toys,-shaped Float For Children - Green Color,EGP 185.00,,0%,,,
toys,Rice Cooker Sweet House with Accessories,"EGP 1,539.00",,0%,,,
toys,Dino Valley Dinosaur Toy With Many Buttons And All Hinges Moving From GTG Toys - New,"EGP 1,830.00",,0%,,,
toys,Dino Valley Skull Bucket 45 Pcs Packaging Dimensions - New,"EGP 1,830.00",,0%,,,
toys,Gravity Sensor 1-16 Emulation car Model With Steering Wheel,EGP 710.00,EGP 790.00,10%,,,
toys,Metal Road Master Car,EGP 623.75,EGP 880.00,29%,,,
toys,Ji Long Cold Resistant Material Heavy Duty PVC Inflatable Tube 94cm - No:35086,EGP 679.00,,0%,,,
toys,Car With Car Models Alloy Diecast Toys 1:43,EGP 200.00,,0%,,,
toys,"Inflatable Or Inflatable Water Play Mat For Tummy Time For Kids From 1 Day To 3 Years Old, Kids Activity Centre With Marine Life Design, Blue",EGP 235.00,,0%,,,5 out of 5(1)
toys,3D Fun Fish Swimming Ring Summer Keep Safe For Kids Safety Blue-81Cm,EGP 220.00,,0%,,,
toys,Characters Watch Racket Glasses  Multi Color - New,EGP 190.00,,0%,,,
toys,Ji Long Jilong Sunclub 35036 Mosaic Flamingo Rider ±110cm*90cm Floating Swimming,EGP 746.00,,0%,,,
toys,General Double Water Gun Toy for Kids – Outdoor Water Blaster Fun Toy,EGP 188.75,,0%,,,
toys,Mini Kitchen Playset with Lights and Sound 101 Pcs,"EGP 2,492.50","EGP 3,000.00",17%,,,
toys,Play Mat for Kids - Inflatable Tummy Time Mat with Sea World Fish Figures (85CM),EGP 235.00,,0%,,,
toys,Conqueror Climb Off Road Vehcles Remote Control Car,EGP 738.00,EGP 900.00,18%,,,
toys,Pool Chair - Brown No: 36118,EGP 414.00,,0%,,,
toys,"Kitchen with accessories for Kids, 36 Pieces - Multi Color","EGP 1,350.00",,0%,,,
toys,Stars Printed Swimming Ring,EGP 499.00,,0%,,,
toys,"Kids Play Kitchen Set with Running Water, 64 Pieces, Interactive Cooking Playset with Oven, Storage Shelves, Purple 3+","EGP 1,400.00",,0%,,,
toys,Aqua Pals Snorkel Mask - Green - 24059,EGP 399.00,,0%,,,
toys,3D Fun Bear Swimming Ring Summer Keep Safe For Kids Safety-81Cm,EGP 290.00,,0%,,,
toys,41 X 30 Cm 32069,EGP 155.00,,0%,,,
toys,General Mini Beach Set,EGP 160.00,EGP 200.00,20%,,,
toys,Distinctive Relaxation Float,EGP 949.90,,0%,,,
toys,Safety Baby Float with Backrest,EGP 330.00,,0%,,,
toys,A kitchen sink game with some game fruits and tap it with water - 2725606666822,EGP 355.00,,0%,,,
toys,Inflatable Kids,EGP 250.00,EGP 299.00,16%,,,
toys,Summer Skiing Float For Kids,EGP 370.00,,0%,,,
toys,Car with Car Models Alloy Diecast Toys 1:43,EGP 200.00,,0%,,,
toys,Rainbow Inflatable Swim Tube,EGP 475.00,,0%,,,
toys,"g Pool Toy Underwater Swimming Throwing Diving Torpedo Shark,4 Pack",EGP 400.00,,0%,,,
toys,Car With Car Models Alloy Diecast Toys,EGP 240.00,,0%,,,
toys,Swimming Goggles With A Playful Dinosaur Design,EGP 290.00,,0%,,,
toys,Little Chef Mixer,EGP 545.00,,0%,,,
toys,Cartoon Characters Armbands -91002- (23cm*15cm),EGP 149.00,,0%,,,4.5 out of 5(2)
toys,Designer Swim,EGP 135.00,,0%,,,
toys,Inflatable Children's Air Float With A Circular Design For Fun Swimming,EGP 210.00,EGP 220.00,5%,,,
toys,Ship Baby Boat - 34178,EGP 575.00,,0%,,,
toys,Intex 59258NP Inflatable Swim Tube with Two Handles - Green,EGP 275.00,EGP 450.00,39%,,,
toys,Sun-Protect Floating Toy with Umbrella - Safe Water Experience,EGP 393.00,,0%,,,
toys,imming Ring Panda 79 X 85 Cm 36351,EGP 195.00,,0%,,,
toys,Beibe Good Modern Kitchen 65 Pieces - 889-161,"EGP 3,029.00",,0%,,,
toys,Dino Valley Transporter Packaging Dimensions - New,"EGP 3,315.00",,0%,,,
toys,Gravity Sensor 1-16 Emulation car Model With Steering Wheel,EGP 710.00,EGP 790.00,10%,,,
toys,ing Swim Ring with Diameter 107CM - 36240,EGP 949.00,,0%,,,
toys,Dino Valley Dino Skull Bucket 45 Pcs Packaging Dimensions - New,"EGP 1,977.00",,0%,,,
toys,1:36 Alloy Car Model with Three Doors Open - Yellow,EGP 250.00,,0%,,,
toys,Soft Crystal Water Beads Colorful Paintball Bullets For Water 90 G Toy Pearl Shaped Soil Mud Grow Magic Jelly Balls Non-Toxic Gel Balls Home Decor Wedding Centerpieces Crafts Vase Fillers 9-10mm,EGP 125.00,,0%,,,
toys,Neon Swim Ring 91cm,EGP 399.00,,0%,,,
toys,Neon Swim Ring 91cm,EGP 399.00,,0%,,,
toys,1:36 Alloy Car Model with Three Doors Open - Blue,EGP 250.00,,0%,,,
toys,Inflatable Dolphin-shaped Float,EGP 525.00,,0%,,,
toys,Self Adhesive Pickup Disc and Toss Ball Set - Multi Color,EGP 150.00,,0%,,,
toys,Fashion Pool Mat 183×69 Cm - 44033,EGP 275.00,,0%,,,
toys,Children's Float80cm,EGP 240.00,EGP 299.00,20%,,,
toys,Heart-Shaped Swimming Float,EGP 195.00,EGP 240.00,19%,,,
toys,Fire Ladder Truck 1/18 Climbing Rocks - 858-02C,"EGP 1,419.00",,0%,,,
toys,Fiesta 91cm - Bestway Inflatable Fun Water Activity Toy,EGP 259.00,,0%,,,
toys,rt Shop Dessert Play Set – Ice Cream - No:6656,EGP 219.00,,0%,,,
toys,Children's Swimsuit Float With Sunshade 70cm,EGP 440.00,EGP 500.00,12%,,,
toys,Swim Ring 76cm - 36024,EGP 149.00,,0%,,,
toys,Mickey Swim Vest - 51cm - No:91030,EGP 501.00,,0%,,,
toys,"Pool Float For Adult, Pool Float Tube For Kids, Pool Swim Ring,Water Fun Large Blow Up Summer Beach Swimming Raft Kids Adults",EGP 175.00,,0%,,,
toys,Spray Car Spin Stunt R/C Control Radio no.A123-2,"EGP 1,457.50","EGP 3,000.00",51%,,,
toys,"Inflatable Swim Ring Lively Print Fruits, 51CM",EGP 240.00,,0%,,,
toys,Swimming Ring - Pink,EGP 164.00,,0%,,,4 out of 5(1)
toys,Ji Long Sunclub Tire Inflatable Swim Ring 115 Cm No: 37600,EGP 446.00,,0%,,,
toys,Animal Shaped Swim Ring - 36128 (84cm*76cm),EGP 223.00,,0%,,,
toys,Safe Swimming Armbands For Kids,EGP 150.00,,0%,,,
toys,R/C Fire Truck + Free Rechargeable Battery,EGP 289.00,EGP 329.00,12%,,,
toys,"Floating LED Football, Black/White",EGP 400.00,,0%,,,
toys,Bouncy Bunny Toy,EGP 150.00,EGP 200.00,25%,,,
toys,Parrot shaped colorful swim float,EGP 210.00,,0%,,,
toys,Blue Swimming Goggles For Children,EGP 215.00,,0%,,,
toys,Catroon Characters Inflatable Armbands - 91041 - 23cm*15cm,EGP 159.00,,0%,,,
toys,R/C Rock Crawler-CY-60,"EGP 1,432.00","EGP 1,795.00",20%,,,
toys,KITCHEN SINK TOY/BLUE,EGP 595.00,,0%,,,
toys,"Rabbit Tipper Stunt Control Light, Music & Tumbling",EGP 623.75,EGP 700.00,11%,,,
toys,Hammock Inflatable Pool Float,EGP 400.00,,0%,,,
toys,Ji Long Sunclub Toucan Swimming Ring - 106cm - No:35032,EGP 520.00,,0%,,,
toys,Lorelli Projector Play Gym Playmat with Toys 83x83 cm - 1030035,"EGP 3,229.00",,0%,,,
toys,Love Diana Beach Bucket Set - BS-LD-01,EGP 539.00,,0%,,,
toys,Lorelli Animals Jungle Playmat with Toys 93x93 cm - 1030028,"EGP 2,529.00",,0%,,,
toys,Mickey Mouse Goofy Beach Bucket Set - BS-MFK-01,EGP 539.00,,0%,,,
toys,Cinderella Beach Bucket Set - BS-PRN-01,EGP 539.00,,0%,,,
toys,Transformers Autobot Deformed Robot 2 in 1 with Remote Control - Red - KY93,EGP 999.00,,0%,,,
toys,Frozen Beach Bucket Set - BS-FRZ-01,EGP 539.00,,0%,,,
toys,An Inflatable Donut-shaped Float,EGP 190.00,,0%,,,
toys,"Deluxe Interactive Kitchen Playset wth Steam, Light, Sound Effects ""My Home Kitchen"" - Comprehensive 48-Piece",EGP 650.00,EGP 800.00,19%,,,
toys,"Remote Control Watch, 4WD Racing Car Watch Toy, 4-Way Racing 4WD","EGP 1,620.00","EGP 1,800.00",10%,,,
toys,3A  Unisex 131-A Plastic Water Game 4 Piece Multi Color,EGP 216.00,,0%,,,
toys,1:36 Alloy Car Model with Open Doors - Small Toy for Decoration (Black),EGP 250.00,,0%,,,
toys,"Baby Pool Float with Sunshade, Steering Wheel & Horn - 90cm",EGP 370.00,EGP 600.00,38%,,,
toys,speed car remote control,EGP 419.00,EGP 500.00,16%,,,
toys,Coffee Time Play Set,EGP 745.00,,0%,,,
toys,Rainbocorns Swim Ring 52 Cm - INF-RN-04,EGP 289.00,,0%,,,
toys,My Happy Little Chef Kitchen With Color Change Fruits Vapor Spray - WD-P39,"EGP 3,139.00",,0%,,,
toys,Master Swim Ring - 36016 (91cm),EGP 145.00,,0%,,,
toys,ol Floor Protector - 50cm X 50cm,EGP 975.00,,0%,,,
toys,3-Person Water Slide Triple - 488 x 207 cm,"EGP 1,649.00",,0%,,,
toys,Fish Swim Rings 81cm X 76cm - No: 36111,EGP 225.00,,0%,,,
toys,Remote-controlled racing car with a printed design of people,EGP 700.00,EGP 850.00,18%,,,
toys,3-in-1 Kids Goggles With Nose And Ear Cover Set,EGP 210.00,,0%,,,
toys,Duck Shaped Baby Boat With Duck Sound - 34151,EGP 725.00,,0%,,,
toys,Summer Blast Swim Tube 119 Cm – 36120,EGP 335.00,,0%,,,
toys,Characters Splash Pal Swim Tube -9102K- (74cm*76cm),EGP 225.00,,0%,,,
toys,im Safe Wonder Splash Swim Vest 51x46cm - Ideal Swim Aid for Kids,EGP 245.00,,0%,,,
toys,"General Inflatable River Tube with Backrest, 120 cm, Blue and Turquoise, Heavy-Duty Design with Handles","EGP 1,348.75",,0%,,,
toys,A Sea Buoy In The Shape Of An Airplane,EGP 215.22,,0%,,,
toys,Luxurious Bus Toy - Black,EGP 310.00,,0%,,,
toys,Ji Long Sunclub Alpaca Shaped Inflatable Swim Ring 115 Cm - No:37609,EGP 579.00,,0%,,,
toys,Ji Long Beach Lounge with Head Rest 118x118 cm - Assorted Colors,EGP 616.00,,0%,,,
toys,Ji Long Sunclub Seahorse Tube Swim Ring - 106cm - No:35016,EGP 520.00,,0%,,,
toys,Genetic Dream Kitchen,EGP 300.00,,0%,,,
toys,Genetic Dream Kitchen,EGP 300.00,,0%,,,
toys,Watermelon Float 70cm,EGP 220.00,EGP 280.00,21%,,,
toys,Watermelon Float 80cm,EGP 240.00,EGP 300.00,20%,,,
toys,Metal Car Model DODGE with Openable Doors - 1:36 Scale,EGP 250.00,,0%,,,
toys,"Inflatable Swim Ring Lively Print Pineapple, 51CM",EGP 240.00,,0%,,,
toys,Car With Car Models Alloy Diecast Toys 1:43,EGP 200.00,,0%,,,
toys,1:43 Metal Car With Car Models Alloy Diecast Toys Military,EGP 200.00,,0%,,,
toys,Inflatable Shaped Floating Drink Holder,EGP 199.00,,0%,,,
toys,Sun Club Sea Shoulders,EGP 200.00,,0%,,,2 out of 5(1)
toys,Home Little Helper Cleaning Tools 13 Pcs,EGP 750.00,,0%,,,
toys,1:43 Metal Car with Alloy Diecast Toy Model - Gepp,EGP 200.00,,0%,,,
toys,1:36 Alloy Car Model with Three Doors Open - Red,EGP 250.00,,0%,,,
toys,1:36 Alloy Car Model with Three Doors Open - Small Toys Decoration (Blue),EGP 250.00,,0%,,,
toys,Inflatable Kids,EGP 295.00,EGP 320.00,8%,,,
toys,DIE CAST/METAL RED BUS TOY,EGP 295.00,,0%,,,
toys,DIE CAST/DOOR OPEN/BLACK,EGP 299.00,,0%,,,4 out of 5(1)
toys,Mini Kitchen Playset with Lights and Sound 101 Pcs,"EGP 2,492.50","EGP 3,000.00",17%,,,
toys,Die Cast Model Metal Car 1:32 Car,"EGP 1,227.50","EGP 1,500.00",18%,,,
toys,Gravity Sensor 1-16 Emulation car Model With Steering Wheel,EGP 710.00,EGP 790.00,10%,,,
toys,76cm Frosted Neon Swim Ring - 1pcs - No:36024,EGP 182.00,,0%,,,
toys,Plastic Mini Microwave With Sound And Lights 3+,EGP 600.00,,0%,,,
toys,Car Toy With Remote Control And Pedals,EGP 658.25,EGP 800.00,18%,,,
toys,Remote Control Model Bubble Car,"EGP 1,227.50","EGP 1,500.00",18%,,,
toys,Radio Controlled Luxuzious Car,EGP 629.50,"EGP 1,000.00",37%,,,
toys,Kitchen Play Set,EGP 179.00,EGP 225.00,20%,,,
toys,Catch 'n Toss Multi-Color Self-Adhesive Beach Toy Ball Set,EGP 125.00,EGP 275.00,55%,,,
toys,A Large Truck With A Snake From A Plastic Movie Green And Yellow - New,"EGP 1,460.00",,0%,,,
toys,Battery Operated Racing Car  Red - New,EGP 315.00,,0%,,,
toys,CAR Premium Is Remotely Controlled By RC For Children Black Orange 567 5 - New,"EGP 1,235.00",,0%,,,
toys,RC Zanos Car Game Is Re Charging With Remote Control 1:14 Scale  Multi Colored - New,EGP 730.00,,0%,,,
toys,A Metal Ambulance Equipped With Light And Sound White - New,EGP 565.00,,0%,,,
toys,Glading And Raise To Empty The Rimott Control Size From RC -1:16,EGP 600.00,EGP 700.00,14%,,,
toys,1:24  Plastic Truck Car Truck Game To Mix Stalemate For Children With Remote Control For Children - New,"EGP 1,235.00",,0%,,,
toys,A Group Of Soldiers Equipped With 100 Combat Soldiers Aircraft Vehicles And Tanks  - New,"EGP 1,530.00",,0%,,,
toys,Squeezable Toy For Kids  Orange - New,EGP 160.00,,0%,,,
toys,A Large Truck With A Snake From A Plastic Movie Green And Yellow - New,"EGP 1,460.00",,0%,,,
toys,Dino Valley Dinosaur Group Set - New,"EGP 1,840.00",,0%,,,
toys,Dino Hummels Dino Valley Dinosaur Playset - New,EGP 790.00,,0%,,,
toys,A Plane Or Military Vehicle Consisting Of A Soldier A Soldier And Several 1008290  Toys & Games / Action Figures & Statues / 1008427  Toys & Games / Dress Up & Pretend Play / Accessories / Gear & S That Emit An LED And A Strong Sound - New,"EGP 1,085.00",,0%,,,
toys,Rechargeable Iron Man RC Car Toy With Remote Control 1:14 Scale  Multi Color - New,EGP 730.00,,0%,,,
toys,The Army Group With A War Boat And A Helicopter - New,EGP 790.00,,0%,,,
toys,Little Pony Projector Wrist Watch For Girls  1 - New,EGP 210.00,,0%,,,
toys,RC RC Game Is A Rechargeable Recharged Man With Remote Control 1:14 Scale  Multi Colored - New,EGP 730.00,,0%,,,
toys,Free Soldier SOLDIER FORCE ARMY DEPLOY PLAYSET,"EGP 4,777.00",,0%,,,
toys,Brojicator Little Bonnie Wrote For Girls  Multi Colored - New,EGP 210.00,,0%,,,
toys,Color Baby Speed ​​& Go RC Racing Car With Remote Control 1:16  Red  1 - New,EGP 940.00,,0%,,,
toys,Rope Jumping Sport Game For Children - New,EGP 160.00,,0%,,,1 out of 5(1)
toys,Dino Valley Dino Transporter Packaging Dimensions - New,"EGP 3,097.00",,0%,,,
toys,1:24  Plastic Truck Car Truck Game To Mix Stalemate For Children With Remote Control For Children - New,"EGP 1,235.00",,0%,,,
toys,A Small Toy Car With A Plastic Cartoon Character - New,EGP 160.00,,0%,,,
toys,Kitchen Tools Toy For Children - From GTGTOYS.,EGP 277.00,,0%,,,
toys,RC Racing Car With Remote Control 1:12  White And Blue - New,EGP 950.00,,0%,,,
toys,Military Army Camp Toy With Vehicles  Green RC 192 - New,EGP 790.00,,0%,,,
toys,Doctor Kit Model 2024 - New,EGP 160.00,,0%,,,
toys,Little Pony Projector Wrist Watch For Girls  2 - New,EGP 210.00,,0%,,,
toys,RC Coler Baby Speed ​​and Joe Racing With 1:16 Remote Control  Red - New,EGP 940.00,,0%,,,
toys,Little Pony Projector Wrist Watch For Girls  2 - New,EGP 210.00,,0%,,,
toys,A Small Buffalo Game For Children Plastic  3 Pieces - New,EGP 160.00,,0%,,,
toys,A Large Sized Military Helicopter With A Tank Soldiers And A Military Water Ship From Solder Multiple - New,"EGP 4,725.00",,0%,,,
toys,A Small Buffalo Game For Children Plastic  3 Pieces - New,EGP 160.00,,0%,,,
toys,"Kids Kitchen Playset With Accessories, Plastic (47 Pieces Kitchen)","EGP 3,500.00",,0%,,,
toys,The Famous Bowling Game Model 2024 - New,EGP 535.00,,0%,,,
toys,Rechargeable Iron Man RC Car Toy With Remote Control 1:14 Scale  Multi Color - New,EGP 730.00,,0%,,,
toys,A Metal Ambulance Equipped With Light And Sound White - New,EGP 565.00,,0%,,,
toys,Rechargeable Iron Man RC Car Toy With Remote Control 1:14 Scale  Multi Color  1 - New,EGP 730.00,,0%,,,
toys,Robot Game For Children - New,EGP 160.00,,0%,,,
toys,R / C TANK MODEL CAR - New,"EGP 1,370.00",,0%,,,
toys,Colorful Bowling Set From GTG Toys.,EGP 500.00,,0%,,,
toys,Frozen Kitchen From GTG Toys - New,EGP 715.00,,0%,,,
toys,Dino Valley Complete Dinosaur Skeleton  GTG Toys - New,"EGP 1,830.00",,0%,,,
toys,"Kids Kitchen Playset With Accessories, Plastic (47 Pieces Kitchen)","EGP 2,700.00",,0%,,,
toys,Color Baby Speed ​​& Go RC Racing Car 1:16 Remote Control  Red - New,EGP 940.00,,0%,,,
toys,A Small Toy Car With A Plastic Cartoon Character - New,EGP 160.00,,0%,,,
toys,High Speed RC Racing Car With Remote Control 1:16  Yellow - New,EGP 400.00,,0%,,,
toys,Ambulance The Ambulance Is Equipped With Many Capabilities: A Motorcycle A Doctor A Patient And A First Aid Bag Equipped With LED Lights And Emitting Sounds - New,"EGP 1,830.00",,0%,,,
toys,Free Soldier SOLDIER FORCE TACTICAL COMMAND TRUCK PLAYSET,"EGP 3,377.00",,0%,,,
toys,Colorful Bowling Set From GTG Toys.,EGP 500.00,,0%,,,
toys,MotorShop 75 Monster Truck Fleet Packaging Dimensions - New,"EGP 1,460.00",,0%,,,
toys,Fire Truck With A High Platform To Control A Quadruple Dimension  Red - New,EGP 715.00,,0%,,,5 out of 5(1)
toys,Best Ways Kids Swimming Goggles From Bestway - New,EGP 292.00,,0%,,,
toys,Best Ways Aqua Balz Mask From Bestway - New,EGP 247.00,,0%,,,
toys,Dino Dnio Valley 6 Spinosaurus Set Packaging Dimensions - New,"EGP 1,977.00",,0%,,,
toys,Washing Machine Toy With Multiple 1008427  Toys & Games / Dress Up & Pretend Play / Accessories - New,EGP 800.00,,0%,,,
toys,Robot Game For Children - New,EGP 160.00,,0%,,,
toys,Kitchen Set And Various 1008427  Toys & Games / Dress Up & Pretend Play / Accessories Toy - New,"EGP 2,275.00",,0%,,,
toys,RC Coler Baby Speed ​​and Joe Racing With 1:16 Remote Control  Silver - New,EGP 940.00,,0%,,,
toys,Big Gun Generation - New,"EGP 1,460.00",,0%,,,
toys,Horse Toy In CAR From My Horse Toy For Children Plastic  Milky White - New,EGP 160.00,,0%,,,
toys,RC Captain Captain McClement Game With Remote Control 1:14  Multi Colored - New,EGP 730.00,,0%,,,
toys,LCD Sophia Wrist For Girls  Purple - New,EGP 210.00,,0%,,,
toys,MotorShop 75 Monster Truck Fleet Packaging Dimensions - New,"EGP 1,840.00",,0%,,,
toys,Metal Racing Car With Light And Sound  Red - New,EGP 565.00,,0%,,,
toys,Rechargeable Iron Man RC Car Toy With Remote Control 1:14 Scale  Multi Color - New,EGP 730.00,,0%,,,
toys,CAR Toy For Boys  White - New,EGP 460.00,,0%,,,
toys,Metal Fire Truck With Light And Sound  Red - New,EGP 565.00,,0%,,,
cameras,Hikvision Camera 2mp Ip Outdoor,"EGP 1,050.00","EGP 1,350.00",22%,,,
cameras,TP-Link Tapo Smart Battery Video Doorbell D230S1,"EGP 3,709.00","EGP 4,690.00",21%,,,5 out of 5(1)
cameras,tenda CH7-WCA 4MP Outdoor Wi-Fi Pan/Tilt Camera,"EGP 2,700.00",,0%,,,
cameras,TP-Link Tapo C200 - Pan/Tilt Home Security Wi-Fi Camera,EGP 849.00,EGP 980.00,13%,,,4.5 out of 5(31)
cameras,Hikvision DS-2CE16H0T-ITPF Outdoor Security Camera 5 MP,EGP 875.00,,0%,,,5 out of 5(1)
cameras,Ezviz TY1 Smart Home Camera Security Wi-Fi 1080 - White,EGP 979.00,"EGP 1,220.00",20%,,,4.5 out of 5(15)
cameras,"Hikvision Camera outdoor 2MP High quality imaging with 2 MP, 1920 × 1080 resolution",EGP 450.00,EGP 550.00,18%,,,5 out of 5(5)
cameras,TP-Link Tapo Tc70 Pan/Tilt Wi-Fi Camera 1080P - White,EGP 799.00,EGP 980.00,18%,,,4 out of 5(9)
cameras,Dual Lens 10MP 3K Outdoor WiFi Surveillance Camera,"EGP 4,999.00","EGP 5,555.00",10%,,,5 out of 5(1)
cameras,Hilook THC-B120-PC- 3.6M-2MP Outdoor Surveillance Camera,EGP 340.00,EGP 500.00,32%,,,
cameras,TP-Link Tapo Security Camera Outdoor WI-FI 2K QHD - C510W,"EGP 1,929.00","EGP 2,220.00",13%,,,5 out of 5(1)
cameras,"Kids Digital Camera, Mini Photo Video Camera with LCD Screen, TF Card Slot, USB Interface",EGP 550.00,,0%,,,
cameras,TP-Link Tapo C200 - Pan/Tilt Home Security Wi-Fi Camera,"EGP 1,380.00",,0%,,,5 out of 5(9)
cameras,"D-Link DCS-P6000LH HD 11N IP Camera, 120° View, 5M IR, H.264, MJPEG, 0lux, CMOS sensor, mydlink Cloud enabled",EGP 575.00,"EGP 1,250.00",54%,,,5 out of 5(2)
cameras,"Instant Digital Camera for Kids with Smart Design for Photography and Video, Rechargeable Battery and Expandable Memory - Pink",EGP 937.00,,0%,,,
cameras,"Kids Digital Mini Camera – Photo & Video Recorder with LCD Screen, TF Card Slot & USB Interface – Rechargeable Educational Toy for Boys & Girls Ages 3–10 – Compact Design with Filters & Frames – Gift for Creativity & Fun",EGP 550.00,EGP 650.00,15%,,,
cameras,Ezviz EZVIZ H6c 2K Security Cam,"EGP 1,300.00",,0%,,,
cameras,"Hikvision Indoor Camera Security, 2MP, Dual Light Audio Fixed Turret, DS-2CE76D0T - White",EGP 749.00,EGP 900.00,17%,,,
cameras,Digital camera bag. for canon and Nikon .شنطة كتف للكاميرا والعدسة,EGP 325.00,,0%,,,
cameras,"tapo TP-Link Outdoor Security Wi-Fi Smart Camera, 4MP, Motion Detection, Starlight Night Vision, SD Card Slot, Voice Control, White, 2K HD Full colour Video, Alarm, No hub required ( C320WS)","EGP 1,649.00","EGP 1,999.00",18%,,,
cameras,TP-Link Camera Tapo C310,"EGP 1,299.00","EGP 2,200.00",41%,,,5 out of 5(3)
cameras,HD 720P Parking Camera with Smart Motion Trajectory Lines,EGP 399.00,EGP 450.00,11%,,,
cameras,Hilook By Hikvision Outdoor 2MP Camera – Reliable Surveillance Solution,EGP 350.00,EGP 503.00,30%,,,3.8 out of 5(8)
cameras,Hilook THC-T120-PC- 2.8M-2MP Indoor Surveillance Camera,EGP 348.00,EGP 500.00,30%,,,
cameras,"Hikvision Outdoor Security Camera 3K, Hybrid light, DS-2CE16K0T-EXLPF - White",EGP 769.00,"EGP 1,010.00",24%,,,
cameras,"tenda CP3 Pro, 3MP Security Pan/Tilt Camera","EGP 1,115.00",,0%,,,
cameras,Hikvision MEMORY CARD 64,EGP 263.00,EGP 300.00,12%,,,4.1 out of 5(9)
cameras,tenda CP3 Pro 1080P Wireless Indoor Pan Tilt Security Camera,"EGP 1,150.00","EGP 1,500.00",23%,,,3 out of 5(4)
cameras,Fujifilm Instax Mini Photo Camera Film 10 Pack,EGP 899.00,"EGP 1,200.00",25%,,,5 out of 5(2)
cameras,Fujifilm Instax Mini Photo Camera Film 20 Pack,"EGP 1,399.00","EGP 1,799.00",22%,,,
cameras,TP-Link  Tapo Outdoor Security Camera Wi-Fi - C310,"EGP 1,339.00","EGP 1,670.00",20%,,,5 out of 5(2)
cameras,TPLink Tapo C100 Home Security Wi-Fi Camera,EGP 899.00,"EGP 1,199.00",25%,,,5 out of 5(2)
cameras,"Skyworth Smart Camera Outdoor 3MP Full-Color, LC2308 - White","EGP 1,749.00","EGP 2,100.00",17%,,,5 out of 5(2)
cameras,"Ezviz BM1 Baby Monitor Battery Powered Wi-Fi Indoor Security Camera, 2MP - Pink","EGP 2,989.00","EGP 3,710.00",19%,,,5 out of 5(1)
cameras,"Mercusys MC200 Pan & Tilt Home Security Wi-Fi Camera,360° horizontal, enabling complete coverage of the area,1080p high-definition video, providing users with clear and detailed footage, Two-Way Audio",EGP 629.00,EGP 899.00,30%,,,
cameras,"Imou Ranger 2 Indoor 3MP WiFi Live Cam, 8x Digital Zoom - White",EGP 719.00,"EGP 1,199.00",40%,,,
cameras,"Hikvision Outdoor Security Camera 2MP, Dual Light, Audio Fixed Mini, DS-2CE16D0T - White",EGP 769.00,EGP 900.00,15%,,,
cameras,"tenda CP3 Pro Indoor Security Camera, 3MP, White",EGP 919.00,"EGP 1,240.00",26%,,,3 out of 5(2)
cameras,tenda CP3 Indoor Home Security Wi-Fi Camera 3MP -,EGP 799.00,"EGP 1,060.00",25%,,,4.5 out of 5(2)
cameras,tenda  CH9-WCA 6MP Dual-Lens Linkage Outdoor Wi-Fi Pan/Tilt Camera - White,"EGP 3,289.00","EGP 3,960.00",17%,,,4.3 out of 5(3)
cameras,Hikvision DS-2CE16D0T-EXIPF Security Cam,EGP 500.00,,0%,,,
cameras,Dahua H3I – 3.0 MP Wireless WiFi indoor Camera,"EGP 1,283.00",,0%,,,
cameras,Wifi Panorama Camera Light Bulb 360,"EGP 1,400.00",,0%,,,
cameras,Convoy CV-HD2B 2 MP Outdoor Security Camera - White,EGP 499.00,EGP 666.00,25%,,,
cameras,Fujifilm INSTAX MINI 12 Instant Film Camera (Mint Green),"EGP 4,499.00",,0%,,,5 out of 5(1)
cameras,"Ezviz HP7 2K* Smart Home Video Doorphone, Outdoor station, Display Touch 7 - Black","EGP 7,309.00","EGP 9,020.00",19%,,,
cameras,"Hikvision Indoor Fixed Turret Camera, 2MP, 2.8MM - DS-2CE76D0T-EXIPF",EGP 558.00,EGP 990.00,44%,,,
cameras,Dji  RONIN RS4,"EGP 24,990.00",,0%,,,
cameras,Hikvision Camera Indoor DS-2CE76K0T-EXLPF 2.8M 3K - Color Camera,"EGP 1,016.00","EGP 1,200.00",15%,,,
cameras,Hikvision 2 MP ColorVu Fixed Mini Bullet Camera,"EGP 1,095.00",,0%,,,
cameras,"SC 5MP 3K UHD Outdoor PTZ Security Camera, Wi-Fi 6 Dual-Band, 355° Pan 90° Tilt, Smart Human Detection, Color Night Vision, Spotlight & Siren, Two-Way Audio, IP66 Weatherproof, MicroSD up to 512GB, ONVIF Compatible IPC-K7FP-5H0WE","EGP 2,399.00","EGP 2,899.00",17%,,,
cameras,Dahua H5B – 5.0 MP WiFi indoor Camera with One-click Proactive Call,"EGP 2,286.00",,0%,,,1 out of 5(1)
cameras,Convoy CV-HD2D 2 MP Indoor Security Camera - White,EGP 555.00,,0%,,,
cameras,Ezviz H3C COLOR2M Security Cam,"EGP 1,854.00",,0%,,,
cameras,"Hikvision Smart Hybrid Light Audio Fixed Turret Camera, 2MP, White - DS-2CE76D0T-LPFS 2.8MM",EGP 935.00,"EGP 2,000.00",53%,,,
cameras,Ezviz TY1 Pro 4MP - Pan & Tilt Smart Home Camera - White,"EGP 1,699.00","EGP 2,040.00",17%,,,
cameras,"Kids Digital Camera, LCD Display, Multiple Colours, Educational Toy",EGP 550.00,,0%,,,
cameras,Telefez Hagar 50 Meters Camera Cable 96 Wires RG59,EGP 590.00,EGP 750.00,21%,,,
cameras,Fujifilm INSTAX MINI 12 Instant Film Camera (Clay White),"EGP 4,499.00",,0%,,,
cameras,D-Link DCS-8000LH Mini HD 11N IP Camera,EGP 725.00,"EGP 1,999.00",64%,,,3.8 out of 5(5)
cameras,tenda CP3 V3.0 3MP Security Pan/Tilt Camera,"EGP 1,000.00",,0%,,,
cameras,Car Rearview Camera with Ultra-Clear Night Vision,EGP 430.00,EGP 599.00,28%,,,
cameras,Tapoo C200c Pan/Tilt Home Security Wi-Fi Camera,EGP 850.00,,0%,,,
cameras,TP-Link TAPO SMART HOME SECURITY WIFI CAMERA-1080P   TC70,EGP 999.00,"EGP 1,700.00",41%,,,4.3 out of 5(11)
cameras,TP-Link Tapo C100 - Pan/Tilt Home Security Wi-Fi Camera,EGP 749.00,EGP 960.00,22%,,,
cameras,Hikvision Indoor Camera 2MP - High-Quality Imaging and Night Vision,EGP 449.00,EGP 550.00,18%,,,2.3 out of 5(3)
cameras,"Skyworth Home Security Wi-Fi Camera 4MP, LC2103 - White","EGP 1,929.00","EGP 2,350.00",18%,,,
cameras,Dahua DH-P5B-PV – 5MP Outdoor Wireless Fixed-focal Wi-Fi Pan & Tilt Network Camera,"EGP 3,731.00",,0%,,,
cameras,"Hikvision Smart Hybrid Light Audio Fixed Mini Bullet Camera, 2MP, White - DS-2CE16D0T-LPFS 3.6MM",EGP 935.00,"EGP 2,000.00",53%,,,
cameras,Beston Lp-E17  camera battery,"EGP 1,099.00",,0%,,,
cameras,Ezviz Pan & Tilt Smart Home Camera H6c Pro 2K 4MP Type C,"EGP 1,999.00","EGP 2,599.00",23%,,,
cameras,"Hikvision Camera mic led indoor 2MP High quality imaging with 2 MP, 1920×1080 resolution",EGP 890.00,"EGP 1,200.00",26%,,,
cameras,Skyworth H30P Home Security Wi-Fi Camera 3MP LC2405 - White,EGP 979.00,"EGP 1,200.00",18%,,,
cameras,Fujifilm X-S20 Mirrorless Camera with 15-45mm Lens,"EGP 63,999.00","EGP 69,999.00",9%,,,
cameras,VTC Smart WI-FI Surveillance  Camera - 3MP - White,EGP 750.00,"EGP 1,650.00",55%,,,3.9 out of 5(15)
cameras,Hollyland Solidcom C1 Pro-8S Full-Duplex ENC Wireless Intercom System with 8 Headsets (1.9 GHz),"EGP 84,999.00","EGP 99,999.00",15%,,,
cameras,Imou Ranger 2 Smart Wireless Security Pan Tilt Camera 2k 3MP,"EGP 1,399.00","EGP 1,999.00",30%,,,5 out of 5(1)
cameras,"Ezviz BM1 Baby Monitor - Battery Powered Wi-Fi Indoor Security Camera, 2MP","EGP 3,089.00","EGP 3,710.00",17%,,,4 out of 5(1)
cameras,Ezviz H8c Pro 3K Outdoor Wi-Fi secuirty camera 5MP - White,"EGP 2,779.00","EGP 3,200.00",13%,,,
cameras,eufy eufy Indoor Security Camera With Pan And Tilt Movement - T8414G21,"EGP 1,179.00","EGP 1,240.00",5%,,,5 out of 5(2)
cameras,"tenda CP3 V3 Secuirty Wi-Fi Camera, 3MP - Black",EGP 879.00,"EGP 1,199.00",27%,,,
cameras,"Ezviz E6 Indoor Home Smart Serurity Wi-Fi Camera, 6MP - Silver","EGP 3,599.00","EGP 4,690.00",23%,,,5 out of 5(1)
cameras,"Digital Kids Camera for Recording Happy Moments, Videos, and Photos with Built-in Lithium Battery and Expandable Memory - Partially Waterproof",EGP 540.00,,0%,,,
cameras,Telefez Hagar 100 Meters RG59 Camera Cable - High-Performance Video Cable,"EGP 1,300.00","EGP 1,400.00",7%,,,
cameras,Ezviz WIFI Smart Home Camera 360 Dual 2K Lenses H7C 4MP+4MP,"EGP 2,999.00","EGP 3,899.00",23%,,,
cameras,Canon EOS R8 body camera,"EGP 61,999.00",,0%,,,4 out of 5(1)
cameras,Hot Shoe Metal Gimbal & Mobile Phone Holder Clip 1/4 Screw Interface Universal - Black,EGP 55.00,EGP 111.00,50%,,,
cameras,"Security Camera 6MP Dual-Lens Wi-Fi CCTV Camera Cruiser Dual 2 is a versatile and reliable solution for monitoring your property, featuring dual lenses for comprehensive coverage and enhanced security.","EGP 3,499.00","EGP 3,999.00",13%,,,
cameras,Hikvision Outdoor Audio Fixed Bullet Network Camera 2 MP DS-2CV2021G2-IDW,"EGP 2,499.00","EGP 2,899.00",14%,,,
cameras,Beston Lp-E12  camera battery,EGP 750.00,,0%,,,
cameras,tenda CH7 WCA Wireless PTZ Camera,"EGP 2,148.00","EGP 3,100.00",31%,,,
cameras,Ezviz C8C 2 MEGA PIXEL Outdoor Pan/Tilt Camera with Motion Tracking,"EGP 4,299.00",,0%,,,3 out of 5(1)
cameras,View Sound Ip-W001 IP Wireless / Wired Camera - Black,EGP 771.00,EGP 999.00,23%,,,5 out of 5(1)
cameras,Double strap for 2 cameras,EGP 450.00,,0%,,,
cameras,Fujifilm Instax Mini 12 Instant Camera - Clay White +Fujifilm Instax Mini Film 1-Pack (10Sheets),"EGP 4,999.00","EGP 6,399.00",22%,,,
cameras,"uniarch Smart PT Camera 2MP, Uho-S2 Uho-S2E - White",EGP 879.00,EGP 920.00,4%,,,5 out of 5(1)
cameras,Dahua Camera 2Mp Indoor Pan/Tilt Dh-H2C - White,"EGP 1,639.00","EGP 1,970.00",17%,,,
cameras,Sony A7III camera,"EGP 69,000.00",,0%,,,
cameras,Hot Shoe Metal Gimbal & Mobile Phone Holder Clip 1/4 Screw Interface Universal - Black,EGP 39.00,EGP 60.00,35%,,,3.2 out of 5(13)
cameras,tripod Extendable Photography with 360 Rotation for Cameras and Mobile Phones,EGP 130.00,EGP 160.00,19%,,,5 out of 5(1)
cameras,Zhiyun SMOOTH 5S AI SmartPhone Stabilizers Pro - SM120,"EGP 12,999.00","EGP 13,999.00",7%,,,
cameras,"Advision Analog Wired Bullet Security Camera, White - AD-202B-C–3.6",EGP 671.00,"EGP 5,000.00",87%,,,
cameras,915 Generation Smartphone Video Rig with 3 Shoe,"EGP 1,092.63","EGP 2,185.27",50%,,,
cameras,"Kids Digital Camera, Mini Photo Video Camera With LCD Screen, TF Card Slot, USB Interface",EGP 550.00,,0%,,,
cameras,"Hikvision Camera mic led indoor 3k High quality imaging with 3K, 2960 × 1665 resolution","EGP 1,099.00","EGP 1,550.00",29%,,,
cameras,Ezviz Pan & Tilt Smart Home Camera H6c Pro 3K 5MP Type C,"EGP 2,299.00","EGP 2,999.00",23%,,,5 out of 5(1)
cameras,Silicone Case Cover Fits For Google Nest Doorbell Black,EGP 100.00,,0%,,,
cameras,Dahua 2MP Indoor Wi-Fi Pan Camera - DH-H2A,"EGP 1,029.00","EGP 1,370.00",25%,,,
cameras,"Kids' digital camera, mini camera for taking photos and videos with LCD screen, TF card slot and USB interface",EGP 550.00,,0%,,,
cameras,"Sandisk 64GB Extreme PRO SDXC UHS-I Card Speed UP TO 200MB/s - C10, U3, V30, 4K UHD, SD Card",EGP 999.00,"EGP 1,099.00",9%,,,4.8 out of 5(5)
cameras,Hikvision 2MP Indoor IP Camera,"EGP 1,050.00","EGP 1,300.00",19%,,,5 out of 5(1)
cameras,Ezviz WIFI Smart Home PTZ Camera 4k 8MP H8C Pro,"EGP 4,555.00","EGP 5,999.00",24%,,,
cameras,Hikvision DS-2CE16D0T-EXIPF Outdoor Security Camera 2MP 3.6mm,EGP 710.00,EGP 799.00,11%,,,
cameras,"TOKQI M01 Handheld 3-Axis Gimbal Phone Holder Anti Shake Video Record Stabilizer For Smart Phones, Vlogs, Tiktok, Yotube.","EGP 3,800.00","EGP 6,900.00",45%,,,
cameras,Point Cable Camera CCTV 50m RJ174,EGP 480.00,,0%,,,4 out of 5(1)
cameras,Dji Osmo Action 4 Adventure Combo - Black,"EGP 20,500.00","EGP 24,616.06",17%,,,
cameras,Beston El_15 Nikon camera battery,EGP 799.00,,0%,,,
cameras,Hikvision DS-2CE76K0T-EXLPF,EGP 850.00,"EGP 1,150.00",26%,,,
cameras,Soft Silicone Protective Case For Canon EOS 1300D / 1500D(Black),EGP 959.00,"EGP 1,199.00",20%,,,
cameras,Dahua Hero A1 Indoor Pan - Tilt Wi-Fi Pan - 3.6MM Camera - 2MP,"EGP 1,599.00","EGP 1,799.00",11%,,,
cameras,"Kids Digital Camera, Mini Photo Video Camera with LCD Screen, TF Card Slot, USB Interface",EGP 550.00,,0%,,,1 out of 5(1)
cameras,parking sensor for all vehicles,EGP 350.00,EGP 385.00,9%,,,
cameras,Fujifilm XF 50mm f/2 R WR Lens (Black),"EGP 22,999.00",,0%,,,
cameras,Fujifilm FUJIFILM X-T5 Mirrorless Camera with 16-80mm f/4 Lens (Silver),"EGP 103,999.00","EGP 109,999.00",5%,,,
cameras,"TP-Link Tapo C225 2K QHD Pan/Tilt Security Camera, AI Detection, Privacy Protection, Starlight Sensor, 2-way Audio, Night Vision, Cloud And SD Card Storage, Works With Alexa","EGP 2,199.00","EGP 2,599.00",15%,,,
cameras,Hikvision DS-2CE16K0T-EXLPF Outdoor Security Camera,EGP 899.00,"EGP 1,000.00",10%,,,4 out of 5(1)
cameras,Dji Osmo Mobile 7P Gimbal Smartphone Stabilizer for iPhone,"EGP 8,900.00",,0%,,,
cameras,"Hikvision Indoor Security Camera, 3K, With Smart Hybrid Lighting, DS-2CE76K0T-EXLPF - White",EGP 769.00,"EGP 1,080.00",29%,,,
cameras,"Advision AD202D-C-2.8 Indoor Security Camera, 2MP, Wide 2.8MM - White",EGP 600.00,"EGP 1,500.00",60%,,,
cameras,CT-1302 Rearview Car Camera with Night Vision,EGP 319.00,EGP 460.00,31%,,,
cameras,Ezviz TY1 Full HD 1080P WiFi IP Surveillance Camera,"EGP 1,499.00 - EGP 1,550.00",,0%,,,4.4 out of 5(9)
cameras,"Dual Full HD Car Dash Cam, Dash Camera 150° Wide Angle","EGP 6,800.00",,0%,,,
cameras,"Hilook By Hikvision Camera color led 2MP-LPS High quality imaging with 2 MP, 1920 × 1080 resolution",EGP 850.00,EGP 990.00,14%,,,5 out of 5(1)
cameras,Oraimo FlowMotion Smart Face-Tracking Gimbal,"EGP 1,999.00","EGP 4,000.00",50%,,,5 out of 5(1)
cameras,"Hilook By Hikvision THC-B120-PC, 2 MP Fixed Mini Bullet Camera",EGP 445.00,,0%,,,
cameras,"Kids Digital Camera, Mini Photo Video Camera With LCD Screen, TF Card Slot, USB Interface",EGP 550.00,EGP 600.00,8%,,,
cameras,"TP-Link Tapo C320WS Wireless Outdoor Security Camera, 2K 4MP QHD- White","EGP 2,089.00","EGP 3,000.00",30%,,,
cameras,Fujifilm FUJIFILM X100VI Digital Camera (Black),"EGP 84,999.00","EGP 125,000.00",32%,,,
cameras,Hikvision DS-2CE76D0T-EXIPF 1080P-2.8MM Camera,EGP 420.00,EGP 429.00,2%,,,5 out of 5(2)
cameras,Kids Camera 24MP Multi Zoom Cartoon Smart KidsCamera With HD Shooting And Interesting Photo For Environmental Protection Thermal Printing (Pink),"EGP 2,000.00",,0%,,,
cameras,"Mercusys MC200 Pan & Tilt Home Security Wi-Fi Camera ,360° horizontal, enabling complete coverage of the area,1080p high-definition video, providing users with clear and detailed footage, Two-Way Audio.",EGP 799.00,,0%,,,
cameras,TP-Link Tapo C211 Pan/Tilt Home Security Wi-Fi Camera - Black,"EGP 1,549.00","EGP 1,700.00",9%,,,
cameras,tapo Pan/Tilt Home Security Wi-Fi Camera,EGP 870.00,EGP 999.00,13%,,,
cameras,TP-Link Tapo C520WS Outdoor Pan/Tilt Security Wi-Fi Camera 2K QHD,"EGP 2,600.00","EGP 5,000.00",48%,,,
cameras,TP-Link TP-LINK-CAMERA TAPO- C200,EGP 799.00,"EGP 1,000.00",20%,,,4.9 out of 5(19)
cameras,"Dash Cam With 2.0 Inch IPS HD Screen, Front And Rear Inside 3 Channel 1080P Adjustable Lens Dash Camera","EGP 6,800.00",,0%,,,
cameras,Fluorescent Soft Silicone Protective Case For FUJIFILM Instax Mini 9 / Mini 8+ / Mini 8 (Pink),EGP 90.55,,0%,,,
cameras,"Hikvision Fixed Mini Bullet Camera, 2 MP, 3.6MM - DS-2CE16D0T-EXIPF","EGP 1,038.00","EGP 2,000.00",48%,,,
cameras,Dahua 4MP Indoor Wi-Fi Pan Camera - DH-H4A - White,"EGP 1,849.00","EGP 2,280.00",19%,,,
cameras,Honeywell 2 MPx HQ Analog Eyeball Camera HD30HD2 - White,"EGP 1,499.00","EGP 3,999.00",63%,,,
cameras,Hiksemi Card 128,EGP 516.00,EGP 550.00,6%,,,5 out of 5(1)
cameras,"Mercusys MC200 Indoor Camera, 1080p, FHD - White",EGP 639.00,EGP 870.00,27%,,,
cameras,"Digital Kids Camera for Recording Happy Moments, Videos, and Photos with Built-in Lithium Battery and Expandable Memory - Partially Waterproof",EGP 540.00,,0%,,,
cameras,"Hikvision Fixed Mini Bullet Camera, 2 MP, White - DS-2CE16D0T-EXIPF 3.6MM",EGP 419.00,EGP 610.00,31%,,,
cameras,TP-Link Tapo C310 3MP Outdoor Wi-Fi Security Camera - White,"EGP 1,606.00","EGP 2,500.00",36%,,,
cameras,Hilook By Hikvision Camera Hilook 5MP,EGP 960.00,"EGP 1,100.00",13%,,,5 out of 5(1)
cameras,XIAOMI Security Wifi Magnetic Holder Surveillance Camera,"EGP 2,123.00","EGP 4,999.00",58%,,,
cameras,Ezviz Ezviz-H6C-PRO3MP,"EGP 1,450.00",,0%,,,
cameras,Dji  Osmo Mobile 7 Smartphone Gimbal - Gray,"EGP 7,500.00","EGP 9,000.00",17%,,,
cameras,Oka Oka Dash Cam Car Recorder 1080 HD Night Vision Infrared Sensor,"EGP 5,800.00","EGP 6,000.00",3%,,,
cameras,"Hilook By Hikvision THC-T120-PC, 2 MP Indoor Fixed Turret Camera",EGP 445.00,,0%,,,
cameras,"SE+ 3MP Camera, Outdoor Security Camera for Home, WiFi CCTV Camera for Home, Surveilliance Camera with 360° Coverage, Human/Motion Detection, Smart Night Vision, IP66, Two-Way Talk","EGP 2,240.00","EGP 2,899.00",23%,,,
cameras,"Hilook By Hikvision THC-B150-P, 5 MP Fixed Mini Bullet Camera",EGP 950.00,,0%,,,
cameras,Hilook By Hikvision 5 MP Fixed Mini Bullet Camera,EGP 719.00,EGP 800.00,10%,,,
cameras,Ezviz CP1 Pro Smart Home Camera - 2M - Black - White,"EGP 1,199.00","EGP 1,399.00",14%,,,
cameras,"Mercusys MC210 Indoor Camera, 2K 3MP - White",EGP 699.00,EGP 899.00,22%,,,
cameras,Car Parking Sensor and Camera with LCD 5 inch Monitor,"EGP 1,991.00","EGP 2,191.00",9%,,,
cameras,Night Vision Car LED Rear View Camera,EGP 241.00,EGP 265.00,9%,,,
cameras,TP-Link  Indoor Security Camera Wi-Fi - Tapo TC60 - White,"EGP 1,016.00","EGP 1,500.00",32%,,,
cameras,"Hilook By Hikvision THC-B129-P, 2 MP ColorVu Mini Bullet Camera","EGP 1,115.00",,0%,,,
cameras,Fujifilm XF 80mm f/2.8 R LM OIS WR Macro Lens,"EGP 59,999.00","EGP 90,000.00",33%,,,
cameras,Nikon Z 6II FX-Format Mirrorless Camera Body Black,"EGP 175,400.00","EGP 253,440.00",31%,,,
cameras,"eufy Mini IndoorCam, Pan & Tilt Indoor Security Camera, Camera with Wi-Fi plugin, AI for human and pets, compatible with voice assistants, night vision, motion tracking.","EGP 1,650.00",,0%,,,5 out of 5(2)
cameras,Apache Outdoor AHD 1MP Security Camera,EGP 399.00,EGP 478.80,17%,,,3.4 out of 5(17)
cameras,Hikvision Mic Led Outdoor 2Mp High-Quality Imaging Camera,EGP 850.00,"EGP 1,516.00",44%,,,
cameras,Hikvision camera ip 4mp mic.light.ls,"EGP 2,590.00","EGP 3,000.00",14%,,,
cameras,Dahua H5D-5F – 5+5MP Indoor Wireless Wi-Fi Dual-Lens Pan & Tilt Camera,"EGP 4,134.00",,0%,,,
cameras,Fujifilm Instax Mini 12 Instant Camera - Pastel Blue + Film Pack,"EGP 5,499.00","EGP 6,399.00",14%,,,
cameras,"Camera Lens Protector for iPhone 17 Pro/iPhone 17 Pro Max Metal Tempered Glass Screen Protector, Single Camera Lens Protector Case Accessories - Silver",EGP 299.00,,0%,,,
cameras,"tenda Smart WiFi 2.5k 4MP IP Camera Outdoor, PTZ Security Camera with Human/Vehicle Detection, Audio & Light Alert, IP66 Weatherproof, 30m Full-Color Night Vision, 2 Way Audio, Work with Alexa.","EGP 2,903.12","EGP 3,299.00",12%,,,
cameras,TP-Link Tapo C120  Indoor/Outdoor Wi-Fi Home Security Camera,"EGP 1,765.00","EGP 1,999.00",12%,,,
cameras,VILTROX Mark V EF-E5 Canon EF Lens to Sony E-Mount Body Adapter with OLED Screen,"EGP 7,999.00",,0%,,,
cameras,"Hikvision Camera color outdoor 2MP High quality imaging with 2 MP, 1920 × 1080 resolution","EGP 1,200.00","EGP 1,800.00",33%,,,
cameras,Bluetooth Touch Screen 7 INCH Plus Camera,"EGP 1,991.00","EGP 2,191.00",9%,,,
cameras,2E Outdoor WiFi Camera K3DP-5H0WF,"EGP 2,299.00","EGP 2,799.00",18%,,,
cameras,7 Inch Universal LCD Mirror Monitor with Wireless Remote And Car Reversing Camera for All Vehicles,"EGP 2,057.00","EGP 2,263.00",9%,,,
cameras,Fujifilm GF 110mm f/2 R LM WR Lens,"EGP 139,999.00","EGP 170,000.00",18%,,,
cameras,Dahua H5A – 5.0 MP Wireless WiFi indoor Camera,"EGP 2,095.00",,0%,,,
cameras,TP-Link Tapo C320WS Wireless Outdoor Security WI-FI Camera 2K 4MP QHD White,"EGP 2,350.00","EGP 5,000.00",53%,,,
cameras,Fujifilm FUJIFILM NP-W126S Li-Ion Battery Pack,"EGP 2,999.00",,0%,,,
cameras,TP-Link Tapo C500 Outdoor Pan/Tilt Security WiFi Camera 1080p Full HD Night Vision (up to 98 ft) Two-Way Audio,"EGP 2,500.00","EGP 10,000.00",75%,,,
cameras,Imou Cruiser 2mp PTZ WiFi Outdoor IP Camera IPC-S22FP,"EGP 2,999.00",,0%,,,5 out of 5(1)
cameras,Ezviz C6 2K Indoor Security Smart Home Camera with Wi-Fi - White,"EGP 3,550.00","EGP 7,000.00",49%,,,
cameras,"tenda Camera CP3V3.0 WiFi IP Camera Indoor Surveillance 2K 360° Dome Security Cameras, Night Vision, Motion Detection, Remote Control, Two-Way Audio, Pet Surveillance Camera, WiFi6","EGP 1,099.00",,0%,,,
cameras,Hikvision 2 MP Varifocal Bullet Network Camera,"EGP 3,500.00","EGP 3,777.00",7%,,,
cameras,Ezviz Wi-Fi Smart Home Camera 3 MP H3 2K,"EGP 2,599.00","EGP 2,999.00",13%,,,
cameras,Hikvision camera ip indoor mic.light,"EGP 1,800.00","EGP 2,000.00",10%,,,
cameras,Fujifilm FUJIFILM X-T30 II Mirrorless Camera (Silver),"EGP 44,999.00",,0%,,,
cameras,Dji  Osmo Mobile SE Gimbal,"EGP 4,750.00",,0%,,,
cameras,"TP-Link Tapo C425 KIT  Solar-Powered Security Camera Outdoor Battery 2K 3MP, Colour Night Vision, MicroSD Memory, 6400 mAh Non-Removable Battery, Two-Way Audio","EGP 5,199.00","EGP 7,000.00",26%,,,
cameras,Fujifilm X-H2S Mirrorless Camera,"EGP 99,999.00",,0%,,,
cameras,Ezviz Smart WIFI Home Camera 360 2MP C6N,"EGP 1,499.00","EGP 2,599.00",42%,,,
cameras,"Hilook By Hikvision THC-B127-LPS, 2MP Dual Light Audio Fixed Mini Bullet Camera",EGP 950.00,,0%,,,
cameras,Single professional camera strap.,EGP 200.00,,0%,,,
cameras,Zhiyun Smooth Q4 Combo - Grey,"EGP 6,499.00","EGP 9,999.00",35%,,,
cameras,Hikvision Indoor Fixed PT Network Camera 2 MP DS-2CV2Q21G1-IDW (W),"EGP 1,499.00","EGP 1,599.00",6%,,,
cameras,Fujifilm XF 16mm f/1.4 R WR Lens,"EGP 49,999.00",,0%,,,
cameras,WF-1005 Monopod DSLR And Video Camera Portable - Solid Monopod With Ball Head,EGP 999.00,"EGP 2,000.00",50%,,,
cameras,Mercusys MC210 Pan/Tilt Home Security Wi-Fi Camera 2K Security Camera Pet Camera Baby Monitor Smart Detection Night Vision Full Coverage 2 Way Audio,EGP 950.00,"EGP 1,000.00",5%,,,
cameras,Canon Digital Camera EOS R100 - Black + RFS 18-45 S EU26 Lens,"EGP 29,999.00","EGP 31,499.00",5%,,,
cameras,Canon lens with warranty EF-50MM STM1.8,"EGP 7,250.00",,0%,,,
cameras,"tenda CH3 Outdoor Wi-Fi Camera, 3MP -","EGP 2,029.00","EGP 2,499.00",19%,,,
cameras,Ezviz Outdoor Pan & Tilt Wi-Fi Camera 2MP H8c,"EGP 2,599.00","EGP 2,899.00",10%,,,
cameras,Hikvision 3K Smart Hybrid Light Audio Indoor Fixed Turret Camera DS-2CE76K0T-LPFS Compaitable with JK Vision BNC,"EGP 1,149.00","EGP 1,999.00",43%,,,
cameras,Beston FZ100 USB 2-battery charger,EGP 599.00,,0%,,,
cameras,Insta360 ONE RS Twin Edition Camera  - Black,"EGP 30,999.00","EGP 39,999.00",23%,,,
cameras,Sandisk 128GB Ultra SXHC UHS-I Memory Card,EGP 999.00,"EGP 1,399.00",29%,,,
cameras,RIVACASE 7303 (PS) SLR Camera Bag black,EGP 980.00,,0%,,,
cameras,"Manfrotto Pro Light 3N1-26 Camera Bag Backpack for Mirrorless,DSLR Cameras","EGP 12,400.00","EGP 21,340.00",42%,,,
cameras,Flashlight In The Form Of A Surveillance Camera,EGP 499.00,,0%,,,
cameras,IMOU Cruiser Z Full Color 5MP H.265 Wi-Fi Mixed Dual Lens 12X Hybrid Zoom Outdoor Camera,"EGP 3,699.00","EGP 4,444.00",17%,,,
cameras,Sony Original  camera battery NP FZ100,"EGP 4,999.00",,0%,,,
cameras,VILTROX Automatic Extension Tube Set for Nikon Z,"EGP 1,499.00",,0%,,,
cameras,Fujifilm FUJIFILM X half Digital Camera (Black),"EGP 42,499.00",,0%,,,
cameras,Hikvision  2M Camera DS-2CE76D0T-EXIPF,EGP 490.00,,0%,,,
cameras,TP-Link C110 Home Security Wi-Fi Camera with 2K Resolution,EGP 799.00,"EGP 1,060.00",25%,,,
cameras,Fine CCTV CDB-4VM551 4MP IP Indoor Security Surveillance Dome Camera Vari-focal Lens,"EGP 2,654.00","EGP 3,899.00",32%,,,
cameras,1080p Wi-Fi Home Security Camera,EGP 930.00,"EGP 1,050.00",11%,,,
cameras,"Hikvision Fixed Mini Bullet Camera, 2MP,3.6MM, White / Black - DS-2CE16D0T-EXIPF",EGP 558.00,"EGP 1,000.00",44%,,,
cameras,VILTROX AF 33mm f/1.4 E Lens for Sony E (Black),"EGP 15,999.00",,0%,,,
cameras,Ezviz CS-C3N-A0-3H2WFRL Wi-Fi Camera,"EGP 3,999.00",,0%,,,
cameras,1.6 X 3M / 5 X 10FT Photography Studio Non-woven Backdrop Background Screen 3 Colors For Option Black White Green,EGP 870.00,"EGP 1,920.00",55%,,,
cameras,Hilook IPC-D121H-C Indoor Security Camera 2MP 2.8mm,"EGP 1,519.05","EGP 1,599.00",5%,,,
cameras,"Hikvision Indoor Camera Mic Color 2Mp -high Quality Imaging With 2 Mp, 1920 × 1080 Resolution 24/7 Color Imaging With F1.0 Aperture","EGP 1,550.00","EGP 2,700.00",43%,,,
cameras,Fujifilm FUJIFILM X half Digital Camera (Silver),"EGP 42,499.00",,0%,,,
cameras,tenda CP7,"EGP 1,500.00","EGP 2,000.00",25%,,,
cameras,"Sandisk 512GB Extreme PRO SDXC UHS-I Card Speed UP TO 200MB/s - C10, U3, V30, 4K UHD, SD Card","EGP 4,499.00","EGP 6,999.00",36%,,,
cameras,D-Link DCS-8300LHV2 D-Link Full HD Wi-Fi Camera,"EGP 1,050.00","EGP 3,500.00",70%,,,
cameras,Silicone case for EOS 800D camera,EGP 550.00,,0%,,,
cameras,Insta360 X5 Standard Bundle - 8k 360° Action camera,"EGP 37,999.00",,0%,,,
cameras,Eirmai EMB D2320 S camera backpack,"EGP 3,850.00",,0%,,,
cameras,Fujifilm XF 90mm f/2 R LM WR Lens,"EGP 47,999.00",,0%,,,
cameras,Ezviz CS-CV310 C3tn (ezGuard) Outdoor Security Camera,"EGP 3,290.00",,0%,,,3.5 out of 5(2)
cameras,VILTROX AF 13mm f/1.4 XF Lens for Nikon Z,"EGP 24,999.00",,0%,,,
cameras,Point Cable Camera CCTV 100m RJ174,EGP 860.00,,0%,,,
cameras,VILTROX AF 35mm f/1.7 Z Lens (Nikon Z),"EGP 19,999.00",,0%,,,
cameras,Imou Ranger 2 Smart Wireless Security Pan Tilt Camera 3k 5MP,"EGP 1,999.00","EGP 2,599.00",23%,,,
cameras,VILTROX E-T10 E-Mount Adapter for Z CAM E2,"EGP 9,999.00",,0%,,,
cameras,tenda CH3 WCA,"EGP 2,800.00","EGP 3,000.00",7%,,,
cameras,"tenda  CP3 V3 WiFi Security Camera, 3MP - Black","EGP 1,400.00",,0%,,,
cameras,Fujifilm XF 23mm f/1.4 R LM WR Lens,"EGP 38,999.00","EGP 44,999.00",13%,,,
cameras,Dahua DH-PFM970-6U,EGP 50.00,,0%,,,
cameras,Camera Of The Car Recording And Viewing – G520,"EGP 3,755.00","EGP 3,900.00",4%,,,
cameras,Tiandy TC-C321N Security Cam - Enhance Your Security,EGP 780.00,,0%,,,
cameras,Hikvision BNC Male Video Connector - White - 10 Pcs,EGP 88.00,EGP 100.00,12%,,,1 out of 5(1)
cameras,"Dji Osmo RS4 Mini Combo, Gimbal Stabilizer For Cameras","EGP 29,999.00","EGP 33,999.00",12%,,,
cameras,Hikvision DS-2CD1123G0E-I IR Fixed Network Dome Security Camera,"EGP 1,899.00",,0%,,,4 out of 5(1)
cameras,Osmo Osmo DJI Mobile 7 - Stabilizer Gray,"EGP 7,555.00",,0%,,,5 out of 5(1)
cameras,TPLink TP-Link Tapo C200,EGP 980.00,,0%,,,
cameras,70Mai 1080P Smart Dash Camera With Night Vision,"EGP 7,999.00",,0%,,,
cameras,"Hilook By Hikvision THC-T127-LPS, 2MP Dual Light Audio Indoor Fixed Turret Camera",EGP 950.00,,0%,,,
cameras,Hikvision DS-2CD1143G2-LIU Indoor IP Security Camera 4MP 2.8mm (Mic) (Hybrid Light),"EGP 3,493.15","EGP 3,677.00",5%,,,
cameras,VILTROX AF 33mm f/1.4 M Lens for Canon EF-M (Black),"EGP 15,999.00",,0%,,,
cameras,Ezviz CB3 Smart Home Battery Camera- 2K - CB3 AOV Version,"EGP 3,299.00","EGP 3,599.00",8%,,,
cameras,VILTROX AF 85mm f/1.8 XF II Lens for FUJIFILM X,"EGP 19,999.00",,0%,,,
cameras,Fujifilm X-T5 Mirrorless Camera with XF 16-50mm f/2.8-4.8 Lens (Silver),"EGP 98,999.00","EGP 104,999.00",6%,,,
cameras,Ezviz WIFI Smart Home Color Outdoor Camera 2MP C3TN,"EGP 2,799.00","EGP 3,999.00",30%,,,
cameras,Fujifilm FUJIFILM X-T50 Mirrorless Camera with XC 15-45mm f/3.5-5.6 Lens (Silver),"EGP 68,999.00 - EGP 74,999.00","EGP 74,999.00",8%,,,
cameras,Mount 9cm Suction Cup Mount And 1/4 Inch Steel Thread Tripod Mount Compatible With Action Cameras And Video Cameras,"EGP 3,940.00",,0%,,,
cameras,Dji  RS 4 Mini Gimbal for cameras,"EGP 21,999.00",,0%,,,
cameras,Wifi Panorama Camera - OULU Wireless Security Camera,"EGP 1,700.00",,0%,,,
cameras,View Sound Td-002Mc90P Security Camera 1/3Cmos 900Tvl,EGP 423.00,EGP 499.00,15%,,,
cameras,Nikon EN-EL15c Rechargeable Li-ion Battery for DSLR and Mirrorless Cameras,"EGP 8,400.00","EGP 13,640.00",38%,,,
cameras,Hikvision DS-2CD1121G0-I Indoor IP Security Camera 2MP 2.8mm,"EGP 1,705.25","EGP 1,795.00",5%,,,
cameras,eufy eufy S220 T8134321 2K Resolution Solar Solocam - White,"EGP 5,099.00","EGP 6,999.00",27%,,,
cameras,Hikvision Camera IP indoor 4MP High quality imaging with 4 MP resolution,"EGP 2,299.00","EGP 2,990.00",23%,,,
cameras,"Dji Osmo Mobile SE, 3-Axis Phone Gimbal for iPhone","EGP 5,400.00",,0%,,,
cameras,Ezviz TY1 - Smart Wi-Fi Pan & Tilt Camera -White,"EGP 1,650.00",,0%,,,4.1 out of 5(7)
cameras,Dahua H3B – 3.0 MP WiFi indoor Camera with action button,"EGP 1,524.00",,0%,,,
cameras,tenda CT6 Outdoor Wi-Fi Camera Full-Color - Smart Detection - 2K,"EGP 2,299.00","EGP 2,499.00",8%,,,
cameras,"tenda CP3 2K 3MP 360-Degree Smart Wi-Fi Pan And Tilt Camera human detection , smart tracking mic and speaker included in camera , privacy shutter , night vision 1080P - White","EGP 1,299.00","EGP 1,475.00",12%,,,
cameras,Fujifilm X-T50 Mirrorless Camera with XF 16-50mm f/2.8-4.8 Lens (Charcoal Silver),"EGP 84,999.00","EGP 89,999.00",6%,,,
cameras,Multi-functional 1-Button Control LED Night Vision NTSC/PAL and Front View Car HD Universal Backup Camera,EGP 305.00,EGP 336.00,9%,,,
cameras,"tenda CH3, 1080P Outdoor Wi-Fi Pan/Tilt Camera","EGP 2,300.00",,0%,,,
cameras,Fujifilm X-T50 Mirrorless Camera,"EGP 63,999.00","EGP 69,999.00",9%,,,
cameras,Standard RG174 Coaxial Cable St C50P 100M,"EGP 1,800.00",,0%,,,
cameras,Fujifilm FUJIFILM X-T50 Mirrorless Camera with 16-50mm f/2.8-4.8 Lens,"EGP 89,999.00",,0%,,,
cameras,VILTROX AF 35mm f/1.7 E Lens (Sony E),"EGP 19,999.00",,0%,,,
cameras,3 Mega HD 3.6 Lens Diameter – HS-2304,EGP 590.00,,0%,,,2 out of 5(2)
cameras,Dji RS 4 MINI Gimbal Stabilizer for Camera,"EGP 21,888.00","EGP 26,244.00",17%,,,
cameras,"tenda 2.5K 360° Outdoor Security Camera - 4MP, Pan/Tilt","EGP 2,879.10","EGP 3,199.00",10%,,,
cameras,Nikon NIKKOR Z 24-120mm F/4 S,"EGP 120,400.00","EGP 181,940.00",34%,,,
cameras,TP-Link Tapo C100 Home Security Wi-Fi Camera - White,EGP 950.00,"EGP 1,249.00",24%,,,
cameras,Hikvision DS-2CE76D0T-EXIPF Indoor Security Camera 2MP 2.8mm,EGP 710.00,EGP 799.00,11%,,,
cameras,PNC Male Video Connector,EGP 40.00,,0%,,,
cameras,TP-Link Tapo TC60 Home Security Wi-Fi Camera - White,EGP 929.00,"EGP 1,180.00",21%,,,
cameras,Fujifilm FUJIFILM X-T50 Mirrorless Camera with 16-50mm f/2.8-4.8 Lens,"EGP 84,999.00","EGP 89,999.00",6%,,,
cameras,"eufy eufy 2K Cam Pan Tilt, Home Security Indoor Camera, with Voice Assistants, Motion Tracking, Night Vision, MicroSD Card Required","EGP 5,999.00",,0%,,,
cameras,Hilook camera hillook,EGP 533.50,EGP 550.00,3%,,,
cameras,Imilab C20 Pro 2K Home Security Camera 3MP - White,EGP 769.00,"EGP 1,480.00",48%,,,
cameras,XIAOMI Smart Security Camera C300 2K - White,"EGP 3,790.00",,0%,,,5 out of 5(2)
cameras,"tenda CT3 Outdoor Wi-Fi Security Camera, 2MP, Full Color - White","EGP 1,179.00","EGP 1,899.00",38%,,,
cameras,TP-Link Tapo C202 Pan/Tilt Home Security Camera,"EGP 1,450.00","EGP 1,699.00",15%,,,
cameras,Fotopro  38 camera backpack,"EGP 1,375.00",,0%,,,
cameras,Hikvision DS-2CE16D0T-EXIPF Outdoor Security Camera 2MP 3.6mm,EGP 679.00,EGP 900.00,25%,,,
cameras,"tenda CT6, 2K Outdoor Wireless Security Camera","EGP 2,340.00",,0%,,,
cameras,Camera Clamp Flash Holder Mount with 360 Swivel Photography Ball-Head - Compatible with All Action and Video Cameras,"EGP 2,940.00",,0%,,,
cameras,Hilook By Hikvision 5MP Indoor Fixed Turret Camera,EGP 800.00,,0%,,,
cameras,Zhiyun Smooth -XS - Smartphone stabilizer - Pink,"EGP 3,444.00","EGP 20,000.00",83%,,,
cameras,4 Infared Night Vision Car Rear View Backup Camera (6m/20ft),EGP 264.00,EGP 291.00,9%,,,
cameras,Beston EN-EL14 USB battery charger,EGP 450.00,,0%,,,
cameras,Wired Surveillance And Recording Camera – HS-1447,EGP 488.00,EGP 590.00,17%,,,4 out of 5(1)
cameras,Car parking sensor kit with led display backup radar monitor (22mm),EGP 435.00,EGP 479.00,9%,,,
cameras,Ezviz C6 -2K+ Smart Home Camera -White-Black -4MP,"EGP 3,699.00","EGP 3,999.00",8%,,,
cameras,Fujifilm GFX100 II Medium Format Mirrorless Camera,"EGP 399,999.00",,0%,,,
cameras,BubabyZZ Carbon Fiber Steering Wheel Cover Anti Slip Breathable Ultra-Thin Carbon Fiber Car Accessories for Men Women Universal 14.9-15 inch Car Steering Segmented Protector in All Season(Pink),"EGP 1,513.00","EGP 1,664.00",9%,,,
cameras,Camera Wrist Strap Mount - 360 Degrees Arm Wrist Band - Camera Strap Belt - Camera Cycling Holder - For Action Camera Compatible With All Action Cameras,"EGP 2,940.00",,0%,,,
cameras,Smart Zoom Home Camera CAM/YZ101-Q7 IANTIN/W.F/2MP,"EGP 1,999.00",,0%,,,
cameras,Fujifilm XF 16-55mm f/2.8 R LM WR Lens,"EGP 49,999.00",,0%,,,
cameras,"Automotive Car Accessory Combo of 7 Inch TFT HD Rearview Mirror Monitor, Black Parking Sensors, Camera","EGP 2,548.00","EGP 2,802.00",9%,,,
cameras,Car Parking Sensors with Rear Parking Display with 4 Radar Sensors (Black),EGP 350.00,EGP 385.00,9%,,,
cameras,Manfrotto MVMXPRO500 XPRO Video Monopod,"EGP 29,400.00","EGP 37,000.00",21%,,,
cameras,Telefez Hagar 300 Meters Camera Cable 96 Wires,"EGP 3,500.00","EGP 4,000.00",13%,,,
cameras,tenda CH3 3MP Outdoor Wi-Fi Camera - White,"EGP 2,759.08","EGP 2,999.00",8%,,,
cameras,XIAOMI XI Smart Security Camera C300 2K - White,"EGP 2,955.00","EGP 3,777.00",22%,,,
cameras,Zhiyun Smooth Q3 Combo - Grey,"EGP 5,499.00","EGP 7,999.00",31%,,,
cameras,Waterproof Rear View Camera 170 degrees Wide Angle Car Back Reverse LED Light Night Vision,EGP 302.00,EGP 332.00,9%,,,
cameras,"Ezviz CB3 Security Camera With Battery, 1080p Wifi Camera CCTV, Outdoor Wire-free IP Camera With Two-way Audio, Waterproof, PIR Senser, Smart Human Motion Detection, Work With Solar Panel & Alexa","EGP 3,250.00",,0%,,,
cameras,3 Mega HD 3.6 Lens Diameter – HS-601,EGP 766.00,EGP 900.00,15%,,,5 out of 5(1)
cameras,Lenovo GXC1B34793 300 FHD Webcam with Stereo Dual Microphones,"EGP 3,399.00","EGP 3,999.00",15%,,,
cameras,"Hilook By Hikvision THC-B157-LPS, 3K Dual Light Audio Fixed Mini Bullet Camera","EGP 1,225.00",,0%,,,
cameras,Camera Wrist Strap Mount - 360 Degrees Arm Wrist Band - Camera Strap Belt - Camera Cycling Holder - For Action Camera Compatible With All Action Cameras,"EGP 2,940.00",,0%,,,
cameras,Hikvision Camera IP outdoor 4MP High quality imaging with 4 MP resolution,"EGP 2,250.00","EGP 2,500.00",10%,,,
cameras,eufy eufy T8414 2K Indoor Mini Security Camera,"EGP 1,399.00",,0%,,,
cameras,Dahua Hero C1 Indoor Pan - Tilt Wi-Fi Camera - 2MP,"EGP 1,999.00","EGP 2,399.00",17%,,,
cameras,Beston F550 USB battery charger,EGP 299.00,,0%,,,
cameras,Fujifilm FUJIFILM BC-W126S Battery Charger,"EGP 3,499.00",,0%,,,
cameras,Flashlight In The Form Of A Surveillance Camera,EGP 550.00,,0%,,,
cameras,5 Inch Car Mirror Monitor Bluetooth Touch Screen with Black Parking Sensors Assistance Radar and Rear View Camera,"EGP 2,101.00","EGP 2,311.00",9%,,,
cameras,Car Rear Waterproof View Camera - 4 LED,EGP 326.00,EGP 358.00,9%,,,
cameras,8 LED Wide Angle Night Vision Car Rear View HD Camera,EGP 372.00,EGP 410.00,9%,,,
cameras,Car Backup Camera Night Vision Rear View Camera 170° Wide View Angle for Universal Cars (2 * 1 Drill or Install Round HD Camera) - KaberTrade,EGP 694.00,EGP 763.00,9%,,,
cameras,Car Parking Sensor Grey and 4.3 Inch LCD Mirror Monitor with Rear View Camera,"EGP 2,505.00","EGP 2,756.00",9%,,,
cameras,tenda CP3 Pro,EGP 950.00,"EGP 1,050.00",10%,,,4.7 out of 5(3)
cameras,Fujifilm FUJIFILM GFX 100S II Medium Format Mirrorless Camera,"EGP 269,999.00",,0%,,,
cameras,TP-Link Tapo C125 AI Home Security Wi-Fi Camera,"EGP 2,299.00","EGP 2,599.00",12%,,,
cameras,Hanwha Techwin 2M H.264 IR Bullet Camera-LNO-6070R - Grey-  2MP,"EGP 11,765.00",,0%,,,
cameras,Ezviz H4 2K Wi-Fi Smart Home Camera AI-Powered Human  Vehicle Shape Detection Active Defense with Siren and Strobe Light Color Night Vision Two-Way Calling  IP67  CS H4,"EGP 2,199.00",,0%,,,
cameras,170°CMOS Anti Fog Waterproof Car Rear View Reverse Backup Camera FE,EGP 291.00,EGP 320.00,9%,,,
cameras,"CAR PARKING SECURITY SYSTEM - 4 X SENSORS, CAMERA, LED DISTANCE INDICATOR AND LCD MIRROR MONITOR","EGP 2,606.00","EGP 2,867.00",9%,,,
cameras,EN-EL15 camera battery charger for Nikon camera,EGP 450.00,,0%,,,
cameras,Hikvision DS-2CE76D0T-EXIPF Indoor Security Camera 2MP 2.8mm,EGP 679.00,EGP 900.00,25%,,,
cameras,Hanwha Techwin 2MP IR Indoor Dome Camera - LND-6072R - White -  2MP,"EGP 6,995.00",,0%,,,
cameras,Hanwha Techwin 2MP IR Vandal Dome Camera - LNV-6072R - White -  2MP,"EGP 8,000.00",,0%,,,
cameras,Tiandy TC-C34XN Security Cam,"EGP 2,200.00",,0%,,,
cameras,Beston FZ-100 USB battery charger,EGP 450.00,,0%,,,
cameras,"Hilook By Hikvision THC-T150-P, 5 MP Indoor Fixed Turret Camera",EGP 950.00,,0%,,,
cameras,Fujifilm XF 18mm f/1.4 R LM WR Lens,"EGP 43,999.00","EGP 49,999.00",12%,,,
cameras,TP-Link Tapo C420S1  Smart Wire-Free Security Camera System,"EGP 4,500.00","EGP 7,000.00",36%,,,
cameras,"Mercusys MC200 Pan/Tilt Home Security Wi-Fi Camera 1080P Full HD providing users with clear and detailed footage, Two-Way Audio.",EGP 900.00,"EGP 1,000.00",10%,,,
cameras,LCD Display Car Rear View Mirror Monitor and Rear View Reversing,"EGP 2,124.00","EGP 2,337.00",9%,,,
cameras,Car Parking Rear View Camera (Night Vision),EGP 263.00,EGP 289.00,9%,,,
cameras,4 LED Car Rear Waterproof View Camera (Silver),EGP 274.00,EGP 302.00,9%,,,
cameras,Zhiyun Smooth Q3 Gimbal Stabilizer - Grey,"EGP 4,999.00","EGP 5,499.00",9%,,,1 out of 5(1)
cameras,Fujifilm XF 16-50mm f/2.8-4.8 R LM WR Lens,"EGP 34,999.00","EGP 55,000.00",36%,,,
cameras,Zhiyun Crane M3S Combo,"EGP 17,999.00","EGP 19,999.00",10%,,,
cameras,Fujifilm X-T5 Mirrorless Camera with 16-50mm f/2.8-4.8 Lens (Black),"EGP 98,999.00","EGP 104,999.00",6%,,,
cameras,"Uniview Indoor Security Camera 2MP, 4.0mm Lens, Microphone, White, UAC-P112-AF40-W","EGP 2,199.00","EGP 2,499.00",12%,,,
cameras,Hanwha Techwin 2MP IR Bullet Camera -LNO-6012R - Black-  2MP,"EGP 6,395.00",,0%,,,
cameras,Hilook camera,EGP 533.50,EGP 550.00,3%,,,
cameras,Beston EL14 Nikon camera battery,EGP 799.00,,0%,,,
cameras,Standard RG174 Coaxial Cable St C50 200M,"EGP 3,300.00",,0%,,,
cameras,"Hilook By Hikvision Camera color outdoor 2MP High quality imaging with 2 MP, 1920 × 1080 resolution",EGP 850.00,EGP 990.00,14%,,,
cameras,Nikon NIKKOR Z 50mm F/1.8 S - Premium Large Aperture 50mm Prime Lens,"EGP 62,400.00","EGP 91,740.00",32%,,,
cameras,Fujifilm X half Digital Camera (Crystal Silver),"EGP 42,499.00",,0%,,,
cameras,Hikvision DS-2CE70DF0T-PF – 2 MP Color Vu Indoor Fixed Turret Camera,"EGP 1,455.00","EGP 1,900.00",23%,,,
cameras,Honeywell IR Bullet Camera 2 MP TDN WDR HB74HD2,"EGP 1,499.00","EGP 3,999.00",63%,,,
cameras,Wrist Strap Mount For GoPro Compatible With Action Cameras And Video Cameras,"EGP 1,940.00",,0%,,,
cameras,Beston FZ100  Alpha camera battery,"EGP 1,499.00",,0%,,,
cameras,D-Link DCS-7010L HD Mini Bullet Outdoor IP Camera IP-67 weatherproof housing.,"EGP 2,199.00","EGP 2,999.00",27%,,,
cameras,"Fujifilm FUJIFILM NP-W235 Lithium-Ion Battery (7.2V, 2200mAh)","EGP 3,299.00",,0%,,,
cameras,Fujifilm GF 45mm f/2.8 R WR Lens,"EGP 84,999.00",,0%,,,
cameras,Fujifilm GF 30mm f/3.5 R WR Lens,"EGP 84,999.00",,0%,,,
cameras,tenda CH9-WCA,"EGP 2,999.00","EGP 3,500.00",14%,,,
cameras,Fujifilm FUJIFILM BC-W235 Dual Battery Charger,"EGP 3,499.00",,0%,,,
cameras,Point RG 59 CABLE 300 M - BLACK,"EGP 3,575.00",,0%,,,
cameras,Fine CCTV CDB-4VM551 4MP IP Indoor Security Surveillance Dome Camera Vari-focal Lens,"EGP 2,654.00","EGP 3,899.00",32%,,,
cameras,Fujifilm XF 8-16mm f/2.8 R LM WR Lens,"EGP 74,999.00",,0%,,,
cameras,Fujifilm X-S20 Mirrorless Camera with 16-50mm f/2.8-4.8 Lens,"EGP 78,999.00","EGP 84,999.00",7%,,,
cameras,"Hilook By Hikvision THC-T157-LPS, 3K Dual Light Audio Indoor Fixed Turret Camera","EGP 1,225.00",,0%,,,
cameras,Hikvision Camera IP indoor 2MPHigh quality imaging with 2 MP resolution,"EGP 1,399.00","EGP 2,373.00",41%,,,
cameras,tenda CP3 V.3,EGP 990.00,"EGP 1,300.00",24%,,,4 out of 5(1)
cameras,Hanwha Techwin 2MP IR Bullet Camera -LNO-6072R - Black - 2MP,"EGP 7,995.00",,0%,,,
cameras,Ezviz TY1 Pro 3K Type-C Pan & Tilt Smart Home Camera,"EGP 1,699.00",,0%,,,
cameras,Hero camera battery FB 901,EGP 850.00,,0%,,,
cameras,"Hikvision Smart Hybrid Light Audio Indoor Fixed Turret Camera, 3K, White - DS-2CE76K0T-LPFS 2.8MM","EGP 1,284.00","EGP 3,000.00",57%,,,
cameras,"Hikvision Smart Hybrid Fixed Mini Bullet Camera, 3K , White - DS-2CE16K0T-LPFS 3.6MM","EGP 1,150.00","EGP 4,000.00",71%,,,
cameras,"CAR PARKING SENSOR,CAMERA,INDICATOR AND 5Inch LCD MONITOR","EGP 2,505.00","EGP 2,756.00",9%,,,
cameras,Other Car Reverse Camera and Monitor with Black Sensors,"EGP 2,190.00","EGP 2,409.00",9%,,,
cameras,62003 Car Rear Camera,EGP 305.00,EGP 336.00,9%,,,
cameras,LED Car Parking Sensor,EGP 350.00,EGP 385.00,9%,,,
cameras,Car Rear View Camera,EGP 277.00,EGP 305.00,9%,,,
cameras,Car Reverse Camera for Vehicles - 2724328297314,EGP 305.00,EGP 336.00,9%,,,
cameras,Car Rear View Nightlight Camera 2/1,EGP 664.00,EGP 731.00,9%,,,
cameras,Car Rear View Backup Camera 4 IR Night Vision Lights,EGP 305.00,EGP 336.00,9%,,,
cameras,"Led car parking auto reverse assistance backup radar detector sensor system (red, 4 sensors)",EGP 438.00,EGP 482.00,9%,,,
cameras,"Car Rear View Backup Camera, RCA Video Extension Cable, Automatic IR/LED Night Vision (6m/20ft)",EGP 258.00,EGP 284.00,9%,,,
cameras,Car Reverse Camera - 303LED JBR,EGP 305.00,EGP 336.00,9%,,,
cameras,"Rearview Camera for Car (4 LED), Black (Waterproof)",EGP 330.00,EGP 363.00,9%,,,
cameras,Backup Camera with Super Night Vision IP68 Waterproof Car Backup Camera 170° Wide Angle 8 LED Night Vision Reverse Cameras,EGP 314.00,EGP 345.00,9%,,,
cameras,Car rear view parking reverse camera 8 led lights with guideline waterproof,EGP 304.00,EGP 334.00,9%,,,
cameras,Hikvision 2MP Two Way Audio & Siren Fixed Turret Camera,EGP 990.00,"EGP 1,300.00",24%,,,
cameras,Hikvision 6 MP Smart Hybrid Light Fixed Dome Network Camera DS-2CD1163G2-LIU,"EGP 2,890.00","EGP 3,250.00",11%,,,
cameras,Ezviz TY1 Pro 1080p Pan Tilt Smart Home Camera with Color Night Vision,"EGP 1,050.00",,0%,,,
cameras,Ezviz H8c PoE  3MP 2K Pan  Tilt Camera 360 Coverage AI Human Detection Auto Tracking Two-Way Audio Color Night Vision H.265 Video Compression 12W Power Supports Upto 512GB,"EGP 2,599.00",,0%,,,
cameras,Hikvision Camera IP mic outdoor 2MP High quality imaging with 2 MP resolution,"EGP 3,295.00",,0%,,,
cameras,Hikvision Camera IP outdoor 2MP,"EGP 2,242.00",,0%,,,
cameras,"Hikvision Camera mic led outdoor 3k High quality imaging with 3K, 2960 × 1665 resolution","EGP 1,150.00","EGP 1,700.00",32%,,,5 out of 5(1)
cameras,"Diamond Car rear view camera with wide-angle night vision, black color",EGP 289.00,EGP 400.00,28%,,,
cameras,Hilook THC-B120-PC 2MP Outdoor Security Camera,EGP 305.00,,0%,,,4.3 out of 5(8)
cameras,Brickcom 2 Megapixel Elite Bullet Network Camera,"EGP 1,200.00",,0%,,,
cameras,Brickcom 2 Megapixel Elite Vandal Dome Network Camera,"EGP 1,200.00",,0%,,,
cameras,"Cable Camera Cctv 18m "" Video & Power """,EGP 150.00,,0%,,,
cameras,ZERO Camera 360-Degree 1080 P Video And Audio Smart Wi-Fi Pan And Tilt Camera - White,EGP 985.00,,0%,,,
cameras,Hikvision DS-2CE16H0T-ITPF Outdoor 5MP 3.6MM(C),EGP 840.00,,0%,,,
cameras,Hikvision DS-2CE16D0T-ITPF Outdoor 2MP 3.6MM(C),EGP 400.00,,0%,,,
cameras,LUMINOUS TRACK 3*1 HIGH SPEED COASTER CRAZY,EGP 200.00,EGP 300.00,33%,,,
cameras,Kodak CR2025 Lithium Coin Battery Pack of 5 Batteries,EGP 631.00,,0%,,,
cameras,AKAI Cleaner,EGP 85.00,EGP 95.00,11%,,,
cameras,Ring Light 26cm for Professional Photography + 210 CM Adjustable Tripod Stand,EGP 299.00,EGP 500.00,40%,,,
cameras,Ring Fill Light 10 Inch,EGP 150.00,EGP 250.00,40%,,,4.8 out of 5(4)
cameras,"Camera Lens Protector Compatible with Samsung A56 / A36 / A26, 9H Tempered Glass and Ultra-Thin Aluminum Alloy Screen Protector Cover for Samsung A56 / A36 / A26_Black",EGP 96.00,EGP 150.00,36%,,,1 out of 5(1)
cameras,TP-Link Tapo C200  Pan/Tilt Home Security Wi-Fi Camera,EGP 810.00,"EGP 1,499.00",46%,,,5 out of 5(2)
cameras,Mini Selfie Stick with LED Light and Microphone for Video Shooting and Live Streaming,EGP 189.00,,0%,,,3.5 out of 5(4)
cameras,"Camera Lens Protector for Oppo Reno 14, 9H Hardness Tempered Glass Screen Protector with Ultra-Thin Aluminum Alloy Cover for Oppo Reno 14 5G (Black)",EGP 150.00,EGP 170.00,12%,,,5 out of 5(2)
cameras,MERV MERV Clip Mobile Phone Holder Stand 360 Rotate - Flexible - Black,EGP 125.00,EGP 199.00,37%,,,3.4 out of 5(9)
cameras,Type-C Male To Type-C Female + 3.5mm Adapter - For All Type-C Phones - Multicolored,EGP 299.00,EGP 600.00,50%,,,5 out of 5(1)
cameras,Ring Fill Light for Professional Photography with 210 CM Adjustable Tripod Stand,EGP 298.00,EGP 450.00,34%,,,3.7 out of 5(33)
cameras,TP-Link Tapo C220 Pan/Tilt AI Home Security Wi-Fi Camera,"EGP 1,350.00","EGP 5,000.00",73%,,,5 out of 5(1)
cameras,General Green Screen Backdrop - 3x5M - Background Cloth - Chroma + Free BAG GO SHOP,EGP 444.00,,0%,,,2.7 out of 5(3)
cameras,PLOKAMA U20 LED Fill Light - Portable Rechargeable Clip-On Selfie Light,EGP 199.90,EGP 300.00,33%,,,4.2 out of 5(5)
cameras,"TOTAL Air Blower 650 Watts, Total Exhaust Suction, TB6036 Super Total","EGP 1,150.00","EGP 1,400.00",18%,,,5 out of 5(9)
cameras,"Camera Lens Protector for iPhone 17 Pro 17 Pro Max, 9H Single Diamond Metal Ring, Scratch-Resistant Camera Screen Protector, Stylish Accessories, Case Friendly (Blue)",EGP 200.00,EGP 250.00,20%,,,
cameras,33cm Dimmable Selfie Ring Light With 210cm Stand - Black,EGP 449.00,EGP 600.00,25%,,,4.7 out of 5(3)
cameras,Infinix XWatch H4 Smart Watch XW4L + EarBuds Lite,"EGP 1,850.00","EGP 9,000.00",79%,,,
cameras,"Camera Lens Protector Compatible with Samsung Galaxy S25 Ultra, 9H Tempered Glass Aluminum Alloy Ultra-Thin Cover for Samsung S25 Ultra",EGP 99.00,EGP 150.00,34%,,,4.5 out of 5(2)
cameras,"Camera Lens Protector Compatible with Samsung A56 / A36 / A26, 9H Tempered Glass Aluminum Alloy Ultra Thin Screen Protector Cover Suitable for Samsung A56 / A36 / A26",EGP 250.00,,0%,,,2 out of 5(1)
cameras,3D Full Coverage HD Clear Tempered Glass Back Camera Lens Protector for iPhone 17 Pro Max,EGP 400.00,EGP 450.00,11%,,,
cameras,"Green photography chroma key, size 3X5M",EGP 325.00,,0%,,,
cameras,Lens Protector Compatible with Samsung A35 / A55 5G - Ultra Slim Tempered Glass,EGP 91.50,EGP 150.00,39%,,,
cameras,"Waterproof Electronics Organizer Double Layer Travel Storage Bag for Cables, Chargers, Power Bank, Flash Drives, Tablet  SD Cards  Portable Accessories Case 27x20cm (grey)",EGP 325.00,EGP 390.00,17%,,,
cameras,PLOKAMA U80 Pro RGB LED ring Light with Mini Phone Holder with 12 Different Colors for Professional Video Recording and Photography,EGP 425.00,EGP 675.00,37%,,,
cameras,remote control for jac and G-hanz smart net tv,EGP 575.00,,0%,,,
cameras,3 M X 5m Chromakey Green Screen Backdrop with 3x3m Photography Stand,"EGP 2,300.00","EGP 10,000.00",77%,,,
cameras,TP-Link TAPO HOME SECURITY WI-FI CAMERA 3MP  TAPO C110,EGP 790.00,"EGP 1,200.00",34%,,,5 out of 5(1)
cameras,"2 Pack For iPhone 17 Pro Max Camera Lens Screen Protector, 9H Hardness 3D Scratch-Proof Explosion-Proof Camera Protective Film, HD Clear Anti Fingerprint Bubble Free Glass",EGP 350.00,EGP 400.00,13%,,,5 out of 5(1)
cameras,"Ring Light Mj33, RGB Lighting Tripod Stand And Mobile Holder,with Lighting Control Buttons",EGP 605.00,,0%,,,4.5 out of 5(4)
cameras,Ring Light & Stand,EGP 350.00,EGP 655.00,47%,,,4 out of 5(1)
cameras,Ring Light 26 Cm with Adjustable Stand 210 Cm - Perfect for Photography and Makeup,EGP 269.00,EGP 275.00,2%,,,4.1 out of 5(135)
cameras,"Camera Lens Protector Compatible with Samsung Galaxy S25 Ultra, 9H Tempered Glass Aluminum Alloy Ultra-Thin Cover for Samsung S25 Ultra",EGP 96.00,EGP 150.00,36%,,,5 out of 5(1)
cameras,3110 Tripod for Cameras and Mini Projectors,EGP 250.00,EGP 400.00,38%,,,3.5 out of 5(4)
cameras,"Lens Protector for iPhone 15 Pro/iPhone 15 Pro Max, Tempered Glass Screen Protector, Metal Camera Cover Accessories",EGP 75.00,EGP 200.00,63%,,,5 out of 5(2)
cameras,Lens Protector for iPhone 16 Pro / 16 Pro Max - Natural Titanium,EGP 99.00,EGP 150.00,34%,,,
cameras,Boya mic by-m1,EGP 295.00,EGP 450.00,34%,,,
cameras,"Electronics Organizer Double Layer Travel Storage Bag for Cables, Chargers, Power Bank, Flash Drives, Tablet SD Cards Portable Accessories Case 27x20cm Black",EGP 325.00,EGP 390.00,17%,,,
cameras,Ring Light - 26cm for Photography and Makeup with Dimmable LED 3 Light Modes and 10 Brightness Levels,EGP 199.00,EGP 400.00,50%,,,5 out of 5(1)
cameras,Camera Lens Protector Compatible with Samsung A35 / A55 5G Metal Screen Individual Ring Tempered Glass 9H Hardness Case Friendly Anti-Scratch,EGP 91.50,EGP 150.00,39%,,,
cameras,Philips Lithium Battery CR2032 – 3V 1PCS,EGP 58.00,,0%,,,4.8 out of 5(9)
cameras,"Lens Protector for iPhone 16 Pro/Pro Max, Nano Absorption, Anti Scratch, Anti Fingerprint, High Transparency - Desert Titanium",EGP 199.00,,0%,,,3.7 out of 5(3)
cameras,"Galaxy S24 Ultra Camera Lens Protector, Individual Lens Protectors, Ultra-Slim Scratch-Resistant Tempered Glass with Aluminum Ring Cover, Case Friendly (Easy One-Step Installation)",EGP 130.00,EGP 250.00,48%,,,
cameras,"PLOKAMA Upgraded Mini Clip-on Ring Light with Portable LED Light for Phone, 4 Color Lighting Modes and Adjustable Selfie Light for Makeup, Vlogging and Photos Ring Light (U20)",EGP 199.00,EGP 499.00,60%,,,
cameras,"Camera Lens Protector for Samsung Galaxy S25 Ultra 5G, 9H Hardness Tempered Glass Metal Ring Cover, Easy Installation Tray, HD Clear, 1 Set (Titanium White Silver)",EGP 150.00,,0%,,,
cameras,AKAI AKAI Oil – Brown,EGP 125.00,,0%,,,
cameras,"Ring light for photography - 26 cm in size and a metal tripod stand, adjustable in height, 210 cm.",EGP 245.00,EGP 580.00,58%,,,
cameras,AKAI Dry Cleaning Spray – 250ml – Blue,EGP 90.00,,0%,,,5 out of 5(2)
cameras,"Portable Selfie Light, Rechargeable, 5 Lighting Modes, Mobile Phone and Laptop Mount Clip, Compatible with iPhone and Smartphones, Suitable for TikTok, Selfies and Video Calls",EGP 600.00,EGP 700.00,14%,,,
cameras,El Sewedy  15W LED Bulbs White Light Set of 3 15W Bulbs,EGP 350.00,,0%,,,
cameras,"PLOKAMA  K7 Live Stream Tripod, 110cm Travel Size Tripod, 360 Degree Rotation, Black",EGP 299.00,EGP 799.00,63%,,,
cameras,Cover for Samsung Smart TV Solar Cell 2022 .2023 Silicone black large size 16cm tall,EGP 400.00,,0%,,,
cameras,tenda Camera CH9 6MP Dual-lens Linkage Outdoor WiFi Pan/Tilt Camera,"EGP 3,085.00","EGP 4,000.00",23%,,,5 out of 5(1)
cameras,"Camera Lens Protector Compatible with iPhone 14 Pro/iPhone 14 Pro Max - Full Glitter Diamond Glass, Shiny Metal Frame (Glitter Purple)",EGP 90.89,EGP 149.00,39%,,,
cameras,R1s Selfie Stick Beauty Fill Light Tripod - Ideal for Smartphones,EGP 199.00,EGP 400.00,50%,,,2.5 out of 5(4)
cameras,Ring Fill Light 26 CM for Professional Photography,EGP 180.00,EGP 399.00,55%,,,5 out of 5(1)
cameras,General LED lighting kit 2 softbox spotlights 150W,"EGP 2,749.00",,0%,,,
cameras,"Lens Protector for iPhone 12 Pro Max, [Keep Original Shooting] Tempered Glass Screen Protector Metal Individual Camera Cover Accessories Case Friendly (Blue)",EGP 77.00,EGP 200.00,62%,,,
cameras,"With Tank For Shoes, Clothes And Dishes",EGP 44.00,EGP 59.00,25%,,,3.5 out of 5(2)
cameras,"Travel Adapter, Universal Travel Plug, International Travel Plug Adapter with 2 USB Adapters for US/UK/EU/AU More than 150 Countries",EGP 215.00,EGP 250.00,14%,,,
cameras,X Scoot X-scoot  Xs-509 Fast Charging Interface 3.5mm Audio   -white,EGP 145.90,EGP 200.00,27%,,,3 out of 5(2)
cameras,"General Ring Light with 3 Color Modes Dimmable Led photography, for YouTube, Photo-Shoot, Video Shoot, Live Stream, Makeup, Vlogging, Compatible with iPhone/Android & Cameras 33CM, without Stand (M-330)",EGP 450.00,,0%,,,
cameras,Adjustable Tripod Stand for Ring Light - Black,EGP 175.00,EGP 300.00,42%,,,3.8 out of 5(14)
cameras,"Lens Protector For IPhone 13, [Keep Original Shooting]Tempered Glass Screen Protector Metal Individual Camera Cover Accessories Case Friendly ( Silver)",EGP 70.00,EGP 200.00,65%,,,1 out of 5(1)
cameras,U20 LED Mini Mirror Clip Selfie Ring Light,EGP 299.00,EGP 400.00,25%,,,3 out of 5(1)
cameras,"KOOMOER LG Magic Remote for Smart TV,KOOMOE Replacement Low Power Tech Remote Control,Only Compatible for AN-MR20GA,AN-MR19BA,with Voice and Pointer Function,Compatible for LG LED OLED LCD 4K UHD TV","EGP 1,750.00",,0%,,,5 out of 5(1)
cameras,"Turbo Jet Blower, Cordless Turbo Super Power Air Duster, Stepless Speed Regulation Jet Dry Blower Car Drying, Car Dryer Air Blower (Black)",EGP 746.00,,0%,,,
cameras,remote control for black and white tv,EGP 375.00,,0%,,,
cameras,"Camera Lens Protector for Oppo Reno 14, 9H Hardness Tempered Glass Screen Protector with Ultra-Thin Aluminum Alloy Cover for Oppo Reno 14 5G (Silver)",EGP 150.00,EGP 170.00,12%,,,
cameras,"Compatible for iPhone 17 Pro/17 Pro Max Camera Lens Protector, Explosion-Proof 9H Tempered Glass with Metal Original Style Ring, HD, Anti-Scratch Lens Protection Cover, Case Friendly (Orange)",EGP 250.00,,0%,,,
cameras,MJ36 RGB Ring Light with Stand and Phone Holder for Stunning Photos- 210cm With Stand,EGP 725.00,"EGP 1,000.00",28%,,,
cameras,"PLOKAMA Selfie Lighting -U160 - Professional LED lighting with clip for phone, camera and laptop - Black",EGP 399.00,EGP 599.90,33%,,,5 out of 5(1)
cameras,"Mini Selfie Stick With LED Light And Microphone For Phone Video Shooting, Videos, Live Streaming, With Foldable Tripod Stand",EGP 255.00,EGP 499.00,49%,,,1 out of 5(1)
cameras,"Camera Lens Protector for Samsung Galaxy S25 Ultra 5G, 9H Hardness Tempered Glass Metal Ring Cover, Easy Installation Tray, HD Clear, 1 Set (Black)",EGP 150.00,,0%,,,
cameras,Camera Lens Protector Compatible with iPhone 15/15 Plus Camera Lens Protector Cover HD Tempered Glass Anti-Scratch Metal Individual Ring,EGP 91.50,EGP 150.00,39%,,,5 out of 5(1)
cameras,PLOKAMA Led Fill Light RGB Model Live P19 Pro,EGP 999.00,,0%,,,
cameras,Ring Light White Light Soft Ring Light (RL) for Photography and Video Streaming,"EGP 1,100.00",,0%,,,2.3 out of 5(3)
cameras,Light Ring - 26 Cm With Stand - 210 Cm For Camera & Phone,EGP 280.00,EGP 450.00,38%,,,4.1 out of 5(628)
cameras,Camera Lens Protector Compatible with Samsung A35 / A55 5G Metal Screen Individual Ring Tempered Glass 9H Hardness Case Friendly Anti-Scratch,EGP 91.50,EGP 150.00,39%,,,
cameras,Cover for Samsung Smart TV Solar Cell 2022 and 2023 Silicone black small size 14 cm tall,EGP 325.00,,0%,,,
cameras,remote control for Sanyo screen,EGP 350.00,,0%,,,
cameras,"2 x 3M 3 PCS Black, White, Green Backdrop Photo Light Studio Photography Background",EGP 699.00,"EGP 1,500.00",53%,,,
cameras,Samsung 45W PD Power Adapter Type-C TO C Cable 5A/1.8M,"EGP 1,499.00","EGP 1,666.00",10%,,,5 out of 5(1)
cameras,Store Fan Air Hand Blower - Portable Fire Starter,EGP 137.00,,0%,,,
cameras,"9H Hardness Tempered Glass Camera Lens Protector and Ultra Slim Aluminum Alloy Lens Cover Compatible with Vivo V50 Lite 5G Phone Cases, Black (Silver)",EGP 150.00,EGP 170.00,12%,,,1 out of 5(1)
cameras,AKAI AKAI Spray Cleaner For PC,EGP 99.00,,0%,,,4.5 out of 5(27)
cameras,"PLOKAMA U160 RGB LED lighting, powerful, rotating, with various lighting modes, can be attached to the camera, mobile phone, or computer, and is an external lighting for all content creators",EGP 475.00,EGP 999.00,52%,,,5 out of 5(1)
cameras,"PLOKAMA U480 Professional LED Photography Light, Rechargeable, 20W, Built-in, 5000mAh, Dimmable, 2700-5700K, Suitable for Cameras",EGP 725.00,EGP 999.00,27%,,,
cameras,360 Degree Free Rotation Waterproof Motorcycle Phone Holder For Bike,EGP 350.00,,0%,,,3.4 out of 5(5)
cameras,Webcam 720p HD USB With Mic for Laptop and PC,EGP 499.00,,0%,,,
cameras,"3-in-1 Cell Phone Camera Lens Kit – Fisheye Lens, Wide Angle Lens, Macro Lens – Clip-On Smartphone Camera Lens for Travel, Portrait & Landscape Photography (White & Pink)",EGP 119.00,EGP 400.00,70%,,,
cameras,3x3m Professional Large Size Photography Backdrop Stand with Carry Bag,"EGP 1,999.00","EGP 4,000.00",50%,,,
cameras,"6L Reusable Thermal Lunch Bag Canvas with Handles, Insulated Food Container for Office, Gym, School, Students, Aluminum Foil for Travel and Picnic (Pink)",EGP 144.00,EGP 300.00,52%,,,4 out of 5(1)
cameras,"PLOKAMA P11 Professional LED Flood Light with LED Beads and 3 Different Light Colors (White - Yellow - Mix) for Content Creation, Live Broadcasting and Professional Photography.",EGP 650.00,EGP 999.00,35%,,,
cameras,PLOKAMA PK-996 Photograph Tripod 1.70m,EGP 545.00,EGP 850.00,36%,,,
cameras,Mini Photo Studio Photography - White,EGP 995.00,,0%,,,3.7 out of 5(3)
cameras,"Samsung Galaxy S24 Ultra Camera Lens Protector, Individual Lens Protectors, Ultra-Slim Scratch-Resistant Tempered Glass with Aluminum Ring Cover, Case Friendly (Easy One-Step Installation)",EGP 130.00,EGP 250.00,48%,,,1 out of 5(1)
cameras,"100L Storage Organizer, Foldable Metal Frame Box With Zipper, Visible Window, Large Storage Capacity With Handles For Quilts, Blankets, Bedspreads, Duvets, Closet Organizer, 1 Piece (Navy Blue)",EGP 353.00,EGP 800.00,56%,,,
cameras,"Camera Lens Protector For IPhone 16 Pro/iPhone 16 Pro Max,Preserve Original PhotographyTempered Glass Screen Protector With Single Metal Camera Lens Cover, Case Friendly (Diamond Silver)",EGP 100.00,EGP 400.00,75%,,,
cameras,"PLOKAMA P9 Pro Bluetooth Selfie Stick with Adjustable Rotation Angle, 170cm - Remote Control - Black",EGP 695.00,EGP 999.00,30%,,,
cameras,PLOKAMA U80 RGB LED Mobile Ring Light - Video Shooting - Small for Mobile Phones for Professional Photography,EGP 380.00,EGP 600.00,37%,,,5 out of 5(1)
cameras,"Digital Camera, FHD 1080P Kids Camera with 32GB Card, 2 Batteries, Lanyard, 16X Zoom Anti Shake, 44MP Compact Portable Small Point Shoot Camera for Kids Student Children Teens Girl Boy","EGP 3,999.00",,0%,,,
cameras,"PLOKAMA PK-778 Smartphone Video Rig Kit with Dual LED Lights, Microphone, Stabilising Handle, Mobile Phone Camera Mount, Video making kit, Vlogging",EGP 599.00,,0%,,,5 out of 5(1)
cameras,"Remote Control for Xiaomi Mi TV Stick, Xiaomi MI Box 4S 4K","EGP 1,110.00",,0%,,,5 out of 5(1)
cameras,tenda Camera CP3 PRO 2K Indoor Wireless Security Camera,"EGP 1,150.00","EGP 2,000.00",43%,,,5 out of 5(2)
cameras,"Samsung Galaxy S23 Ultra Camera Lens Protector, Individual Lens Protectors, Ultra-Slim Scratch-Resistant Tempered Glass with Aluminum Ring Cover, Case Friendly (Easy One-Step Installation)",EGP 130.00,EGP 250.00,48%,,,5 out of 5(1)
cameras,"Camera Lens Protector Compatible with Samsung A15 / A34 / A54, 9H Tempered Glass and Aluminum Alloy Ultra-Thin Individual Screen Protector Case Friendly (Black)",EGP 91.50,EGP 150.00,39%,,,
cameras,Plokama P19 Photography Lighting Unit – Professional Light for Photo & Video,EGP 900.00,,0%,,,
cameras,Ring Light - 26 CM + Metal Stand - 210 Cm - White / Black,EGP 275.00,EGP 295.00,7%,,,4 out of 5(555)
cameras,Lenses for mobile,EGP 89.00,,0%,,,
cameras,Zecotex Sequin Eye Design Makeup Bag – Stylish Canvas Cosmetic Pouch For Travel & Daily Use,EGP 150.00,EGP 200.00,25%,,,
cameras,"Ingco 20V Cordless Blower (without Battery And Charger), No-load Speed: 18000 Rpm, Maximum Air Volume: 2.7 M³/min - Model: CABLI20028",EGP 790.00,,0%,,,
cameras,Softbox lighting kit 4-lamp 4LAMP KIT2,"EGP 1,899.00",,0%,,,
cameras,MIC CAMERA -AD-AU10,EGP 135.00,,0%,,,
cameras,Point Cleaner LCD Screen Kit 3in1-100ml,EGP 100.00,,0%,,,
cameras,"Selfie Light for Mobile Phone - Dimmable 3000-9900K Ring Light for Mobile Phone, Rechargeable LED Camera Light for Video Shooting, Laptop Lamp for Video Conferencing (Warm White Light)",EGP 450.00,,0%,,,
cameras,Adjustable Tripod Stand - 225 CM - Black,EGP 229.00,EGP 400.00,43%,,,3.7 out of 5(17)
cameras,Ingco 20V Cordless Blower (without Battery And Charger) - Model: CABLI20028,EGP 700.00,,0%,,,1 out of 5(1)
cameras,"2 Pack For iPhone 17 Pro Max Camera Lens Screen Protector, 9H Hardness 3D Scratch-Proof Explosion-Proof Camera Protective Film, HD Clear Anti Fingerprint Bubble Free Glass",EGP 300.00,,0%,,,
cameras,"Tempered Glass Camera Protector for iPhone 17, 2 Pack, 9H Hardness, Anti-Scratch Lens Protective Glass, HD Screen Protector for Rear Camera Protection",EGP 300.00,EGP 350.00,14%,,,
cameras,"Tempered glass camera protector for Samsung Galaxy A56 5G A36 5G, single lens layer with hardness rating of 9, metal ring + protective glass, HD scratch-resistant camera protection - Black",EGP 165.00,,0%,,,
cameras,Mini Rechargeable Phone LED Selfie Lamp Ring - Blue,EGP 149.00,EGP 200.00,26%,,,4.6 out of 5(5)
cameras,Camera Lens Protector for iPhone 16 6.1 inch and iPhone Plus 6.7 inch Single Ring Cover Tempered Glass 9H Hardness Clear HD 1 Set Black,EGP 150.00,,0%,,,
cameras,PLOKAMA Selfie Stick Tripod Live P10 PRO 180cm,EGP 915.00,"EGP 1,450.00",37%,,,
cameras,tenda CT3 1080P Outdoor Wifi Camera - Enhanced Security and Monitoring,"EGP 1,450.00","EGP 1,750.00",17%,,,5 out of 5(1)
cameras,R1S 2-in-1 Extendable Selfie Stick Tripod with Fill Light - Black,EGP 200.00,,0%,,,3 out of 5(1)
cameras,eufy eufy Indoor Cam Mini 2K T8414G21 - White,"EGP 1,370.00","EGP 1,899.00",28%,,,4.8 out of 5(4)
cameras,"Ring light for photography - 26 cm size and adjustable metal tripod stand, 210 cm height",EGP 245.00,EGP 580.00,58%,,,
cameras,"Camera Lens Protector for iPhone 17 Pro/iPhone 17 Pro Max Metal Tempered Glass Screen Protector, Single Camera Lens Protector Case Accessories - Black",EGP 112.50,EGP 300.00,63%,,,
cameras,"Iphone  16 Pro/ 16 Pro MaxLens Protector For1iphone  16 Pro/ 16 Pro MaxCamera Protector Camera Lens Cover,HD Tempered Glass+Aluminum Frame Lens Protector For Iphone  16 Pro/ 16 Pro Max Camera Protector( Titanium)",EGP 200.00,EGP 400.00,50%,,,5 out of 5(1)
cameras,"Transfer Lens For IPhone 11 Pro Max, Silver",EGP 200.00,,0%,,,5 out of 5(1)
cameras,Camera Lens Protector for iPhone 13/13 mini Tempered Glass Screen Protector 9H Hardness Scratch Resistant - 3 Pack Black,EGP 96.00,EGP 150.00,36%,,,
cameras,"Camera Lens Protector for iPhone 17 Pro 6.3 inch and iPhone 17 Pro Max 6.9 inch, 1:1 Invisible Size, 9H Hardness Tempered Glass Single Ring Cover, HD Clear, 1 Set (Blue)",EGP 170.00,EGP 220.00,23%,,,1 out of 5(1)
cameras,"3-in-1 Smartphone Camera Lenses - Wide Angle, Macro, And Fisheye Lens - Portable Clip-On Design For Photography",EGP 199.00,EGP 270.00,26%,,,3 out of 5(4)
cameras,Lenses Camera Lens Cover Frame for GoPro Max Sport Camera,EGP 100.00,EGP 200.00,50%,,,
cameras,"LED Night Light - Stylish sunset projector with rotating halo effects, designed for soothing ambiance and easy USB powered, perfect for bedrooms, living rooms or relaxation spaces.",EGP 399.00,"EGP 1,200.00",67%,,,
cameras,"Camera Lens Protector Compatible with Samsung S24+ Plus, 9H Tempered Glass Individual Ring Metal Camera Screen Protector Case Friendly Anti-Scratch",EGP 96.00,EGP 150.00,36%,,,
cameras,"RMF-TX520U Voice Remote Replacement for Sony Bravia TV Remote Control with Voice Search Function, Compatible with Sony 2019 to 2023 XR/XBR/KD Series 4K/8K LED OLED Google/Android Smart TV, Black","EGP 1,600.00",,0%,,,
cameras,PLOKAMA ring light  Led Fill Light Model Live P24,EGP 950.00,"EGP 1,250.00",24%,,,
cameras,Photography LED Ring Light With Holder Black + Zigor Special Bag,"EGP 1,099.00",,0%,,,
cameras,High Quality Camera Lens Protector for iPhone 13 pro max / 13 pro Tempered Glass Screen Protector Scratch Resistant 9H Hardness - 3 Pack Black,EGP 91.50,EGP 150.00,39%,,,
cameras,"PLOKAMA Video Lighting Lamp -U480  - Professional RGB with 240 Bulbs - Power 20W and Battery 5000mAh-Color Heat 2700K-5700K - Photography, video and live streaming lighting - black",EGP 799.90,,0%,,,
cameras,"PLOKAMA (PK-775) 5 in 1 Video Rig Camera Mount Holder Stabilizer Handle Grip with Microphone Mic, LED Light Kit for Any SmartPhone & Filmmaking Professional Videomaker",EGP 420.00,EGP 475.00,12%,,,
cameras,High Quality Camera Lens Protector for iPhone 12/12 mini Tempered Glass Screen Protector 9H Scratch Resistant - 3 Pack Black,EGP 96.00,EGP 150.00,36%,,,
cameras,Dishes Washing Brush 2pcs,EGP 93.00,,0%,,,
cameras,"PLOKAMA PK 9930 Tripod 150 CM: Camera Camcorder Stand for Photography, Compatible with Mobile Phones and Cameras",EGP 675.00,EGP 799.00,16%,,,
cameras,"3-in-1 Smartphone Camera Lenses - Wide Angle, Macro, and Fisheye Lens - Portable Clip-On Design for Photography",EGP 119.00,EGP 270.00,56%,,,3 out of 5(1)
cameras,"GAMMA Chromecast TV Streaming Device with Dual 2.4/5GHz Wi-Fi, Surround Sound, and Screen Mirroring from Phone and Laptop",EGP 530.00,,0%,,,
cameras,For Samsung Galaxy S24 Ultra Camera Protector Lens With Clear Tempered Glass Camera-Silver,EGP 90.00,,0%,,,4 out of 5(2)
cameras,"PLOKAMA Professional LED Photography Live Light P19 Blukama, 3-Color Remote Control Photo Studio Light with White, Warm Light and Cool Light",EGP 750.00,"EGP 1,150.00",35%,,,
cameras,"Ring Light - HX260 with Tripod for Home Party, Makeup, and Photography",EGP 350.00,EGP 400.00,13%,,,5 out of 5(2)
cameras,Glass Camera Lens Protector For OnePlus 13 9H Hardness 6D Lens Protector Easy Installation Black OnePlus 13,EGP 199.00,,0%,,,
cameras,100L Storage Organizer – Foldable Metal Frame Box with Zipper – Visible Window – Large Capacity with Handles – 1 Piece (Navy Blue),EGP 353.00,EGP 490.00,28%,,,
cameras,Aluminum Metal Lens Ring Cover Lens Protector Tempered Glass Camera Protector (Silver) Shockproof Bead Protector For Android Phones Samsung A25/A05S,EGP 175.00,EGP 250.00,30%,,,
cameras,"Lens Protector for iPhone 11, [Keep Original Shooting] Tempered Glass Screen Protector Metal Individual Camera Cover Accessories Case Friendly (Blue)",EGP 90.00,EGP 200.00,55%,,,
cameras,"Lens Protector For IPhone 15 Pro/iPhone 15 Pro Max,Preserve Original PhotographyTempered Glass Screen Protector With Single Metal Camera Lens Cover, Case Friendly (Diamond Silver)",EGP 100.00,EGP 400.00,75%,,,
cameras,3D Tempered Glass Camera Lens Protector for Oppo Reno 10/Reno 10 Pro - Black,EGP 60.00,,0%,,,5 out of 5(1)
cameras,"Normal Mobile Selfie Ring Light – Portable Clip-On LED Light for Perfect Selfies, Video",EGP 155.00,EGP 500.00,69%,,,4 out of 5(1)
cameras,Ring Light with Adjustable Color Temperature and Brightness – Color Rendering Index (CRI) +96 – Color Temperature Range from 2500K to 7500K – Remote Control – Model RL-100,EGP 839.00,,0%,,,
cameras,"3-in-1 Smartphone Camera Lenses - Wide Angle, Macro, and Fisheye Lens - Portable Clip-On Design for Photography",EGP 119.00,EGP 270.00,56%,,,
cameras,TOTAL Air Blower Suction And Expulsion 650 W Variable Speeds TB6036,"EGP 1,320.00",,0%,,,3.7 out of 5(3)
cameras,remote control for unionaire screen,EGP 325.00,,0%,,,
cameras,Electronics Cleaner 700ml,EGP 135.00,,0%,,,
cameras,Ezviz Pan & Tilt Smart Home Camera H6c Pro,"EGP 1,599.00","EGP 1,899.00",16%,,,5 out of 5(1)
cameras,500ml Multi-Purpose Bubble Foam Cleaner Spray - Non-Toxic & Quick Drying,EGP 156.00,EGP 400.00,61%,,,1 out of 5(1)
cameras,"Camera Screen Protector Compatible with Samsung Galaxy A55 5G, 9H Hardness, Scratch Resistant, Bubble Free, HD Tempered Glass Camera Screen Protector (Black)",EGP 150.00,EGP 170.00,12%,,,
cameras,Remote Control for All Xiaomi TV Box 4K for ALL Mi Box with Bluetooth Voice,"EGP 1,200.00",,0%,,,
cameras,Rainproof Tarpaulin Curtain For Balcony Size 2×3,EGP 360.00,,0%,,,5 out of 5(1)
cameras,Adjustable Tripod Stand For Ring Light - Black,EGP 170.00,EGP 310.00,45%,,,
cameras,Remote Bochshner Top Field,EGP 450.00,,0%,,,
cameras,"2-piece tempered glass screen protector for Honor 400 Pro, 9H hardness, HD, scratch-resistant, bubble-free, camera protection - Clear",EGP 450.00,EGP 500.00,10%,,,
cameras,Camera Black + Full Package Accessories,"EGP 4,999.00",,0%,,,
cameras,Point ADAPTOR 12V- 2A,EGP 85.00,,0%,,,
cameras,"Camera Lens Protector for iPhone 15 Pro, iPhone 15 Pro Max, Metal Tempered Glass Screen Protector, Single Camera Lens Cover Compatible with Protective Case, Black",EGP 130.00,EGP 150.00,13%,,,
cameras,RGB LED Lights Stick Handheld Fill Light Wand Bar Photography W/ Remote,EGP 645.00,"EGP 1,200.00",46%,,,
cameras,Tempered Glass Camera Lens Protector for Samsung Galaxy A35 - Scratch Resistant & Clarity Maintenance,EGP 124.00,,0%,,,
cameras,"3"" X 4"" Rain Guard Tarpaulin",EGP 480.00,,0%,,,3 out of 5(1)
cameras,Lens Camera For Iphone 13 Pro Max / 13 Pro - Sira Blue,EGP 69.00,,0%,,,4 out of 5(22)
cameras,High Quality Camera Lens Protector for iPhone 12 pro max/12 pro Tempered Glass Screen Protector 9H Hardness Scratch Resistant - 3 Pack Black,EGP 93.00,EGP 150.00,38%,,,
cameras,"Camera Lens Protector For IPhone 13, [Keep Original Shooting]Tempered Glass Screen Protector Metal Individual Camera Cover Accessories Case Friendly (Blue)",EGP 70.00,EGP 200.00,65%,,,
cameras,"Remote Control for TCL, JAC, Unionaire Screen",EGP 350.00,,0%,,,
cameras,tenda Camera CP3 2K (3MP) Indoor Wireless,EGP 815.00,"EGP 1,600.00",49%,,,3 out of 5(3)
cameras,Weifeng WT-3520 Professional Portable Aluminum Tripod,EGP 670.00,"EGP 1,200.00",44%,,,5 out of 5(1)
cameras,Insta360 Nsta360 X5 8K Action Cam Camera - Black,"EGP 28,888.00","EGP 36,222.00",20%,,,
cameras,"Camera Lens Protector for iPhone 12, 12 Mini, 11, Tempered Glass Film, Aluminum Alloy Screen Cover, Black",EGP 130.00,EGP 150.00,13%,,,
cameras,LENS 360° ALL-ROUND PROTECTION CAMERA High definition lens film with strong hardness to protect the lens from damage FULL LENS COVERAGE Crystal lenses SAMSUNG A56/A56/A26,EGP 285.00,EGP 350.00,19%,,,
cameras,"PLOKAMA Ring Light, 45cm Diameter, with 3 Mobile Holders and a Tripod Stand - 3 Lighting Modes - 360-Degree Rotation - Remote Control - MODEL LIVE-R45","EGP 1,560.00",,0%,,,
cameras,Tempered Glass Camera Lens Protector Does Not Affect Photography Scratch Resistant For Xiaomi Redmi 14C  -0- BLACK,EGP 110.00,,0%,,,3 out of 5(3)
cameras,NeePho NP8830 Extendable Tripod with Remote Controller for Outdoor Live Selfie and DSLR Photography,"EGP 1,050.00",,0%,,,
cameras,iPhone 16 Pro/16 Pro Max Lens Protector - HD Tempered Glass + Aluminum Frame - Copper,EGP 222.00,EGP 400.00,45%,,,
cameras,Canon EOS 4000D EF-S 18-55III Kit -(3011C003AA),"EGP 32,999.00","EGP 34,999.00",6%,,,
cameras,"Camera Lens Protector For IPhone 11, [Keep Original Shooting]Tempered Glass Screen Protector Metal Individual Camera Cover Accessories Case Friendly (Grey)",EGP 90.00,EGP 200.00,55%,,,3 out of 5(2)
cameras,PLOKAMA U160 LED Light - 360 Degree Rotation - 3 Powerful Colors - Camera/Mobile/PC Mount/Outdoor Lamp for All Content Creators - Black,EGP 445.00,EGP 888.00,50%,,,
cameras,ZD666 Ring Fill Light 26 CM For Professional Photography,EGP 230.00,EGP 350.00,34%,,,4.2 out of 5(10)
cameras,Camera Lens Protective Film For Samsung Galaxy A72 - Black,EGP 75.00,,0%,,,3.9 out of 5(15)
cameras,Camera Lens Protector Compatible with iPhone 15/15 Plus Camera Lens Protector Cover HD Tempered Glass Anti-Scratch Metal Individual Ring,EGP 150.00,,0%,,,
cameras,"Hexagonal Camera Lens Protector Compatible with iPhone 17 Pro Max / 17 Pro - 9H Tempered Glass with Diamond Metal Ring, Scratch and Shock Resistant, High Transparency, Easy Installation - Black",EGP 179.55,EGP 399.00,55%,,,
cameras,CAMERA LENS  360° ALL-ROUND PROTECTION CAMERA High definition lens film with strong hardness to protect the lens from damage FULL LENS COVERAGE Crystal lenses 15 iphon,EGP 285.00,EGP 350.00,19%,,,
cameras,"PLOKAMA  Video Making Kit - PK-778 - Video Recorder with 2 Dual LED Lights, Microphone Holder and Remote Control - Black",EGP 699.90,,0%,,,
cameras,DC12V 24 Keys IR Remote RGB Controller for LED Strip Lights - Mini Controller,EGP 144.00,EGP 166.00,13%,,,5 out of 5(1)
cameras,Silver and white flash reflector,EGP 125.00,,0%,,,
cameras,remote control for LG Smart Magic Mr-24 Series UHD OLED QNED NanoCell MiniLED 4K 8K with Voice & and Pointer function,"EGP 2,500.00",,0%,,,
cameras,"Camera Lens Protector For IPhone 13 Pro Max, [Keep Original Shooting]Tempered Glass Screen Protector Metal Individual Camera Cover Accessories Case Friendly ( Black)",EGP 79.00,EGP 200.00,61%,,,3 out of 5(1)
cameras,Neewer Ultra Bright Mini LED Video Light,EGP 473.42,,0%,,,
cameras,OPPO 65W Super Flash Charger For Type -C Mobiles . Fast Charge Adaptor,EGP 350.00,,0%,,,
cameras,"Samsung Galaxy S24 Ultra Camera Lens Protector, Individual Lens Protectors, Ultra-Slim Scratch-Resistant Tempered Glass with Aluminum Ring Cover, Case Friendly (Easy One-Step Installation)",EGP 130.00,EGP 250.00,48%,,,
cameras,Light Ring - 26 Cm With Stand - 210 Cm,EGP 285.00,,0%,,,4 out of 5(214)
cameras,Yiwu Yiwu Mobile Phone Lens No: 2313,EGP 215.00,EGP 310.00,31%,,,5 out of 5(1)
cameras,Aluminum Metal Lens Ring Cover Lens Protector Tempered Glass Camera Protector (Silver) Shockproof Bead Protector For Android Phones Samsung A16,EGP 185.00,EGP 250.00,26%,,,
cameras,MJ45 RGB LED Ring Light with Tripod Stand and Mobile Holder,"EGP 1,609.00",,0%,,,
cameras,"Samsung Galaxy S23 Ultra Camera Lens Protector, Individual Lens Protectors, Ultra-Slim Scratch-Resistant Tempered Glass with Aluminum Ring Cover, Case Friendly (Easy One-Step Installation)",EGP 130.00,EGP 250.00,48%,,,
cameras,NeePho NP-999S Adjustable Selfie Stick Tripod with Bluetooth Remote,EGP 399.00,EGP 575.00,31%,,,
cameras,High Quality Camera Lens Protector for iPhone 14 pro max/14 pro Tempered Glass Screen Protector Scratch Resistant 9H Hardness - 3 Pack Black,EGP 97.50,EGP 150.00,35%,,,
cameras,"PLOKAMA Video Lighting Lamp -U480 Pro - Professional RGB with 240 Bulbs - Power 20W and Battery 5000mAh-Color Heat 2700K-5700K - Photography, video and live streaming lighting - black",EGP 999.90,,0%,,,
cameras,Aluminum Metal Lens Ring Cover Lens Protector Tempered Glass Camera Protector (Silver) Shockproof Bead Protector For Android Phones Samsung A15/a34/a54,EGP 175.00,EGP 225.00,22%,,,5 out of 5(1)
cameras,Remote Control Compatible for LG 2023 Magic Smart TV with Netflix PrimeVideo Disney+ LG Channel Rakuten Tv  Buttons (NO Voice and No mouse Function,"EGP 1,200.00",,0%,,,
cameras,Aluminum Metal Lens Ring Cover Lens Protector Tempered Glass Camera Protector (Silver) Shockproof Bead Protector For Android Phones MI  REDME  Xiaomi REIDME NOTE13,EGP 185.00,EGP 285.00,35%,,,
cameras,"Ring Light White Light Soft Ring Light (RL) Lighting LED Rectangular Light Panel with Remote Control and Metal Holder 2 Meters for Smartphone, Camera and YouTube Video (RL-100)","EGP 2,000.00","EGP 3,000.00",33%,,,
cameras,Ring Light Size 36 Cm +three-legged Metal Stand 210 Cm,EGP 479.00,EGP 580.00,17%,,,3.3 out of 5(10)
cameras,Insta360 X4 8K Action Camera - Black,"EGP 32,999.00","EGP 42,999.00",23%,,,
cameras,Lens Protector for iPhone 15 Pro/iPhone 15 Pro Max - Diamond Grey,EGP 120.00,EGP 200.00,40%,,,
cameras,"2-Pack iPhone 16.16 Plus Camera Lens Protector with 9H HD Tempered Glass Camera Cover Anti-Scratch Aluminum Alloy Metal, Black",EGP 150.00,EGP 170.00,12%,,,
cameras,33cm Dimmable Selfie Ring Light - Black,EGP 299.00,EGP 600.00,50%,,,
cameras,360 Degree Rotating Waterproof Motorcycle Bike Phone Holder,EGP 219.00,,0%,,,3 out of 5(3)
cameras,Hikvision DS-7104HGHI-k1 - 4 Channel DVR,"EGP 1,600.00",,0%,,,
cameras,LED cube light,EGP 250.00,,0%,,,5 out of 5(1)
cameras,Light Ring with Adjustable Stand for Camera & Phone - 26cm Ring and 210cm Stand,EGP 330.00,EGP 500.00,34%,,,4.4 out of 5(13)
cameras,Camera Lens Protector For Honor 200 pro,EGP 199.00,,0%,,,2 out of 5(1)
cameras,"Camera Lens Protector Compatible with Apple iPhone 13 Pro.13 Pro Max, High Definition Glass Screen Protector for iPhone 13 Pro.13 Pro Max, Black",EGP 130.00,EGP 150.00,13%,,,
cameras,Tempered Glass Camera Lens Protector for Oppo Reno 12 / Reno 12 Pro,EGP 69.00,,0%,,,
cameras,"Galaxy S22 Ultra Camera Lens Protector, Individual Lens Protectors, Ultra-Slim Scratch-Resistant Tempered Glass with Aluminum Ring Cover, Case Friendly (Easy One-Step Installation)",EGP 130.00,EGP 250.00,48%,,,
cameras,Ezviz CS-H6C Wi-Fi Pan & Tilt Indoor Security Camera 2MP 4mm (Mic),"EGP 1,725.00","EGP 1,999.00",14%,,,
cameras,Havit ST7609 Bluetooth Selfie Stick,EGP 845.00,"EGP 1,000.00",16%,,,
cameras,Tempered Glass Camera Lens Protector [Does Not Affect Photography] Scratch Resistant For Xiaomi 13 -0- BLACK,EGP 99.00,,0%,,,1 out of 5(1)
cameras,"Magnetic Phone Holder - Upgraded Suction Cup Design for Secure Mounting on Any Smooth Surface, Perfect for Cars, Gyms, and Mirrors, Compatible with All Smartphones (Black - 3pcs)",EGP 986.00,,0%,,,
cameras,"Camera Lens Protector for iPhone 17 Pro 17 Pro Max, 9H Single Diamond Metal Ring, Scratch-Resistant Camera Screen Protector, Stylish Accessories, Case Friendly (Orange)",EGP 200.00,EGP 250.00,20%,,,
cameras,AKAI Spray Cleaner Dry 250ml,EGP 85.00,,0%,,,4.3 out of 5(3)
cameras,ing Brushes - Big Size - 3 Pcs,EGP 44.00,EGP 100.00,56%,,,5 out of 5(1)
cameras,Insta360 ONE X2 Action Camera 360 Degree Waterproof - Black,"EGP 21,499.00","EGP 32,499.00",34%,,,
cameras,TPLink Tapo Pan/Tilt Home Security Wi-Fi Camera Tapo C200,"EGP 1,199.00","EGP 1,499.00",20%,,,
cameras,"Remote Control M2QAYB000399 For Panasonic Screens, Black",EGP 325.00,,0%,,,
cameras,Iphon16 Pro/ 16 Pro Max Lens Protector for 16 Pro Max Camera Protector - HD Tempered Glass & Aluminum Frame,EGP 195.00,EGP 600.00,68%,,,5 out of 5(1)
cameras,"With iPhone 15/15 Plus Camera Lens Protector, Anti-Scratch HD Tempered Glass Lens Screen Protection Cover, Metal Individual Lens Ring (Black)",EGP 85.00,EGP 200.00,58%,,,5 out of 5(1)
cameras,12 Inch Dimmable LED Photography Ring Light With Tripod Light Stand Black + Zigor Special Bag,EGP 499.00,,0%,,,4 out of 5(1)
cameras,Glass Camera Lens Protector For Samsung Galaxy A13,EGP 65.00,,0%,,,
cameras,Ezviz H8C Security Camera – 1080p Outdoor WiFi Camera with Active Defense,"EGP 3,739.15","EGP 4,399.00",15%,,,
cameras,Camera Lens Protective Film For Samsung Galaxy A72 - Black,EGP 75.00,,0%,,,
cameras,Ezviz H6c Pro - Intelligent Pan/Tilt WiFi Surveillance Camera with 360° Panoramic View,"EGP 1,999.00","EGP 2,699.00",26%,,,
cameras,"Remote Control for wansa, synix and caira tv",EGP 500.00,,0%,,,
cameras,"Tempered Glass Camera Lens Protector Compatible with Honor X9b  Honor Magic 6 Lite Honor X50, Full Coverage, Anti-Scratch, Ultra Slim, Drop Protection - Black",EGP 96.00,EGP 150.00,36%,,,
cameras,Tempered Glass Camera Lens Protector Does Not Affect Photography Scratch Resistant For Samsung Galaxy S25 Ultra -0- BLACK,EGP 149.00,,0%,,,
cameras,NeePho NP-Z1 + REMOTE Extendable Folding Vlog Tripod Phone Mount,EGP 899.00,"EGP 1,200.00",25%,,,
cameras,Replacement Magic Remote for LG TV Remote MR23GN 2023 New for LG Smart TV Remote with Voice and Pointer Function Compatible with 2018-2023 LG UHD OLED QNED B3 C3 G3 NanoCell 4K 8K Smart TVs MR23GA,"EGP 2,700.00",,0%,,,
cameras,"PLOKAMA High-Brightness LED Professional Photography Light with Remote Control for Videography and Live Streaming, Adjustable Color Temperature from 2700K to 6500K - Model LIVE-P11",EGP 731.00,,0%,,,
cameras,Miu Miu Women's Elegant Handbag - Stylish & Luxurious Design,"EGP 2,430.00","EGP 2,700.00",10%,,,
cameras,PLOKAMA Professional Ring Light for Broadcasting and Photography with 3 Colors - 75W - Remote Control - Model Live-P19,"EGP 1,100.00",,0%,,,
cameras,"Replacement Voice Remote for Google Chromecast 4k Snow/HD TV, Remote Control for G9N9N, GA01409-US, GA01920-US, GA01919-US, GA01923-US, GA02463","EGP 1,250.00",,0%,,,
cameras,Imou Imou IPC-F22P-D-0360B Bullet 2C WiFi Camera - 2MP Night Vision,"EGP 1,700.00",,0%,,,5 out of 5(2)
cameras,12V 2A Mini Battery UPS With Power Supply Protection Module,EGP 700.00,,0%,,,
cameras,PLOKAMA Selfie Lighting - U20 Pro - Versatile RGB Ring LED Selfie Lighting - Black,EGP 349.90,EGP 399.90,13%,,,
cameras,Tempered Glass Camera Lens Protector [Does Not Affect Photography] Scratch Resistant For Oppo Reno 11F -0- BLACK,EGP 110.00,,0%,,,5 out of 5(2)
cameras,"Camera Lens Protector For IPhone 15 Pro/iPhone 15 Pro Max, [Keep Original Shooting]Tempered Glass Screen Protector Metal Individual Camera Cover Accessories Case Friendly (Diamond Silver)",EGP 120.00,EGP 200.00,40%,,,
cameras,Camera Lens Protector Compatible with - for iPhone 15/15 Plus - HD Tempered Glass Camera Lens Protector Cover Anti-Scratch Metal Individual Ring,EGP 96.00,EGP 150.00,36%,,,
cameras,"33cm Selfie Ring Light, Dimmable LED Ring Light 3 Light Modes 10 Brightness Levels, for Live Stream/Makeup/YouTube/Tik Tok/Photography",EGP 399.00,"EGP 1,000.00",60%,,,
cameras,tenda K4W 3TC 4 Channel Wireless 2K Video Security Kit,"EGP 9,500.00","EGP 10,000.00",5%,,,5 out of 5(1)
cameras,Photography background stand ER8713.. 3X3M,"EGP 1,650.00",,0%,,,
cameras,Tempered Glass Camera Lens Protector [Does Not Affect Photography] Scratch Resistant For Samsung Galaxy A53 5G -0- BLACK,EGP 84.00,,0%,,,
cameras,"Ring Light for Selfies, Photography, and Live Videos",EGP 849.99,,0%,,,
cameras,Glass Camera Lens Protector For Samsung Galaxy A16,EGP 199.00,,0%,,,1 out of 5(1)
cameras,Heater power cable,EGP 40.00,,0%,,,
cameras,"Camera Lens Protector ForiPhone 13Pro Max, [Keep Original Shooting]Tempered Glass Screen Protector Metal Individual Camera Cover Accessories Case Friendly ( Gold)",EGP 75.00,EGP 200.00,63%,,,
cameras,Aluminum Metal Lens Ring Cover Lens Protector Tempered Glass Camera Protector (Silver) Shockproof Bead Protector For Android Phones RELME C53,EGP 285.00,,0%,,,
cameras,Heater power cable - 10 pieces,EGP 150.00,,0%,,,
cameras,Surveillance camera power cable - 10 pieces,EGP 150.00,,0%,,,
cameras,Tempered Glass Camera Lens Protector for Xiaomi Redmi Note 13 - Scratch Resistant and Clear,EGP 110.00,,0%,,,
cameras,Stylish bead bag for your phone,EGP 200.00,EGP 250.00,20%,,,
cameras,tenda K8W-3TC 8 Channel Wireless 2K Video Security Kit,"EGP 19,300.00",,0%,,,
cameras,BD-360 Ring Light 36CM with Holder For Mobile & 10 Levels Of Brightness & Stand 200CM,EGP 649.00,"EGP 1,000.00",35%,,,4 out of 5(1)
cameras,"Lens Protector For Samsung Galaxy S23 Ultra Camera Lens Cover,HD Tempered Glass+Aluminum Frame Lens Protector For Samsung Galaxy S23 Ultra Camera Protector",EGP 175.00,EGP 400.00,56%,,,
cameras,For Multi - Adapters,EGP 119.00,,0%,,,
cameras,Product photography box 40X40 Cm,EGP 725.00,,0%,,,
cameras,"3-in-1 Mobile Camera Lenses – Wide Angle, Macro, and Fisheye Lens – Clip-on Design for Professional Photography",EGP 119.00,EGP 270.00,56%,,,
cameras,Large Storage Bag Perfect For Travel And Storing Quilts And Blankets (Light Blue Flower),EGP 424.00,EGP 800.00,47%,,,
cameras,Jmary KP-2209 Lighting Stand or Earphone Stand,"EGP 1,250.00","EGP 1,500.00",17%,,,
cameras,"Camera Lens Protector for iPhone 17 Pro 6.3 inch and iPhone 17 Pro Max 6.9 inch, 1:1 Invisible Size, 9H Hardness Tempered Glass Single Ring Cover, HD Clear, 1 Set (Silver)",EGP 170.00,EGP 220.00,23%,,,
cameras,BNC Male Video Connector - White - 10 Pieces,EGP 150.00,,0%,,,
cameras,Ring Light 26cm for Professional Photography + 210 CM Adjustable Tripod Stand,EGP 500.00,,0%,,,
cameras,Remote Control For orbit showtime OSN receiver,"EGP 1,350.00",,0%,,,
cameras,"remote control for Samsung TV Remote with voice control, Compatible with Samsung TV Neo QLED Smart 8K HDR Ultra HD with shahid vip button TVs","EGP 1,400.00",,0%,,,
cameras,Tempered Glass Camera Lens Protector Does Not Affect Photography Scratch Resistant For Honor X9a  -0- BLACK,EGP 99.00,,0%,,,
cameras,Mini Window Track Brush With Dustpan Groove - 3pcs,EGP 71.00,,0%,,,
cameras,ZD666 Ring Fill Light 26 CM for Professional Photography,EGP 139.99,EGP 149.00,6%,,,
cameras,Adjustable Tripod Stand - 210 CM - Black,EGP 199.00,EGP 350.00,43%,,,
cameras,Azwok AKB75855501 AN-MR20GA Voice Magic Remote Control Replacement for LG Smart TV 49NANO81ANA 55NANO81ANA 65NANO81ANA 49NANO81UNA 55NANO91ANA 65NANO91ANA 75NANO91ANA 86NANO91ANA 55NANO81UNA,"EGP 1,750.00",,0%,,,
cameras,teries Case Holder Anti Lost Portable Organizer Transparent,EGP 100.00,,0%,,,
cameras,Point CONVERTER TYPE C TO 3.5,EGP 95.00,,0%,,,5 out of 5(1)
cameras,Aluminum Metal Lens Ring Cover Lens Protector Tempered Glass Camera Protector (Silver) Shockproof Bead Protector For Iphone 14 / 14 Plus,EGP 185.00,EGP 285.00,35%,,,
cameras,"3-in-1 Cell Phone Camera Lens Kit – Fisheye Lens, Wide Angle Lens, Macro Lens – Clip-On Smartphone Camera Lens for Travel, Portraits & Landscape Photography (White & Silver)",EGP 119.00,EGP 400.00,70%,,,
cameras,PLOKAMA RGB LED LIGHT U480 PRO,EGP 825.00,"EGP 1,200.00",31%,,,
cameras,Bosch BT150 Compact Tripod for Line Lasers and Measuring Tools,"EGP 2,450.00",,0%,,,
cameras,tenda Camera CH7 / 4MP Outdoor Wi-Fi Pan/Tilt Camera,"EGP 2,400.00","EGP 2,500.00",4%,,,5 out of 5(2)
cameras,Ring Light MJ33 Large Size for Smartphone and Camera with RGB Color Lighting,EGP 399.00,,0%,,,
cameras,PK-775 PLOKAMA Flexible Selfie Tripod Portable Video-Making Kit Phone Holder with Remote Control LED and Microphone,EGP 355.00,EGP 500.00,29%,,,
cameras,"Camera Lens Protector For IPhone 12 Pro Max, [Keep Original Shooting]Tempered Glass Screen Protector Metal Individual Camera Cover Accessories Case Friendly ( Gold)",EGP 75.00,EGP 200.00,63%,,,5 out of 5(1)
cameras,Plastic Mobile Clamp For Tripods And Selfie Sticks,EGP 77.00,EGP 222.00,65%,,,
cameras,MJ33 RGB Ring Light With Stand And Phone Holder For Stunning Photos- 210cm With Stand,EGP 555.00,EGP 800.00,31%,,,
cameras,3d Protective Film For Safety Lens Screen Protector For Iphone 11 Pro & Iphone 11 Pro Max,EGP 80.00,,0%,,,
cameras,Jmary Selfie Stick & Tripod 2 in 1 MT-39,EGP 600.00,"EGP 1,000.00",40%,,,
cameras,5 In 1 Multifunctional Computer Cleaning Tool Kit (White),EGP 156.00,EGP 354.00,56%,,,
cameras,Ring Fill Light 26 CM for Professional Photography,EGP 180.00,EGP 350.00,49%,,,
cameras,plicable for Insta360 ONE X3 Panoramic Camera Battery Dual-Charging,EGP 100.00,EGP 200.00,50%,,,
cameras,"Electronics Organizer, Double-Layer Storage Bag for Cables, Charger, Power Bank, Flash Drive, Tablet, Cell Phone, SD Card 27 X 20cm, Portable Gadget Bag (Grey)",EGP 325.00,EGP 600.00,46%,,,
cameras,Phone Holder - Large Double Sided Adhesive Keeps Your Car Tidy and Mess-Free Strong Mesh Design for Multipurpose Use on Various Surfaces.(2 Pack),EGP 297.00,,0%,,,
cameras,Tempered Glass Camera Lens Protector [Does Not Affect Photography] Scratch Resistant For Realme C53 -0- BLACK,EGP 99.00,,0%,,,5 out of 5(1)
cameras,"Samsung 25W Power Adapter, 2-Pin, Black PA-25W2P",EGP 555.00,EGP 699.00,21%,,,
cameras,Aluminum Metal Lens Ring Cover and Tempered Glass Camera Protector for MI REDME NOTE 14,EGP 285.00,,0%,,,1 out of 5(1)
cameras,High Quality Camera Lens Protector for iPhone 11 pro max Tempered Glass Screen Protector 9H Hardness Scratch Resistant - 3 Pack Black,EGP 91.50,EGP 150.00,39%,,,
cameras,Buy one get one Halloween Party Decorations Black Curtain +  Orange Foil Fringe Curtain,EGP 179.00,,0%,,,
cameras,"Camera Protector for iPhone 16 Pro and 16 Pro Max, Precisely Convex Tempered Glass + Aluminum Ring Camera Protector for iPhone 16 Pro and 16 Pro Max",EGP 150.00,,0%,,,
cameras,X Scoot XS-508 Lightning Digital 3.5 Audio Converter - White,EGP 89.90,EGP 150.00,40%,,,
cameras,Remote Control for Samsung Smart TV - Compatible with 40 43 50 55 65 75 Inch Samsung LED LCD HDTV 4K 3D Smart TV,EGP 865.00,,0%,,,
cameras,NeePho NP8850 Extendable Tripod Stand – Strong & Durable – Outdoor Live Selfie Camera Phone Floor Stand,"EGP 1,399.00",,0%,,,
cameras,LED Light Tube with Rechargeable Battery and Remote Control,EGP 699.00,"EGP 1,400.00",50%,,,1 out of 5(1)
cameras,PLOKAMA Professional Ring Light for Broadcasting and Photography with 3-Color Adjustable Lighting - 75W - Remote Control - Model LIVE-P24,"EGP 1,282.00",,0%,,,
cameras,Glass Camera Lens Protector For Samsung Galaxy S24 Ultra- Green,EGP 250.00,,0%,,,
cameras,AIDITIYMI AKB76037601 Replace Remote Control fit for LG TV 2021 Model LED HD 4K Smart UHD HDTV with Prim-Video Disny Netflx Channels Buttons 43UP7000PUA 32LM627BPUA 32LM577BPUA 43UP8000PUR 50UP8000PUR,EGP 275.00,,0%,,,
cameras,Ring Fill Light 10 Inch,EGP 250.00,,0%,,,
cameras,Camera Lens Protector for iPhone 15 Pro 6.1 inch and iPhone 15 Pro Max 6.7 Tempered Glass Individual Ring Cover 9H Hardness HD Clear (Blue),EGP 149.25,EGP 199.00,25%,,,
cameras,"(PK-775) 5 in 1 Video Rig Camera Mount Holder Stabilizer Handle Grip with Microphone Mic, LED Light Kit - Black",EGP 399.00,EGP 800.00,50%,,,
cameras,3366 Tripod Stand For DSLR Cameras & Mobile Phones - Black,EGP 475.00,EGP 700.00,32%,,,3.2 out of 5(5)
cameras,Aluminum Metal Lens Ring Cover Lens Protector Tempered Glass Camera Protector (Silver) Shockproof Bead Protector For Iphone 16promax / 16pro,EGP 185.00,EGP 285.00,35%,,,
cameras,Crown Light Meter CT44108 - Accurate Light Measurement Tool,"EGP 1,099.00",,0%,,,
cameras,Aluminum Metal Lens Ring Cover Lens Protector Tempered Glass Camera Protector (Silver) Shockproof Bead Protector For Android Phones Samsung S25 Ultra,EGP 185.00,EGP 250.00,26%,,,
cameras,Aluminum Metal Lens Ring Cover for Honor X8b - Shockproof Tempered Glass Protector,EGP 185.00,,0%,,,
cameras,Yesido C192 Rearview Mirror Phone Holder for Car – Black,EGP 395.00,EGP 520.00,24%,,,
cameras,Tempered Glass Camera Lens Protector Does Not Affect Photography Scratch Resistant For vivo V27 & vivo V27 Pro  -0- BLACK,EGP 124.00,,0%,,,
cameras,"Camera Lens Protector For IPhone 15 Pro Max, [Keep Original Shooting]Tempered Glass Screen Protector Metal Individual Camera Cover Accessories Case Friendly ( Silver)",EGP 70.00,EGP 200.00,65%,,,
cameras,Softbox lighting kit for photography 5LAMP KIT 2,"EGP 2,249.00",,0%,,,
cameras,"Camera Lens Protector for iPhone 17 Pro 6.3 inch and iPhone 17 Pro Max 6.9 inch, 1:1 Invisible Size, 9H Hardness Tempered Glass Single Ring Cover, HD Clear, 1 Set (Black)",EGP 170.00,EGP 220.00,23%,,,
cameras,"Lens Protector Compatible with Samsung Galaxy S25 Ultra, 9H Tempered Glass Aluminum Alloy Ultra-Thin Cover for Samsung S25 Ultra",EGP 96.00,EGP 150.00,36%,,,
cameras,"PLOKAMA U160 RGB LED lighting, powerful, rotating, with various lighting modes, can be attached to the camera, mobile phone, or computer, and is an external lighting for all content creators",EGP 355.00,EGP 444.00,20%,,,
cameras,Tempered Glass Camera Lens Protector [Does Not Affect Photography] Scratch Resistant For Samsung Galaxy A34 5G -0- BLACK,EGP 89.00,,0%,,,5 out of 5(1)
cameras,"Galaxy S22 Ultra Camera Lens Protector, Individual Lens Protectors, Ultra-Slim Scratch-Resistant Tempered Glass with Aluminum Ring Cover, Case Friendly (Easy One-Step Installation)",EGP 130.00,EGP 250.00,48%,,,
cameras,"5x3M Green Screen Backdrop for Photography Background, Large Green Screen for Photoshoot, Game Live Streaming Video Conference (9X16Ft Green Backdrop)",EGP 599.00,"EGP 1,500.00",60%,,,
cameras,"PLOKAMA Selfie Lighting -U160 PRO - Professional LED lighting with clip for phone, camera and laptop -  Black",EGP 599.90,,0%,,,
cameras,Ring Fill Light 26 Cm - Black/White,EGP 299.00,EGP 399.00,25%,,,5 out of 5(1)
cameras,Ring Light - 26 CM for Photography and Makeup with 3 Light Modes and 10 Brightness Levels,EGP 210.00,EGP 250.00,16%,,,4.3 out of 5(38)
cameras,"Lens Protector For IPhone 15 Pro/iPhone 15 Pro Max, [Keep Original Shooting]Tempered Glass Screen Protector Metal Individual Camera Cover Accessories Case Friendly (Black)",EGP 95.00,EGP 200.00,53%,,,4 out of 5(1)
cameras,High Quality Camera Lens Protector for (iPhone 11 Pro) 9H Scratch Resistant Tempered Glass Screen Protector - 3 Pack Black iPhone -,EGP 96.00,EGP 150.00,36%,,,
cameras,Cover for Samsung tv Remote Case Skin Sleeve Protector Anti-Lost Shockproof Glowing red color,EGP 350.00,,0%,,,
cameras,SKAYA Light 10 Inches Ringlight Plus Tripod,EGP 275.00,,0%,,,3 out of 5(1)
cameras,Apt Blower 450 W,EGP 850.00,,0%,,,
cameras,Andoer 52mm ND Fader Neutral Density Adjustable ND2 To,EGP 540.00,"EGP 1,080.00",50%,,,
cameras,"tenda 2K Security Camera Indoor, WiFi  Pet Baby Cameras For Home Security, One-Touch Calling, Human/Pet/Baby Crying Detection, Night Vision, Plug-in WiFi Camera For Inside House CP3","EGP 1,342.00","EGP 1,525.00",12%,,,
cameras,"Ugreen Nexode 200W GaN USB C Charging Station, 8-Port Desktop Charger with PD 100W for MacBook Pro 16""/Air, Dell XPS, iPad Pro, iPhone 17/16/15, Galaxy S25/S24, Pixel 10/9","EGP 4,399.00",,0%,,,
cameras,3m Heavy Duty Light Stand with Spring Padded Design Aluminum Alloy Tripod Adjustable for Indoor and Outdoor Photography 2.6kg,"EGP 1,500.00","EGP 2,500.00",40%,,,
cameras,Weifeng Camera tripod model WT3560,EGP 899.00,,0%,,,
cameras,TOTAL Air Blower Charging 20 Volts +1 Battery 2 A + Charger TABLI200281,"EGP 2,130.00",,0%,,,
cameras,Glass Camera Lens Protector For Samsung Galaxy S24 Ultra 5g,EGP 250.00,,0%,,,
cameras,"For Samsung Galaxy S22 Ultra Camera Lens Protector, Glitter Diamond Bling Sparkly Tempered Glass Protective Camera Lens Flim, HD Clear, Ultra-Thin Metal Ring Case Friendly, Starlight",EGP 175.00,EGP 400.00,56%,,,
cameras,"PLOKAMA Video Lighting Lamp - U80 Pro - Small Portable RGB for Phone and Camera 2000mAh Heat Color 3000K-9900K Built-in Phone Clip for Selfie, Live Streaming and Flog - Black",EGP 499.90,,0%,,,
cameras,Hikvision 3K Smart Hybrid Light Audio Fixed Mini Bullet Camera DS-2CE16K0T-LPFS Compatible With JK Vision BNC,"EGP 1,467.00","EGP 1,630.00",10%,,,
cameras,PLOKAMA  Photograph Tripod PK8899,EGP 299.00,EGP 850.00,65%,,,
cameras,Dji Osmo Action 5 Pro Camera Adventure Combo Dual OLED High-Brightness Touchscreens - Black,"EGP 29,999.00",,0%,,,
cameras,Jmary Mini Portable Tripod / Stand MT-20 – Tabletop / Selfie Mode,EGP 375.00,EGP 800.00,53%,,,
cameras,"5x3M White Screen Backdrop For Photography Background, Large White Screen For Photoshoot, Game Live Steaming Video Conference (9X16Ft White Backdrop)",EGP 599.00,"EGP 1,500.00",60%,,,1 out of 5(1)
cameras,Rainproof Tarpaulin For Balconies 6*10,"EGP 2,400.00",,0%,,,
cameras,Rainproof Tarpaulin For Balconies 6*8,"EGP 1,920.00",,0%,,,
cameras,Lens Camera For Iphone 13 Pro Max - Occen Blue,EGP 90.00,,0%,,,
cameras,"6-in-1 Cleaning Kit: Air Blower, Cotton Swabs, Suede + Velvet Microfiber Cloth, Brush, Cleaning Solution",EGP 250.00,,0%,,,
cameras,"Samsung Galaxy S23 Ultra Camera Lens Protector, Individual Lens Protectors, Ultra-Slim Scratch-Resistant Tempered Glass with Aluminum Ring Cover, Case Friendly (Easy One-Step Installation)",EGP 130.00,EGP 250.00,48%,,,
cameras,"Gray photography chroma key, size 3X5M",EGP 325.00,,0%,,,
cameras,Tempered Glass Camera Lens Protector [Does Not Affect Photography] Scratch Resistant For Samsung Galaxy A55 -0- BLACK,EGP 110.00,,0%,,,5 out of 5(1)
cameras,Cover for Samsung Smart TV Solar Cell 2022 .2023 Silicone light green large size 16cm tall,EGP 400.00,,0%,,,
cameras,Tempered Glass Camera Lens Protector Does Not Affect Photography Scratch Resistant For Honor X6b -0- BLACK,EGP 110.00,,0%,,,
cameras,"iPhone 17 Camera Lens Protector Pack, Tempered Glass Cover, 9H+ Shatter Resistant. Scratch Resistant. Maintains Original Clarity. Easy to Install.",EGP 450.00,EGP 500.00,10%,,,
cameras,uniarch UAC-B115-F40-W-5MP-4.0MM Outdoor Camera,"EGP 1,292.00","EGP 1,999.00",35%,,,
cameras,remote control for hisense osn tv,EGP 750.00,,0%,,,
cameras,Hikvision DS-2CD1023G0E-I – 2 MP Fixed Bullet Network Camera,"EGP 1,400.00",,0%,,,
cameras,13-inch LED Ring Light with 3 Levels - Multi-Angle and Height Adjustable - Ideal for Selfies and Live Streaming - Model M-330,EGP 509.00,,0%,,,
cameras,Rechargeable Batteries Set,"EGP 1,222.00",,0%,,,
cameras,Hikvision DS-2CD1153G0-I – 5 MP Fixed Dome Network Camera,"EGP 3,500.00",,0%,,,
cameras,4x4 Rain Tarpaulin Blue Color,EGP 640.00,,0%,,,
cameras,"Phone Holder - The large double-sided adhesive designed to keep your car organized by holding your smartphone, wallet, tickets and sunglasses securely in one place.(1pcs)",EGP 198.00,,0%,,,
cameras,S-K07 Micro USB OTG Connect Kit,EGP 149.00,,0%,,,
cameras,"JKZTJOF BN59-01357A Solar Remote Control for Samsung Smart TV, RMCSPA1EP1 Solar Power Voice Remote Control for 2021 Samsung NEO LED Smart 4k Ultra HD TV (with USB Type-C Cable)","EGP 2,450.00",,0%,,,
cameras,Dahua HDCVI CAMERA,"EGP 6,999.00",,0%,,,
cameras,Imou IP - Wifi  Ranger 2 Camera 2mp IPC-A22EP-B,"EGP 2,499.00",,0%,,,4.5 out of 5(4)
cameras,Remote Control for Sharp 2T-C32BG1I 2T-C42BG1I 2T-C50BG1X 4T-C50BK1X 4T-C60BJ3T 4T-C60BK2UD 4T-C70BJ1T 4T-C70BK2UD 4T-C70BK2UD AQUOS Smart TV GB346WJSA GB336WJSA GB345WJSA,EGP 850.00,,0%,,,
cameras,WINFLIKE XMRM-00A Replace Remote Control - XMRM 00A Remote Control Replacement fit for Xiaomi MI Box 4X 4K Android TV Remote Controller,"EGP 1,100.00",,0%,,,
cameras,VTC VTC Smart Wi-Fi Security Camera 3MP with 360° Pan/Tilt and Night Vision,"EGP 1,490.00",,0%,,,4.3 out of 5(4)
cameras,"Hexagonal Camera Lens Protector Compatible with iPhone 17 Pro Max / 17 Pro - 9H Tempered Glass with Diamond Metal Ring, Scratch and Shock Resistant, High Transparency, Easy Installation - Gold",EGP 179.55,EGP 399.00,55%,,,
cameras,tenda Camera CH3-WCA 3MP Outdoor Wi-Fi Pan/Tilt Camera,"EGP 1,900.00","EGP 2,200.00",14%,,,
cameras,Tempered Glass Camera Lens Protector [Does Not Affect Photography] Scratch Resistant For Xiaomi 13 Pro -0- BLACK,EGP 99.00,,0%,,,
cameras,remote control for sharp and fresh prima video tv,EGP 850.00,,0%,,,
cameras,CAMERA LENS  360° ALL-ROUND PROTECTION CAMERA High definition lens film with strong hardness to protect the lens from damage FULL LENS COVERAGE Crystal lenses 11 PRO MAX/ 11PRO iphon,EGP 285.00,EGP 350.00,19%,,,
cameras,Ring Light - Black,EGP 650.00,"EGP 1,400.00",54%,,,
cameras,"Galaxy S22 Ultra Camera Lens Protector, Individual Lens Protectors, Ultra-Slim Scratch-Resistant Tempered Glass with Aluminum Ring Cover, Case Friendly (Easy One-Step Installation)",EGP 130.00,EGP 250.00,48%,,,
cameras,USB Rechargeable AA Lithium ion Battery High Capacity 4Pack,EGP 699.00,"EGP 1,350.00",48%,,,
cameras,AKAI Spray Cleaner Oil 250 Ml – Essential Lubricant for Electronics,EGP 100.00,,0%,,,2 out of 5(2)
cameras,Imou Imou Bullet 2E Colorful IP Wifi Camera 2MP H.265 IPC-F22FP,"EGP 2,599.00",,0%,,,5 out of 5(2)
cameras,"2-piece tempered glass screen protector for Honor 400 Pro, 9H hardness, HD, scratch-resistant, bubble-free, camera protection - Clear",EGP 400.00,,0%,,,
cameras,"For Samsung Galaxy S22 Ultra Camera Lens Protector, Glitter Diamond Bling Sparkly Tempered Glass Protective Camera Lens Flim, HD Clear, Ultra-Thin Metal Ring Case Friendly, Starlight",EGP 175.00,EGP 400.00,56%,,,
cameras,Tempered Glass Camera Lens Protector [Does Not Affect Photography] Scratch Resistant For Samsung Galaxy A24 4G -0- BLACK,EGP 89.00,,0%,,,5 out of 5(2)
cameras,"Lens Protector for iPhone 13, Tempered Glass Screen Protector Metal Individual Camera Cover Accessories Case Friendly (Black)",EGP 70.00,EGP 200.00,65%,,,1 out of 5(1)
cameras,Tempered Glass Camera Lens Protector [Does Not Affect Photography] Scratch Resistant For Samsung Galaxy Z Fold 5  -0- BLACK,EGP 110.00,,0%,,,1 out of 5(1)
cameras,RGB Selfie Ring Light - 33cm + Tripod - 2M - Black,EGP 599.00,EGP 800.00,25%,,,3 out of 5(1)
cameras,Hikvision Outdoor Audio Fixed Bullet Network Camera 4 MP - DS-2CV2041G2-IDW,"EGP 2,999.00","EGP 3,599.00",17%,,,
cameras,Aluminum Metal Lens Ring Cover Lens Protector Tempered Glass Camera Protector (Silver) Shockproof Bead Protector For Iphone 11/11promax,EGP 185.00,EGP 285.00,35%,,,
cameras,Ezviz C1C-B HD Resolution Indoor Wi-Fi Security Camera - 1080 Pixels,"EGP 2,699.00","EGP 3,499.00",23%,,,
cameras,Nikon MH-23 Charger for EN-EL9 Battery,EGP 324.00,EGP 399.00,19%,,,
cameras,NeePho Professional RGB Ring Light with 3 Colors - 360° Rotation - Soft Lighting for Eye Protection - Ideal for Live Streaming and Photography - Model MJ-28,EGP 718.00,,0%,,,
cameras,Jmary 2-in-1 Monopod selfie stick tripod MT-40,EGP 600.00,"EGP 1,000.00",40%,,,
cameras,Light Ring - 54Cm With Remote For Camera & Mobile + Stand - 210cm,"EGP 3,500.00",,0%,,,5 out of 5(1)
cameras,"Hexagonal Camera Lens Protector Compatible with iPhone 17 Pro Max / 17 Pro - 9H Tempered Glass with Diamond Metal Ring, Scratch and Shock Resistant, High Transparency, Easy Installation - Silver",EGP 179.55,EGP 399.00,55%,,,
cameras,Air Blower Vacuum Cleaner Dust Collector for Cleaning Corner and Gap 400 W,EGP 700.00,EGP 750.00,7%,,,
cameras,remote control for lg china and ata smart tv,EGP 650.00,,0%,,,
cameras,Tempered Glass Camera Lens Protector [Does Not Affect Photography] Scratch Resistant For Realme 11 Pro Plus -0- BLACK,EGP 85.00,,0%,,,3 out of 5(1)
cameras,Mobile Holder For Office And Photography Small Spider,EGP 600.00,,0%,,,3.8 out of 5(5)
cameras,Panasonic VW-VBG260E-K Lithium Battery Pack for Camcorders,EGP 517.00,"EGP 1,000.00",48%,,,
cameras,eufy eufy Indoor Cam Mini 2K T8414G21 - White,"EGP 1,370.00","EGP 1,899.00",28%,,,
cameras,Webcam 1080p HD USB With Mic for Laptop and PC,EGP 650.00,,0%,,,
cameras,MR23 Replacement Magic Remote Control for LG-TV-Remote Compatible for All LG with Voice Function Smart OLED QNED UHD 4K 8K TVs,"EGP 2,500.00",,0%,,,5 out of 5(1)
cameras,Aluminum Metal Lens Ring Cover Lens Protector Tempered Glass Camera Protector (Silver) Shockproof Bead Protector For Iphone14promax 14pro,EGP 185.00,EGP 285.00,35%,,,
cameras,"PLOKAMA PK 9930 Tripod 150 CM: Camera Camcorder Stand for Photography, + Professional  Ring Light with Soft LED Rotation, Remote Control, 45cm","EGP 1,999.00",,0%,,,
cameras,Tempered Glass Camera Lens Protector [Does Not Affect Photography] Scratch Resistant For Oppo A60  -0- BLACK,EGP 84.00,,0%,,,5 out of 5(1)
cameras,remote control for panasonic netflix without voice function tv,EGP 850.00,,0%,,,
cameras,"PLOKAMA 360-Degree Ring Light with 3 Mobile Phone Holders, Tripod Stand, and Remote - 3 Lighting Colors, 70W Power - LIVE-R56 RING","EGP 1,873.00",,0%,,,
cameras,Tripod Compatible with Digital and Digital Cameras,EGP 190.00,EGP 330.00,42%,,,
cameras,"Samsung Galaxy S23 Ultra Camera Lens Protector, Individual Lens Protectors, Ultra-Slim Scratch-Resistant Tempered Glass with Aluminum Ring Cover, Case Friendly (Easy One-Step Installation)",EGP 130.00,EGP 250.00,48%,,,
cameras,"For Samsung Galaxy S23Ultra Camera Lens Protector, Glitter Diamond Bling Sparkly Tempered Glass Protective Camera Lens Flim, HD Clear, Ultra-Thin Metal Ring Case Friendly, Starlight",EGP 175.00,EGP 400.00,56%,,,
cameras,Hikvision DS-2CE76D0T-ITPF(C) - 2 MP Indoor Fixed Turret Camera,EGP 720.00,,0%,,,
cameras,"5 In 1 Camera Holder (PK-776) with Installation Handle, Microphone, LED Lighting Set",EGP 399.90,EGP 800.00,50%,,,
cameras,Cover for LG MR22GA MR22GN Magic Remote with Anti-Slip Protective Case Sleeve Protector Skin light green,EGP 345.00,,0%,,,5 out of 5(1)
cameras,"-in-1 Mobile Camera Lenses With Fish Eye Design, Wide Angle, Macro, And Fish Eye Lens",EGP 119.00,EGP 270.00,56%,,,1 out of 5(1)
cameras,"LED Vanity Light, Bright 4 Lamp Beads 3 Color Temperature Uniform Lighting with USB A Portable Makeup Light for Bedroom Bathroom Dressing Room (White)",EGP 599.00,"EGP 1,200.00",50%,,,
cameras,"Remote Control for Samsung UHD 4k Smart TV Amazon, shahid Netflix, Direct Control, no Need to Program, Infrared without voice function",EGP 850.00,,0%,,,
cameras,"remote control for Samsung TV Remote without voice control, Compatible with Samsung TV Neo QLED Smart 8K HDR Ultra HD with shahid vip button TVs",EGP 850.00,,0%,,,
cameras,Remote Control for Samsung Smart TV - Compatible with 40 43 50 55 65 75 Inch Samsung LED LCD HDTV UHD HD SUHD QLED 4K Smart TV with rakuten Button,EGP 850.00,,0%,,,4 out of 5(1)
cameras,Rainproof Tarpaulin For Balconies 4*6,EGP 960.00,,0%,,,
cameras,RGB Ring Light with Tripod and 360° Rotation - Soft Lighting with Brightness Control - Practical and Easy-to-Use Design - MJ33,EGP 605.00,,0%,,,
cameras,Spray For PC And Laptop + Zigor Special Bag,EGP 265.00,,0%,,,5 out of 5(2)
cameras,Camera Lens Protector for iPhone 16 Pro Max HD Tempered Glass Ring Camera Protection Film,EGP 150.00,,0%,,,
cameras,Gigamax Mini Web Cam - GM 100 VCR,EGP 725.00,,0%,,,
cameras,RGB Selfie Ring Light - 20cm - Black,EGP 199.00,EGP 350.00,43%,,,5 out of 5(1)
cameras,for LG Magic Remote AN-MR19BA -AN-MR20GA,"EGP 1,750.00",,0%,,,
cameras,Puluz PU5016B Camera Sling Bag Shockproof Camera Bag Large,"EGP 2,389.00",,0%,,,
cameras,Camera Lens Protector Compatible with iPhone 15/15 Plus Camera Lens Protector Cover HD Tempered Glass Anti-Scratch Metal Individual Ring,EGP 82.60,EGP 140.00,41%,,,
cameras,Bosch Professional Tripod For Lasers And Levels BT 150,"EGP 2,675.00",,0%,,,
cameras,PLOKAMA U20 PRO Selfie Mirror with RGB LED Ring,EGP 245.00,,0%,,,
cameras,"Car Smartphone Mount - Adjustable Magnetic Holder with Strong Suction Cup, Compatible with Windshield and Console Locations for Secure Navigation",EGP 415.00,,0%,,,
cameras,"Camera Lens Protector Compatible with Honor 400, Tempered Glass, Full Coverage, Drop Protection",EGP 188.00,,0%,,,
cameras,remote control for panasonic prima video tv,EGP 750.00,,0%,,,
cameras,"Camera Lens Protector for New Samsung Galaxy A55 5G, Samsung A35 Metal Ring Case with 9H Hardness Tempered Glass, Easy Installation Tray, HD Clear, 1 Set (Black)",EGP 150.00,EGP 170.00,12%,,,
cameras,"Lens Protector for Oppo Reno 11F 5G, 9H Hardness Tempered Glass Metal Single Ring Holder Case Cover, Anti-Scratch - Black",EGP 150.00,,0%,,,
cameras,Majentik Wireless Charging Station 3 IN 1 15W FAST,"EGP 1,295.00","EGP 1,500.00",14%,,,
cameras,AKAI Spray Cleaner Dry 250ml - Effective Multi-Purpose Cleaner,EGP 100.00,,0%,,,5 out of 5(1)
cameras,Tempered Glass Camera Lens Protector [Does Not Affect Photography] Scratch Resistant For Oppo Reno 8T 5G -0- BLACK,EGP 110.00,,0%,,,3 out of 5(4)
cameras,Titanium Alloy Camera Lens Protector Tempered Film For IPhone 12 Pro - 6.1,EGP 75.00,,0%,,,
cameras,"Mobile holder - advanced mobile holder with strong suction for safe mobility, easy installation on the windshield or dashboard (1pc)",EGP 358.24,,0%,,,
cameras,remote control for grouhy smart tv,EGP 500.00,,0%,,,
cameras,"Lens Protector for iPhone 13, Tempered Glass & Metal Case Friendly",EGP 75.00,EGP 200.00,63%,,,
cameras,remote control for Unionaire smart mouse screen,EGP 385.00,,0%,,,5 out of 5(1)
cameras,weight and Durable Tripod for Camera and Mobile Phone - 3366 - Blue,EGP 449.90,EGP 600.00,25%,,,
cameras,Rainproof Tarpaulin For Balconies 3*3,EGP 360.00,,0%,,,
cameras,High-quality professional tripod and stabilizer for shooting professional photos and videos  ax-1652,"EGP 1,999.00",,0%,,,
cameras,RGB Selfie LED Ring Light 45cm 18inch - Colorful Photography Lamp with Holder 210cm,"EGP 1,349.00","EGP 1,400.00",4%,,,4 out of 5(1)
cameras,Remote Control for LG 2021 2022 2023 LG UHD OLED QNED NanoCell 4K 8K Smart TV,"EGP 1,200.00",,0%,,,
cameras,Camera Lens Protector Compatible with Samsung A35 / A55 5G Metal Screen Individual Ring Tempered Glass 9H Hardness Case Friendly Anti-Scratch,EGP 99.00,EGP 150.00,34%,,,
cameras,Shape Garden Lights for Landscape and Pathway Decoration (12 LED),EGP 275.00,EGP 499.00,45%,,,
cameras,remote control for unionaire smart screen,EGP 325.00,,0%,,,
cameras,remote control for lg plazma aircondition,EGP 850.00,,0%,,,
cameras,"Remote Control For Unionaire, Ultra, Pluto,g Hanz Smart Screen",EGP 335.00,,0%,,,
cameras,3d Tempered Glass Camera Lens Protector Compatible With Oppo Reno 6 5G - Black,EGP 59.00,,0%,,,
cameras,"Metal Camera Lens Protector for iPhone 11 Pro Max, Premium Aluminum Alloy and Tempered Glass for iPhone 11 Pro Max.",EGP 130.00,EGP 150.00,13%,,,
cameras,Digital to Analog Audio Optical Spdif Coaxial L/R RCA Converter,EGP 307.00,,0%,,,
cameras,Tempered Glass Camera Lens Protector for Samsung Galaxy A16 - Scratch Resistant and Clarity Maintained,EGP 110.00,,0%,,,1 out of 5(1)
cameras,Aluminum Metal Lens Ring Cover Lens Protector Tempered Glass Camera Protector (Silver) Shockproof Bead Protector For Android Phones Samsung A55/A35,EGP 185.00,EGP 285.00,35%,,,
cameras,Remote Control for LG TVs,EGP 300.00,,0%,,,
cameras,"Ring light 35 types of lighting and USB cable for mobile phones, size 35 cm, white, warm and colored lighting, and flashes of all colors","EGP 1,200.00",,0%,,,
cameras,Lens Protector for iPhone 11 - Tempered Glass & Metal Case Friendly,EGP 69.00,EGP 200.00,66%,,,2 out of 5(1)
cameras,Aluminum Metal Lens Ring Cover Lens Protector Tempered Glass Camera Protector (Silver) Shockproof Bead Protector For Android Phones Samsung A14/A24,EGP 185.00,EGP 250.00,26%,,,
cameras,Delo DTAB15601 600W Air Blower,EGP 999.00,"EGP 1,299.00",23%,,,
cameras,Bottle Cleaning Silicone Brush With Long Handle 2 Pcs,EGP 73.00,EGP 95.00,23%,,,
cameras,Glass Camera Lens Protector For Realme 11 Pro 5g / Realme 11 Pro Plus 5g,EGP 150.00,,0%,,,
cameras,style extendable LED desktop projector lamp. Romantic indoor lighting. Backdrop Wall Decor for Home Party Living Room Bedroom Decor Romantic USB Optical Night Lights Great Gifts for Home Party Girls Room - Sunset Red,"EGP 1,299.00","EGP 3,000.00",57%,,,
cameras,High Quality Camera Lens Protector for iPhone 14/14 Plus Tempered Glass Screen Protector 9H Hardness Scratch Resistant - 2 Pack Black,EGP 91.50,EGP 150.00,39%,,,
cameras,Remote Control for Tornado & Tcl Magic 4K,EGP 950.00,,0%,,,
cameras,remote contriol for skyline tv,EGP 325.00,,0%,,,
cameras,Remote Control For Humax OSN receiver,EGP 299.00,,0%,,,
cameras,Glass Camera Lens Protector For Realme 11 Pro Plus 5g,EGP 150.00,,0%,,,
cameras,Godox V1 Flash For Nikon,"EGP 17,400.00","EGP 21,340.00",18%,,,
cameras,Ring with Metal Stand and Desktop Mobile Holder,EGP 329.00,EGP 490.00,33%,,,1.5 out of 5(2)
cameras,Universal Remote Control for Samsung Smart TV - Compatible with 40 43 50 55 65 75 Inch Samsung LED LCD HDTV 4K 3D Smart TV,EGP 800.00,,0%,,,
cameras,tenda K4W-3TC 4 Channel Wireless HD Video Security Kit,"EGP 10,700.00",,0%,,,
cameras,CAMERA LENS  360° ALL-ROUND PROTECTION CAMERA High definition lens film with strong hardness to protect the lens from damage FULL LENS COVERAGE Crystal lenses 14 iphon,EGP 285.00,EGP 350.00,19%,,,
cameras,18 Inch 3D Ring Light Kit for YouTube and TikTok with Remote Control,"EGP 1,000.00",,0%,,,
cameras,"For Samsung Galaxy S24Ultra Camera Lens Protector, Glitter Diamond Bling Sparkly Tempered Glass Protective Camera Lens Flim, HD Clear, Ultra-Thin Metal Ring Case Friendly, Starlight",EGP 175.00,EGP 400.00,56%,,,
cameras,"eufy eufy IndoorCam Mini, 2K Pan & Tilt Security","EGP 1,600.00",,0%,,,
cameras,Glass Camera Lens Protector For Samsung Galaxy S24 Ultra,EGP 250.00,,0%,,,
cameras,"Camera Lens Protector Compatible with Samsung Galaxy S25 Ultra, Ultra-Thin Aluminum and 9H Tempered Glass Cover for Samsung S25 Ultra",EGP 150.00,EGP 200.00,25%,,,
cameras,Yiwu Light Bulb 2 Bulb 6Cm No.Yt88011,EGP 266.00,EGP 361.00,26%,,,
cameras,Yiwu Yiwu Lens Flare 2.5*6Cm No:No:Mg2B/9,EGP 273.00,EGP 368.00,26%,,,
cameras,Tempered Glass Camera Lens Protector for Oppo Reno 6 4G - Scratch Resistant - Black,EGP 84.00,,0%,,,
cameras,Cover for Samsung tv Remote Case Skin Sleeve Protector Anti-Lost Shockproof Glowing for Samsung Smart 4K Ultra HDTV Remote purple color,EGP 300.00,,0%,,,
cameras,StraTG IPhone 13 Pro / 13 Pro Max / 14 Pro / 14 Pro Max Separate Camera Lens Protectors - Premium Tempered Glass To Protect Your Camera Lenses - Gold,EGP 130.00,,0%,,,
cameras,"Lens Protector for iPhone 12 Pro Max, Tempered Glass Screen Protector with Aluminum Alloy",EGP 125.00,EGP 200.00,38%,,,
cameras,for Unionaire Smart TV,EGP 500.00,,0%,,,
cameras,Jmary Ring Light FM-21R - Triple Phone Holder And Remote Control - Adjustable Colour Temperature,"EGP 2,750.00","EGP 3,800.00",28%,,,
cameras,K&F SA254C1 PROFESSIONAL CARBON FIBER TRIPOD MONOPOD KIT,"EGP 25,400.00","EGP 29,400.00",14%,,,
cameras,"For Samsung Galaxy S24Ultra Camera Lens Protector, Glitter Diamond Bling Sparkly Tempered Glass Protective Camera Lens Flim, HD Clear, Ultra-Thin Metal Ring Case Friendly, Starlight",EGP 175.00,EGP 400.00,56%,,,
cameras,eufy eufy Anker Security Outdoor Cam E220 2K IP67 Water Protection,"EGP 3,500.00",,0%,,,
cameras,Crown Laser Scale Tripod Holder - Black,EGP 649.00,,0%,,,4 out of 5(4)
cameras,"PLOKAMA RGB LED Ring Light with 3 Mobile Phone Holders and a Tripod Stand - 60W, Adjustable Color Temperature, and 360-Degree Rotation - Model LIVE-R45 PRO","EGP 1,734.00",,0%,,,
cameras,"Lens Protector For Samsung Galaxy S23 Ultra Camera Lens Cover,HD Tempered Glass+Aluminum Frame Lens Protector For Samsung Galaxy S23 Ultra Camera Protector",EGP 175.00,EGP 400.00,56%,,,
cameras,"Iphone  16 Pro/ 16 Pro MaxLens Protector For 16 Pro/ 16 Pro MaxCamera Protector Camera Lens Cover,HD Tempered Glass+Aluminum Frame Lens Protector For 16 Pro Max Camera Protector( Silver)",EGP 195.00,EGP 400.00,51%,,,5 out of 5(1)
cameras,Weifeng Camera tripod.. wt_3560,EGP 799.00,,0%,,,
cameras,Yesido SF17 Extendable Tripod Stand with Bluetooth Remote,"EGP 3,399.00",,0%,,,
cameras,Rock 2pcs 3d Full Back Camera Lens Screen Protector For Iphone 11 Pro & Iphone 11 Pro Max,EGP 80.00,,0%,,,
cameras,3d Tempered Glass Camera Lens Protector Compatible With Huawei Nova 7i - Black,EGP 99.00,,0%,,,
cameras,Lens Protector for iPhone 15 Pro/iPhone 15 Pro Max - Gold,EGP 90.00,EGP 200.00,55%,,,
cameras,Aluminum Metal Lens Ring Cover Lens Protector Tempered Glass Camera Protector (Silver) Shockproof Bead Protector For Iphone12pro Max /13,EGP 185.00,EGP 285.00,35%,,,
cameras,"6 in 1 Head Cleaning Kit Perfume Pump, Cotton Swab, Suede Microfiber Cloth + Cat Brush, Cleaning",EGP 250.00,,0%,,,
cameras,PLOKAMA 560mm RGB Ring Light for Live Streaming - 360-Degree Rotation - Tripod - 2 USB Ports - Holds 3 Mobile Phones - Model LIVE-R56 Pro,"EGP 2,038.00",,0%,,,
cameras,Camera Lens Frame Compatible with Samsung Galaxy S22 Ultra 5G - Black,EGP 130.00,EGP 150.00,13%,,,
cameras,TOTAL Tripod Laser Scale Holder,EGP 999.00,"EGP 1,162.00",14%,,,
cameras,"Camera Lens Protector For IPhone 12 Pro Max, [Keep Original Shooting]Tempered Glass Screen Protector Metal Individual Camera Cover Accessories Case Friendly ( Gold)",EGP 75.00,EGP 200.00,63%,,,
cameras,Olesson No.1670 USB Car Adaptor with 2 Sockets - Black,EGP 199.00,,0%,,,1 out of 5(1)
cameras,Tempered Glass Camera Lens Protector for Realme 10 - Scratch Resistant and Clarity Maintaining,EGP 84.00,,0%,,,1 out of 5(1)
cameras,LED USB Professional Ring Light,EGP 999.00,,0%,,,5 out of 5(1)
cameras,PLOKAMA tripod Stand P66,"EGP 1,399.00","EGP 1,650.00",15%,,,
cameras,Ring Light for Photography - 33 cm Dimmable LED Light for Mobile Selfies,EGP 169.99,,0%,,,
cameras,3D Moon Lamp - A Charming Addition to Any Space,EGP 550.00,,0%,,,
baby%20products,"Tola Offer Hair Lotion 120 ml 1+1 It stimulates hair growth faster, helps fill in gaps, and promotes baby hair growth.",EGP 450.00,,0%,,,4.9 out of 5(8)
baby%20products,ID Baby Care Hair Cream Gentle Smooth Styling - 250ML,EGP 195.00,EGP 385.00,49%,,,
baby%20products,Baby Hair Cream (sweet Almond),EGP 175.00,,0%,,,
baby%20products,Blankie Baby Oil Body & Hair 0% 100ml,EGP 129.00,EGP 149.00,13%,,,5 out of 5(2)
baby%20products,darivika Baby Hair Styling Cream 100gm,EGP 116.45,EGP 137.00,15%,,,
baby%20products,"Alba Pharma Offer Hair Lotion 120 ml 1+1 It stimulates hair growth faster, helps fill in gaps, and promotes baby hair growth.",EGP 250.00,,0%,,,2 out of 5(1)
baby%20products,Bubbles Baby Hair Cream 100ml,EGP 129.00,,0%,,,
baby%20products,Jolly Baby Baby Brush And Comb Set - Gentle Hair Care,EGP 49.99,EGP 90.00,44%,,,
baby%20products,sunrova Sun Screen Baby & Kids SPF 50 50ml,EGP 190.00,EGP 245.00,22%,,,
baby%20products,Passion BaBy Hair Oil For Kids - 100ML,EGP 170.00,EGP 335.00,49%,,,
baby%20products,Aunt Jackie'S Kids Baby Curls Curling and Twisting Custard 426g,EGP 440.00,,0%,,,
baby%20products,Happiness baby Dreams Hair Oil Nourish Soften Anti-Frizz 200ml,EGP 355.00,EGP 410.00,13%,,,
baby%20products,ID Baby Care Hair Mask Gentle Smooth Moisturising - 250ML,EGP 175.00,EGP 345.00,49%,,,
baby%20products,Argan and Collagen Anti-Frizz and Baby Hair Wax Stick (by Priyanka Beauty),EGP 399.00,,0%,,,
baby%20products,"ID Baby Care Sunscreen Lotion for Skin Protection, 120 ml",EGP 180.00,EGP 245.00,27%,,,
baby%20products,Fix Baby Hair Cream (Avocado) - 300 mL,EGP 175.00,,0%,,,
baby%20products,Happiness BABY DREAMS HAIR OIL 120 ml,EGP 367.14,EGP 422.00,13%,,,
baby%20products,"baby SPF 50+ Baby Mineral Sunscreen – Safe, Natural Sunblock For Babies - Water Resistant Sun Cream – Broad Spectrum UVA/UVB Sun Protection – Vegan Baby Sunscreen Lotion, 6 Oz.","EGP 2,456.00",,0%,,,
baby%20products,Sanosan Baby Sun Cream SPF 50+ - 75ml,EGP 855.00,"EGP 1,146.00",25%,,,
baby%20products,"Think baby  SPF 50+ Baby Mineral Sunscreen – Safe, Natural Sunblock for Babies - Water Resistant Sun Cream – Broad Spectrum UVA/UVB Sun Protection – Vegan Baby Sunscreen Lotion, 3 Oz.","EGP 2,412.00",,0%,,,
baby%20products,Baby Hair Styling Set,EGP 111.00,EGP 222.00,50%,,,
baby%20products,Sanosan Baby Sun Protection Cream 75ml,EGP 734.00,EGP 850.00,14%,,,
baby%20products,ID Baby Care Sunscreen Lotion - 120ML,EGP 220.00,EGP 430.00,49%,,,
baby%20products,Rabbit Storage Basket - A cute addition to organize your baby's things,EGP 400.00,,0%,,,
baby%20products,Kidilo Carseat 1st stage C002,"EGP 2,470.00","EGP 2,600.00",5%,,,
baby%20products,Carrot Baby 2+ Maximum Protective Milk SPF 100+ Oil Spray 200ml,EGP 448.00,,0%,,,
baby%20products,Sanosan Baby Sun Protection Cream – 75ml,EGP 810.00,,0%,,,
baby%20products,Carrot Sun Baby 2+ Maximum Protective Milk SPF100+ for Sensitive Skin - 200ml,EGP 549.00,EGP 650.00,16%,,,
baby%20products,Sanosan Baby Sun Cream SPF 50+ - 75ml,EGP 810.00,EGP 890.00,9%,,,
baby%20products,"Childs Farm Kids and Baby Sun Cream SPF 50plus Water Resistant UVA and UVB Very High Protection Suitable for Dry, Sensitive and Eczema-prone Skin 100ml","EGP 2,410.00",,0%,,,
baby%20products,Lucid SENA Luxury Baby Carseat with Canopy and Leather Cover - Brown Color Model,"EGP 2,950.00","EGP 3,900.00",24%,,,
baby%20products,"Burbay First Stage Car Seat , Portable Infant Car Seat, Five-Point Safety Belt and Side Impact Protection, Suitable From 0 to 13 Kilo","EGP 2,355.00","EGP 3,200.00",26%,,,
baby%20products,Lucid SENA Luxury Baby Carseat with Canopy and Leather Cover,"EGP 2,950.00","EGP 3,990.00",26%,,,
baby%20products,Baby Hair Styling Set,EGP 222.00,,0%,,,
baby%20products,High-Quality and Durable Baby Car Seat in Blue Color,"EGP 1,725.00","EGP 2,450.00",30%,,,
baby%20products,"Burbay First Stage Car Seat , Portable Infant Car Seat, Five-Point Safety Belt and Side Impact Protection, Suitable From 0 to 13 Kilo","EGP 2,600.00","EGP 3,200.00",19%,,,
baby%20products,"First Stage Car Seat , Portable Infant Car Seat, Five-Point Safety Belt and Side Impact Protection, Suitable From 0 to 13 Kilo","EGP 2,275.00","EGP 3,100.00",27%,,,
baby%20products,"First Stage Car Seat , Portable Infant Car Seat, Five-Point Safety Belt and Side Impact Protection, Suitable From 0 to 13 Kilo","EGP 2,700.00","EGP 3,500.00",23%,,,
baby%20products,"First Stage Car Seat , Portable Infant Car Seat, Five-Point Safety Belt and Side Impact Protection, Suitable From 0 to 13 Kilo","EGP 2,700.00","EGP 3,500.00",23%,,,
baby%20products,Carseat Stage 1,"EGP 2,450.00","EGP 2,600.00",6%,,,
baby%20products,"First Stage Car Seat , Portable Infant Car Seat, Five-Point Safety Belt and Side Impact Protection, Suitable From 0 to 13 Kilo","EGP 2,299.00","EGP 3,500.00",34%,,,
baby%20products,"First Stage Car Seat , Portable Infant Car Seat, Five-Point Safety Belt and Side Impact Protection, Suitable From 0 to 13 Kilo","EGP 2,750.00","EGP 3,400.00",19%,,,
baby%20products,"First Stage Car Seat , Portable Infant Car Seat, Five-Point Safety Belt and Side Impact Protection, Suitable From 0 to 13 Kilo","EGP 2,430.00","EGP 3,500.00",31%,,,
baby%20products,"First Stage Car Seat , Portable Infant Car Seat, Five-Point Safety Belt and Side Impact Protection, Suitable From 0 to 13 Kilo","EGP 2,750.00","EGP 3,200.00",14%,,,
baby%20products,"Burbay First Stage Car Seat , Portable Infant Car Seat, Five-Point Safety Belt and Side Impact Protection, Suitable From 0 to 13 Kilo","EGP 2,360.00","EGP 3,200.00",26%,,,
baby%20products,Moon Sumo Baby Infant Car seat - Charcoal Grey,"EGP 10,990.00",,0%,,,
baby%20products,ar Seat Burbay - Lightweight and Safe for Newborns,"EGP 3,000.00",,0%,,,
baby%20products,"First Stage Car Seat , Portable Infant Car Seat, Five-Point Safety Belt and Side Impact Protection, Suitable From 0 to 13 Kilo","EGP 2,275.00","EGP 3,200.00",29%,,,
baby%20products,"First Stage Car Seat , Portable Infant Car Seat, Five-Point Safety Belt and Side Impact Protection, Suitable From 0 to 13 Kilo","EGP 2,275.00","EGP 3,200.00",29%,,,
baby%20products,Small 1024757  Baby Products / Baby & Toddler Toys / Rattles From Unique 24 Pieces For Boys’ Weekly Celebrations Brown - New,EGP 160.00,,0%,,,
baby%20products,Unique Baby 1024757  Baby Products / Baby & Toddler Toys / Rattles Pink - New,EGP 160.00,,0%,,,
baby%20products,"First Stage Car Seat , Portable Infant Car Seat, Five-Point Safety Belt and Side Impact Protection, Suitable From 0 to 13 Kilo","EGP 2,700.00","EGP 3,100.00",13%,,,
baby%20products,Just Baby Wipes - 72 Pcs Pink,EGP 50.00,,0%,,,
baby%20products,Daline 2 Product Dietary supplement - Vitamin D3 Oral Drops – 400 IU (15 ml).,EGP 82.00,,0%,,,
baby%20products,Just  Care Baby Wet Wipes 72 PCS Lavender,EGP 50.00,,0%,,,
baby%20products,Just Care Baby Wipes 40 PCS,EGP 29.00,,0%,,,
baby%20products,Carseat Stage 1,"EGP 2,450.00","EGP 2,600.00",6%,,,
baby%20products,General  ARDAKI Toys Educational Learning Talking Flash Cards Talking English Words Preschool Electronic Reading Early Talking Flashcards Toy for Kids Boys Girls Baby  Card,EGP 180.00,,0%,,,
baby%20products,Nunu Nunu Gift Set Baby Care Products - 100ml Set of 5,EGP 199.00,EGP 219.00,9%,,,4.3 out of 5(6)
baby%20products,STEEL BABY PINK PENCIL,EGP 150.00,EGP 300.00,50%,,,
baby%20products,STEEL BABY BLUE PENCIL,EGP 150.00,EGP 300.00,50%,,,
baby%20products,Carioca Baby,EGP 179.99,,0%,,,
baby%20products,Carioca Super Baby,EGP 355.00,,0%,,,
baby%20products,"Soft Adjustable Baby Shower Cap (Set of 3), Shampoo Cap for Washing Hair, Bath Accessories for Toddlers and Babies, Best Product Supplier Al-Israa (Yellow)",EGP 189.00,,0%,,,
baby%20products,Bebeto Two Pieces Of Soft Silicone Nasal Aspirator - Baby Care Product,EGP 159.00,EGP 299.00,47%,,,
baby%20products,Fe FE CODE FEPI 015 - Gentle Baby Skin Care Product,EGP 100.00,,0%,,,
baby%20products,"Measuring Spoon, Adjustable Large Measuring Spoon for Coffee, Protein Powder, Tea, Sugar, Milk, and Baby Formula",EGP 125.00,EGP 400.00,69%,,,
baby%20products,Dr.Wess Auto Beauty products Glass Waffle Microfiber Towel - Baby Blue 40*40 - 2 PCS,EGP 170.00,EGP 185.00,8%,,,
baby%20products,Scissors Baby Plastic Serrated 12.5 Cm,EGP 43.00,,0%,,,3.3 out of 5(3)
baby%20products,"Dove Beautiful Curls shampoo, low sulfate, infused with aloe vera & jojoba oil, gently removes product build-up to restore shine and mositure for a clean hydrated, healthy curls 350ml",EGP 250.00,,0%,,,
baby%20products,Share This Product Fidget Chain Toys - Stress Relief & Fidgeting Fun,EGP 200.00,,0%,,,
baby%20products,3pcs Baby Products Manicure Set - Safe Nail Care for Infants,EGP 135.00,EGP 270.00,50%,,,
baby%20products,Genius Baby Mug Thermal Travel 380ml Stainless Steel Coffee Cup With Leak Proof Lid Insulated Suction Base For Hot And Cold Drinks Portable For Office Home Car (White),"EGP 1,050.00",,0%,,,
baby%20products,Ginsonware Flask smart temperature display baby kids water bottle insulated thermal digital thermo stainless steel vacuum drink flasks warmer hot & cold drink bottles coffee tea travel mug multicolor,EGP 428.00,,0%,,,
baby%20products,Glamskim Digital Touch Heat Mug 510ml Heat Preservation Up to 8 Hours Rust Proof Double Wall Insulated for Daily Use and Car EL (Baby Blue),"EGP 1,125.00",,0%,,,
baby%20products,"Gladking Baby's 304 Stainless Steel Rabbit Shaped Thermal Vacuum Bottle (2 Pieces, 300ml, Light Purple/Blue)",EGP 399.00,,0%,,,
baby%20products,Highlighter  - Baby Blue,EGP 65.00,,0%,,,
baby%20products,"Dadoush Women's two-piece velvet pajama set, modern and comfortable design - two-piece women's winter pajama set including a top and pants for a stylish and distinctive look","EGP 1,438.00",,0%,,,
baby%20products,Hero Baby 1 MILK 400 GM,EGP 294.00,EGP 408.00,28%,,,5 out of 5(4)
baby%20products,Baby Body Sponge 2 Pieces,EGP 95.95,EGP 100.00,4%,,,
baby%20products,Defacto Baby Boy Regular Fit Printed Pullover,EGP 499.00,EGP 699.00,29%,,,
baby%20products,Defacto Baby Boy Color Block Zippered Knit Cardigan,EGP 899.00,,0%,,,5 out of 5(1)
baby%20products,Hero Baby NUTRA DEFENSE 2 PLUS MILK 400 GM,EGP 389.00,EGP 517.00,25%,,,5 out of 5(1)
baby%20products,Maya Accessories Fashion Spiral Hair Ties for Women and Men 5PCS (Black),EGP 225.00,EGP 250.00,10%,,,
baby%20products,1 Piece Sweat Shaper Corset Gym Fitness - Fat Burning Belly Fat Burner,EGP 139.00,EGP 600.00,77%,,,4.3 out of 5(6)
baby%20products,Defacto Baby Boy Regular Fit Striped Pullover,EGP 699.00,,0%,,,
baby%20products,Defacto Baby Boy Regular Fit Striped Crew Neck Pullover,EGP 699.00,,0%,,,5 out of 5(1)
baby%20products,Defacto Baby Boy Regular Fit Crew Neck Knitted Pullover,EGP 499.00,EGP 699.00,29%,,,
baby%20products,Defacto Baby Boy Regular Fit Striped Pullover,EGP 899.00,,0%,,,
baby%20products,Hero Baby HA MILK 400 GM,EGP 433.00,EGP 593.00,27%,,,5 out of 5(1)
baby%20products,Defacto Baby Boy Regular Fit Dinosaur Printed T-Shirt,EGP 249.00,EGP 349.00,29%,,,
baby%20products,Defacto Baby Boy Crew Neck Patterned T-Shirt,EGP 299.00,EGP 399.00,25%,,,5 out of 5(1)
baby%20products,Defacto Baby Girl Regular Fit Crew Neck Pullover,EGP 899.00,,0%,,,
baby%20products,Defacto Baby Boy Crew Neck Patterned Knit Pullover,EGP 699.00,,0%,,,
baby%20products,"3Pcs Silicone Hair Shampoo Brush, Head Scrubber Brushes and Massagers with Soft Silicone Bristle for Deep Daily Cleaning, Personal Care Massage Products for Men, Women, Baby and Pets",EGP 199.00,,0%,,,
baby%20products,Say Goodbye to Burns and Stains While Ironing with The Iron Cover,EGP 150.00,EGP 200.00,25%,,,2 out of 5(2)
baby%20products,Defacto Baby Boy Striped Short Sleeve T-Shirt,EGP 349.00,,0%,,,5 out of 5(2)
baby%20products,Defacto Baby Girl Regular Fit Crew Neck Knit Pullover,EGP 499.00,,0%,,,
baby%20products,"General Share this product    Beyblade game from the ""Storm Gyro Burst"" series b171",EGP 175.00,,0%,,,
baby%20products,Women's Sexy Sheer Long Sleeve Mock Neck Cocktail Club Dress Black,EGP 562.00,EGP 999.00,44%,,,
baby%20products,Defacto Baby Boy Hooded Buttons Knit Cardigan,EGP 999.00,,0%,,,
baby%20products,MK Baby girls socks 3pieces,EGP 99.00,EGP 140.00,29%,,,
baby%20products,Defacto Baby Boy Regular Fit Crew Neck Pullover,EGP 499.00,,0%,,,
baby%20products,Defacto Baby Boy Regular Fit Crew Neck Cardigan,EGP 499.00,EGP 699.00,29%,,,5 out of 5(1)
baby%20products,5pcs Baby From 0 to 2 Years Socks Newborn Relax Bear Socks Boys Girls Outdoor Accessory Children Socks,EGP 162.00,EGP 220.00,26%,,,
baby%20products,Zecotex Winter New Collection Pajama Set 5028,EGP 969.00,"EGP 1,000.00",3%,,,
baby%20products,Defacto Baby Boy Striped Cardigan,EGP 899.00,,0%,,,
baby%20products,Defacto Baby Boy Regular Fit Color Block Pullover,EGP 699.00,,0%,,,
baby%20products,Defacto Baby Boy Regular Fit Crew Neck Pullover,EGP 699.00,,0%,,,
baby%20products,Hero Baby AR MILK 400 GM,EGP 433.00,EGP 593.00,27%,,,5 out of 5(1)
baby%20products,Loose Drop-in Fits All Sizes And Provides Optimal Coverage. Up To 120K,EGP 675.00,,0%,,,
baby%20products,Defacto Baby Girl Regular Fit Crew Neck Knit Pullover,EGP 499.00,,0%,,,
baby%20products,Solid Ted Marchel Girls' Skirt Short - Light Green,EGP 250.00,EGP 500.00,50%,,,
baby%20products,Hero Baby NUTRA SENSE HMO 2 MILK 400 GM,EGP 424.00,EGP 565.00,25%,,,
baby%20products,Yoland Baby Bodysuit (2 PCs) - Long Sleeve - 227 - T,EGP 145.00 - EGP 155.00,EGP 170.00 - EGP 180.00,15%,,,
baby%20products,Defacto Baby Girl Short Sleeve Short Sleeve Snap Body,EGP 249.00,EGP 499.00,50%,,,5 out of 5(3)
baby%20products,Defacto Baby Girl Crew Neck Heart Patterned Pullover,EGP 699.00,,0%,,,
baby%20products,Defacto Baby Boy Regular Fit Pullover,EGP 699.00,EGP 899.00,22%,,,
baby%20products,Defacto Baby Girl Regular Fit Crew Neck Pullover,EGP 699.00,,0%,,,
baby%20products,Defacto Baby Girl 2 piece Short Sleeve Snap Body,EGP 399.00,EGP 599.00,33%,,,
baby%20products,Defacto Baby Boy Crew Neck Printed Pullover,EGP 899.00,,0%,,,
baby%20products,Hero Baby NUTRA DEFENS 1 PLUS MILK 400 GM,EGP 389.00,EGP 517.00,25%,,,
baby%20products,"Rana Store Night Vision Driving Glasses Anti Glare HD Night Vision Glasses for Men Women Yellow Lens, Multicolor - by Rana Store",EGP 149.00,,0%,,,
baby%20products,Defacto Baby Boy Regular Fit Crew Neck Knit Pullover,EGP 499.00,,0%,,,
baby%20products,Yoland Baby Bodysuit (2 PCs) - Long Sleeve - 227 - B,EGP 155.00,EGP 180.00,14%,,,
baby%20products,"SHEIN 1pc Plus Size Vertical Stripe High Elasticity Fishnet Tights,",EGP 244.00,EGP 800.00,70%,,,
baby%20products,Defacto Baby Boy Regular Fit Crew Neck T-Shirt,EGP 299.00,EGP 399.00,25%,,,
baby%20products,Defacto Baby Girl Regular Fit Big Neck Pullover,EGP 699.00,,0%,,,
baby%20products,Waterproof Baby Bib with Baby bear Print for Girls – Pink & White Feeding Bib,EGP 85.11,EGP 100.00,15%,,,
baby%20products,"Universal Gyro Bowl, Leak-proof Food, Fun Magic Bowls for Toddlers, Leak-Proof, Rotatable, 360 Degree Rotation Cereal Bowl, Gyroscopic, Smooth Bowl (Green)",EGP 149.00,EGP 180.00,17%,,,
baby%20products,Bebe Sunglasses Glasses,EGP 149.00,EGP 200.00,26%,,,
baby%20products,Silicone Baby Feeding Set - 6 Pieces,EGP 465.00,EGP 550.00,15%,,,
baby%20products,Defacto Baby Boy Regular Fit Crew Neck Knit Pullover,EGP 499.00,,0%,,,
baby%20products,Yoland Warm T-Shirt For Children - LIGHTLY PADDED FROM INSIDE - 2022 - GR,EGP 130.00 - EGP 140.00,EGP 195.00 - EGP 200.00,35%,,,
baby%20products,XIAOMI Polarized Square Sunglasses - GREY - BLACK (FRAME),"EGP 1,499.00","EGP 1,944.00",23%,,,
baby%20products,Oilcloth coloring apron,EGP 99.00,,0%,,,
baby%20products,Hero Baby DIGEST MILK 400 GM,EGP 411.00,EGP 547.00,25%,,,5 out of 5(1)
baby%20products,Defacto Baby Boy Buttoned Bear Printed Knitwear Cardigan,EGP 899.00,,0%,,,
baby%20products,Hero Baby LF MILK 400 GM,EGP 422.00,EGP 562.00,25%,,,
baby%20products,Hero Baby NUTRA DEFENS 3 PLUS MILK 400 GM,EGP 389.00,EGP 517.00,25%,,,5 out of 5(1)
baby%20products,Defacto Baby Boy Christmas Themed Regular Fit Pullover,EGP 899.00,,0%,,,
baby%20products,Defacto Baby Girl Crew Neck Flam Poplin Blouse,EGP 399.00,EGP 599.00,33%,,,5 out of 5(2)
baby%20products,Basic Newborn Baby Winter Rompers High Neck Long Sleeve Fleece Lined Infant Jumpsuit Warm Soft Baby Clothes for Cold Weather,EGP 195.00,EGP 300.00,35%,,,
baby%20products,Hero Baby NUTRA SENSE HMO 1 MILK 400 GM,EGP 424.00,EGP 565.00,25%,,,5 out of 5(3)
baby%20products,Defacto Baby Girl Shirt Collar Short Sleeve Shirt,EGP 349.00,EGP 599.00,42%,,,
baby%20products,Defacto Baby Girl Regular Fit Crew Neck Knit Pullover,EGP 699.00,EGP 899.00,22%,,,
baby%20products,Defacto Baby Boy Regular Fit Striped Pullover,EGP 699.00,,0%,,,
baby%20products,Yoland Baby Bodysuit (2 PCs) - Long Sleeve - 227 - P,EGP 140.00 - EGP 155.00,EGP 165.00 - EGP 180.00,15%,,,
baby%20products,Hero Baby Prune Puree 125 Gm / Jar,EGP 75.00,EGP 84.00,11%,,,
baby%20products,Yoland Baby Bodysuit (2 PCs) - Half Sleeve - 226 - B,EGP 125.00 - EGP 135.00,EGP 170.00 - EGP 180.00,26%,,,
baby%20products,Defacto Baby Boy Regular Fit Striped Crew Neck Pullover,EGP 699.00,,0%,,,
baby%20products,Defacto Baby Boy Regular Fit Crew Neck Cardigan,EGP 499.00,EGP 699.00,29%,,,
baby%20products,Hero Baby Infant Formula Milk 1,EGP 329.00,EGP 366.00,10%,,,5 out of 5(1)
baby%20products,"SHEIN 1set/4pcs Elegant And Sweet Bow Knot Full Rhinestone Earring, Necklace, Ring Set Valentines",EGP 399.00,EGP 800.00,50%,,,3 out of 5(1)
baby%20products,Defacto Baby Girl Regular Fit Crew Neck Knit Pullover,EGP 699.00,,0%,,,
baby%20products,Nestle cerelac 3 fruits & wheat with milk + iron from 6 months 250 gm,EGP 151.43,EGP 174.06,13%,,,
baby%20products,Defacto Baby Boy Crew Neck Bear Print Pullover,EGP 699.00,,0%,,,
baby%20products,Defacto Baby Boy 2 Piece Sweatpants,EGP 399.00,EGP 799.00,50%,,,5 out of 5(1)
baby%20products,Pediasure Complete Vanilla Flavored Food Supplement For Children 400g,EGP 449.00,,0%,,,5 out of 5(1)
baby%20products,Bebe Sunglasses Kid'S Sunglasses,EGP 149.00,EGP 200.00,26%,,,
baby%20products,Defacto Baby Girl Regular Fit Crew Neck Knit Pullover,EGP 599.00,,0%,,,
baby%20products,Hero BABY FOOD PRUNES PUREE + 6M 125 GM,EGP 67.14,EGP 77.17,13%,,,
baby%20products,Hero BABY FOOD BANANA & MANDARIN & PEAR +6M 125 GM,EGP 67.14,EGP 77.17,13%,,,
baby%20products,Detachable Adjustable Baby Silicone Waterproof Food Bibs Shapes,EGP 124.00,EGP 199.00,38%,,,
baby%20products,Silicone Baby Feeding Set - 6 Pieces,EGP 450.00,EGP 650.00,31%,,,
baby%20products,Baby Silicone Feeding Set – BPA Free & Easy to Clean,EGP 680.00,,0%,,,
baby%20products,Defacto Baby Girl Regular Fit Crew Neck Pullover,EGP 899.00,,0%,,,
baby%20products,"Silicone moisturizing socks from , ultra-soft moisturizing socks with high-quality moisturizing gel, gel syrups help repair dry, cracked skin",EGP 120.00,,0%,,,3.8 out of 5(9)
baby%20products,Defacto Baby Girl Regular Fit Crew Neck Pullover,EGP 899.00,,0%,,,
baby%20products,Hero Baby WHEAT AND MILK CEREAL 150 GM,EGP 123.00,EGP 225.00,45%,,,
baby%20products,Defacto Baby Boy Regular Fit Pullover,EGP 899.00,,0%,,,
baby%20products,set Bear hat - and Carry Bag Kids' Beach Bucket,EGP 283.50,EGP 315.00,10%,,,
baby%20products,"Pure stainless steel choker ,it doesn’t rust or change color",EGP 100.00,EGP 150.00,33%,,,
baby%20products,6PCS Big Hair Bows Clips for Woman Long Tail Soft Ribbon Silky Satin Bows Barrettes Hair Clips for Woman Hair Accessories (6 Color),EGP 455.00,,0%,,,
baby%20products,General Elegant red babydoll made of lace and soft silk - sexy and comfortable design,EGP 453.00,EGP 799.00,43%,,,
baby%20products,for girls,EGP 450.00 - EGP 700.00,EGP 700.00,36%,,,
baby%20products,Defacto Baby Boy Buttons Knit Cardigan,EGP 999.00,,0%,,,
baby%20products,Nestle cerelac wheat &honey with milk+iron from 12 months 125 GM,EGP 95.71,EGP 110.01,13%,,,
baby%20products,Defacto Baby Girl Regular Fit Crew Neck Pullover,EGP 899.00,,0%,,,
baby%20products,"Winter pajamas for girls, Milton",EGP 180.00,EGP 290.00,38%,,,
baby%20products,"A stunning hand chain with a gorgeous palm design made of pure stainless steel , doesn’t rust or change color",EGP 150.00,EGP 200.00,25%,,,
baby%20products,Defacto Baby Girl Regular Fit Crew Neck Pullover,EGP 899.00,,0%,,,
baby%20products,"BSVI Christmas Hat for Kids,Santa Hat Xmas Hat Velvet Comfort Extra Thicken Classic Fur Holiday Hat For Boys and Girls Christmas New Year Party Supplies",EGP 179.00,,0%,,,
baby%20products,Danone BEBELAC  PRE MILK FOR PREMATURE BABIES FROM BIRTH 400 GM,EGP 524.29,EGP 602.63,13%,,,
baby%20products,Defacto Baby Girl Regular Fit Crew Neck Knit Pullover,EGP 664.00,EGP 799.00,17%,,,
baby%20products,Yoland Baby Boys Pajama Set - 1401-- R,EGP 260.00,EGP 390.00,33%,,,
baby%20products,"Set Of 2 Hair Bows For Women Silky Satin - Large Elegant Hair Clips For Women And Girls, Black And White",EGP 225.00,,0%,,,
baby%20products,Defacto Baby Boy Crew Neck Printed Pullover,EGP 899.00,,0%,,,
baby%20products,Yoland Baby Bodysuit (2 PCs) - Half Sleeve - 226 - T,EGP 120.00 - EGP 135.00,EGP 165.00 - EGP 180.00,27%,,,
baby%20products,"Pure stainless steel necklace ,it doesn’t rust or change color",EGP 170.00,EGP 200.00,15%,,,
baby%20products,Defacto Baby Boy Regular Fit Striped Pullover,EGP 699.00,,0%,,,
baby%20products,SHEIN 1 Piece Sun Glasses New Retro High-End Square Double-Beam Fashion Glasses For Women Personality,EGP 320.00,EGP 500.00,36%,,,3 out of 5(2)
baby%20products,"kissun 4 PCS Cute Cartoon Long Sleeve Baby Bibs for 6-36 Months Unisex Waterproof Feeding Bibs for Infant Child Toddler Bibs with Sleeves, Strawberry/Giraffe/Beetle/Bird, One Size",EGP 260.00,,0%,,,
baby%20products,Maya Accessories Big Hair Clip Set of (2PCS) High Quality Assorted Color BHC2,EGP 225.00,EGP 500.00,55%,,,
baby%20products,"Pure stainless steel necklace ,it doesn’t rust or change color",EGP 170.00,EGP 200.00,15%,,,
baby%20products,Defacto Baby Boy Regular Fit Plush Vest,EGP 799.00,,0%,,,
baby%20products,Feeding Set for Babies,EGP 550.00,EGP 699.00,21%,,,5 out of 5(1)
baby%20products,Embrator socket socks boys printed pack of 3.,EGP 133.50,,0%,,,
baby%20products,Cotton Dress White with Candy Print – Kids Summer Dress High Quality – Sizes 2 to 10 Years,EGP 300.00,,0%,,,
baby%20products,One-shoulder Girls' Top,EGP 150.00 - EGP 180.00,EGP 250.00 - EGP 270.00,40%,,,4 out of 5(1)
baby%20products,Scalp Hair Massager + Hair Care Set Heatless Curls Heatless Curling Rod Headband No Heat Hair Curler Hair Rollers for Long and Medium Hair 4 Piece Heatless Curler for Natural Hair (Random Colors),EGP 450.00,EGP 650.00,31%,,,
baby%20products,Bubbles Fruit Juicer,EGP 113.00,EGP 195.00,42%,,,
baby%20products,"Dadoush Women's two-piece velvet pajama set, modern and comfortable design - two-piece women's winter pajama set including a top and pants for a stylish and distinctive look","EGP 1,438.00",,0%,,,
baby%20products,Hero Baby Hero Baby' Nutrasense Stage 1,EGP 455.00,,0%,,,
baby%20products,Yoland Baby Boys Pajama Set - 1408 -- Y,EGP 260.00,EGP 390.00,33%,,,
baby%20products,Rana Store 2 Pack Night Vision Driving Glasses Over Eyeglasses - Unisex Protective Anti-Glare Driver Sunglasses Black Yellow,EGP 149.00,,0%,,,
baby%20products,Yoland Baby Boys Pajama Set - 1402-- GR,EGP 260.00,EGP 390.00,33%,,,
baby%20products,"Heatless Curling Rod Headband for Long Hair, No Heat Hair Curler Rollers Set",EGP 315.00,EGP 500.00,37%,,,
baby%20products,Defacto Baby Girl Regular Fit Big Neck Pullover,EGP 899.00,,0%,,,
baby%20products,"TIK Tok Heatless Hair Curlers for Long Hair, Overnight Use, Soft Foam Rollers",EGP 315.00,EGP 500.00,37%,,,
baby%20products,Hero Baby  3 Nutradefnse plus MILK 400G,EGP 389.00,EGP 420.00,7%,,,
baby%20products,Silicone Baby Feeding Set - 6 Pieces,EGP 465.00,EGP 550.00,15%,,,
baby%20products,"This dress embodies pure glamour and modern elegance. This short dress is expertly designed to accentuate the figure with a daring halter neckline and a deep neckline, adding a touch of sophisticated seduction.",EGP 299.00,EGP 499.00,40%,,,
baby%20products,The Hair Addict Tobacco Nights Hair Perfume – 50ml,EGP 199.00,,0%,,,
baby%20products,Baby Feeding Set - 6 Pieces,EGP 700.00,,0%,,,
baby%20products,"Winter pajamas for girls, Milton",EGP 180.00,EGP 290.00,38%,,,
baby%20products,Defacto Baby Girl Regular Fit Crew Neck Pullover,EGP 699.00,,0%,,,
baby%20products,Defacto Baby Girl Non-Slip Sole 2 Piece Cotton Long Socks,EGP 249.00,,0%,,,
baby%20products,set Panda hat  Kids' Beach Bucket and  Carry Bag,EGP 283.50,EGP 315.00,10%,,,
baby%20products,Jacket,EGP 950.00,"EGP 1,500.00",37%,,,
baby%20products,Yoland  Baby Girls Pajama Set - 1320 - F,EGP 260.00,EGP 450.00,42%,,,
baby%20products,Defacto Baby Girl Regular Fit Crew Neck Pullover,EGP 999.00,,0%,,,
baby%20products,Yoland Baby Bodysuit (2 PCs) - Half Sleeve - 226 - W,EGP 125.00 - EGP 135.00,EGP 170.00 - EGP 180.00,26%,,,
baby%20products,y Silver Leather Shoes For Kids,EGP 400.00,EGP 800.00,50%,,,
baby%20products,"Waterproof Baby Bib – Easy to Clean, Comfortable & Lightweight 2 pcs Color May Vary",EGP 179.00,,0%,,,
baby%20products,"Dadoush Women's winter velour pajama set, two pieces, comfortable for sleeping and lounging at home - Women's winter velvet pajamas, casual women's pajamas made from durable and beautiful fabric","EGP 1,494.00",,0%,,,
baby%20products,Danone BEBELAC EC MILK FOR DIGESTIVE DISCOMFORT 400 GM,EGP 495.71,EGP 569.78,13%,,,
baby%20products,Yoland  Baby Girls Pajama Set - 1320 - P,EGP 260.00,EGP 450.00,42%,,,
baby%20products,Big Bow Barrettes Long Tail French Ribbon Hair Pins Soft Silky Satin Hair Clip Metal Bowknot Clips 90's Accessories For Party Women Girl,EGP 135.00,,0%,,,5 out of 5(1)
baby%20products,"kids baby bib spill stopper bendable blue, blue",EGP 95.00,,0%,,,
baby%20products,Defacto Baby Boy Regular Fit Pullover,EGP 899.00,,0%,,,
baby%20products,"RNA STORE Anti-Reflective Night Driving Sunglasses Unisex Night Driving Glasses Night Vision Polarized Anti-Glare HD Night Vision Glasses for Men Women Yellow Lens, Multicolor",EGP 149.00,,0%,,,
baby%20products,Defacto Baby Girl Regular Fit Crew Neck Pullover,EGP 899.00,,0%,,,
baby%20products,Yoland Warm T-Shirt For Children - LIGHTLY PADDED FROM INSIDE - 201 - GR,EGP 105.00 - EGP 115.00,EGP 195.00 - EGP 200.00,46%,,,
baby%20products,Anti Reflective Night Driving Sunglasses Unisex Night Driving Glasses Overview Polarized Anti Glare HD Night Vision Glasses for Men Women Yellow Lens - by Rana Store,EGP 149.00,,0%,,,
baby%20products,Baby Feeding Set - 6 Pieces,EGP 650.00,EGP 700.00,7%,,,
baby%20products,Mora Lumpy Kids Blanket - Model: P92 - Size: 80*110.,"EGP 1,250.00",,0%,,,
baby%20products,Defacto Baby Boy Crew Neck Knit Pullover,EGP 699.00,,0%,,,
baby%20products,Nutricia INFATRINI POWDER PROMOTES CATCH UP GROWTH IN INFANTS 400 GM,EGP 850.00,,0%,,,
baby%20products,"Pure stainless steel necklace ,it doesn’t rust or change color",EGP 200.00,EGP 250.00,20%,,,
baby%20products,Pandora 562960C01 Women's Bracelet The Avengers Infinity Stones Gold,"EGP 4,899.00","EGP 6,200.00",21%,,,
baby%20products,S26 GOLD STAGE 3 900 GM,"EGP 1,095.71","EGP 1,259.44",13%,,,
baby%20products,Carlos Youth Flat Slippers For Summer,EGP 349.00,EGP 490.00,29%,,,
baby%20products,Waterproof Baby Bib with Cute Elephant Print for Boys – Blue & White Feeding Bib,EGP 100.00,,0%,,,
baby%20products,Nestle Nutritionally balanced diet for children 1-10 years. for prevention and management of malnutrition growth failure.,EGP 349.00,,0%,,,
baby%20products,Yeelan 3pcs Baby Bibs with Sleeves Waterproof Long Sleeved Bib Unisex EVA Babies Apron for Infant/Nursling/Kids/Toddler Feeding Playing Painting,EGP 250.00,,0%,,,
baby%20products,Yoland  Baby Girls Pajama Set - 1320 - Y,EGP 260.00,EGP 450.00,42%,,,
baby%20products,Hero Baby Hero Baby' AR 400gm,EGP 440.00,,0%,,,
baby%20products,Yoland Baby Girls Pajama Set - 1303 - K,EGP 260.00,EGP 390.00,33%,,,
baby%20products,Pampers Splashers Disposable Swim Pants Size 3-4,EGP 799.00,EGP 950.00,16%,,,
baby%20products,Dadoush Women's winter two-piece pajamas for a comfortable and distinctive home style,"EGP 1,438.00",,0%,,,
baby%20products,Silicone Baby Feeding Set - 6 Pieces,EGP 465.00,EGP 550.00,15%,,,
baby%20products,Silicone Baby Feeding Set - 6 Pieces,EGP 465.00,EGP 600.00,23%,,,
baby%20products,Hero Baby F E H  MILK 400 GM,EGP 734.00,EGP 999.00,27%,,,
baby%20products,Yoland Baby Girls Pajama Set - 1302 - T,EGP 260.00 - EGP 270.00,EGP 390.00 - EGP 420.00,36%,,,
baby%20products,Bebe Sunglasses Galsses,EGP 149.00,EGP 200.00,26%,,,
baby%20products,Yoland Baby Girls Pajama Set - 1301 - K,EGP 260.00,EGP 390.00,33%,,,
baby%20products,Huggies Little Swimmers Little Swimmers Swim Diapers – Size 2-3 (3-8kg),EGP 870.00,,0%,,,
baby%20products,"A stunning hand chain with a gorgeous palm design made of pure stainless steel , doesn’t rust or change color",EGP 150.00,EGP 200.00,25%,,,
baby%20products,Babybee Handmade Wool Hat With Small Ears - Grey,EGP 350.00,,0%,,,5 out of 5(1)
baby%20products,Dadoush Women's winter two-piece pajamas for a comfortable and distinctive home style,"EGP 1,438.00",,0%,,,
baby%20products,Yoland Baby Girls Pajama Set - 1304 - Y,EGP 260.00,EGP 390.00,33%,,,
baby%20products,Yoland Baby Boys Pajama Set - 1405 -- BJ,EGP 260.00,EGP 390.00,33%,,,
baby%20products,Yoland Baby Girls Pajama Set - 1301 - P,EGP 260.00 - EGP 270.00,EGP 390.00 - EGP 420.00,36%,,,
baby%20products,Defacto Baby Boy Crew Neck Printed Pullover,EGP 899.00,,0%,,,
baby%20products,Hero BABY FOOD MIXED FRUITS WITH CEREALS +6 125 GM,EGP 67.14,EGP 77.17,13%,,,
baby%20products,Yoland Baby Girls Pajama Set - 1307 - M,EGP 260.00,EGP 390.00,33%,,,
baby%20products,Yoland Baby Girls Pajama Set - 1301 - Y,EGP 260.00,EGP 390.00,33%,,,
baby%20products,"Pampers Splashers Swim Diapers, Size 5-6 (14+ Kg) - 10 Pack",EGP 799.00,EGP 860.00,7%,,,
baby%20products,velvet junket for girls,EGP 330.00,,0%,,,
baby%20products,Bebe Sunglasses Glasses,EGP 200.00,,0%,,,
baby%20products,Smart Sunglasses - Wireless Bluetooth + Microphone + Speakers - Listen to Music and Make Call While Driving - Polarized Lens - Black,"EGP 2,000.00",,0%,,,
baby%20products,Yoland Baby Girls Pajama Set - 1302 - P,EGP 260.00,EGP 390.00,33%,,,
baby%20products,Carlos Youth Flat Slippers For Summer,EGP 349.00,EGP 490.00,29%,,,
baby%20products,"Trendy rings with a stunning modern design , made from pure stainless steel that never rusts or fades",EGP 60.00,EGP 100.00,40%,,,
baby%20products,Yoland Baby Girls Pajama Set - 1302 - Y,EGP 260.00,EGP 390.00,33%,,,
baby%20products,Feeding Set for Babies,EGP 550.00,EGP 699.00,21%,,,
baby%20products,Pampers Splashers Disposable Swim Pants Size 3-4,EGP 795.00,"EGP 1,060.00",25%,,,
baby%20products,Defacto Baby Boy Crew Neck Long Sleeve T-Shirt,EGP 399.00,EGP 599.00,33%,,,
baby%20products,"Pure stainless steel necklace ,it doesn’t rust or change color",EGP 170.00,EGP 200.00,15%,,,
baby%20products,Mora Lumpy Kids Blanket - Model: N54 - Size: 80*110.,"EGP 1,250.00",,0%,,,
baby%20products,and Comfortable Swimming Cap for Hair Protection,EGP 99.99,EGP 150.00,33%,,,
baby%20products,Yoland Baby Girls Pajama Set - 1305 - Y,EGP 260.00,EGP 390.00,33%,,,
baby%20products,Baby Silicone Feeding Set – BPA Free & Easy to Clean,EGP 569.11,EGP 680.00,16%,,,
baby%20products,Defacto Baby Boy Regular Fit Pullover,EGP 999.00,,0%,,,
baby%20products,Defacto Baby Boy Regular Fit Elastic Band Shorts,EGP 399.00,EGP 599.00,33%,,,
baby%20products,"Trendy rings with a stunning modern design , made from pure stainless steel that never rusts or fades",EGP 60.00,EGP 100.00,40%,,,
baby%20products,La Frutta SILICONE BABY BIB YELLOW 22672,EGP 267.14,EGP 307.06,13%,,,
baby%20products,Defacto Baby Boy Regular Fit Stripped Knit Cardigan,EGP 899.00,,0%,,,
baby%20products,Yoland  Baby Girls Pajama Set - 1320 - K,EGP 260.00 - EGP 280.00,EGP 450.00 - EGP 470.00,42%,,,
baby%20products,2 Pack HD Anti Glare Sunglasses - Polarized Lens Black Yellow Colorful Night Driving Glasses - by Rana Store,EGP 149.00,,0%,,,
baby%20products,"Dadoush Women's Luxury Two-Piece Velvet Pajama Set with Full-Zip Hood - Women's Casual Winter Tracksuit, Multiple Sizes Available - Women's Winter Velvet Pajamas","EGP 1,625.00",,0%,,,
baby%20products,100% cotton bodysuit with distinctive letter shapes from newborn to 18-24 months old for children (Y) from 12kg,EGP 200.00,EGP 225.00,11%,,,
baby%20products,Yoland Baby Girls Pajama Set - 1308 - T,EGP 260.00,EGP 390.00,33%,,,
baby%20products,Yoland Baby Bodysuit (2 PCs) - Half Sleeve - 226 - P,EGP 135.00,EGP 180.00,25%,,,
baby%20products,"Pure stainless steel necklace ,it doesn’t rust or change color",EGP 200.00,EGP 250.00,20%,,,
baby%20products,"A stunning hand chain with a gorgeous palm design made of pure stainless steel , doesn’t rust or change color",EGP 150.00,EGP 200.00,25%,,,
baby%20products,4PCS/Set Portable Heatless Pink Curling Rod Headband Sleeping Hair Roller Wave No Heat Silk Hair Curler Rubber Lining (may vary color),EGP 315.00,EGP 500.00,37%,,,
baby%20products,"Trendy rings with a stunning modern design , made from pure stainless steel that never rusts or fades",EGP 60.00,EGP 100.00,40%,,,
baby%20products,Pampers Splashers Disposable Swim Pants Size 4-5,EGP 795.00,"EGP 1,060.00",25%,,,
baby%20products,"Heatless Curling Rod Headband for Medium and Long Hair, Sleeping Curls Silk Ribbon Hair Rollers with Hair Clip and Hair Ties for DIY Hair Styling 1PC (RANDOM COLOR)",EGP 315.00,EGP 500.00,37%,,,
baby%20products,Pampers Splashers Disposable Swim Pants Size 4-5,EGP 799.00,EGP 900.00,11%,,,
baby%20products,La Frutta SILICONE BABY BIB RED 22672,EGP 267.14,EGP 307.06,13%,,,
baby%20products,bouniet with cap for summer - cap hijab,EGP 198.00,EGP 320.00,38%,,,
baby%20products,Yoland Baby Girls Pajama Set - 1305 - F,EGP 260.00,EGP 390.00,33%,,,
baby%20products,Large Pack Colorful Mini Hair Elastics - 50pc,EGP 135.00,EGP 250.00,46%,,,
baby%20products,"TIK Tok Heatless Hair Curlers for Long Hair - Heatless Curling Rod Headband, No Heat Curlers You Can Sleep in Overnight, Soft Foam Hair Rollers for Natural Hair (1PC) - Random Color",EGP 315.00,EGP 500.00,37%,,,
baby%20products,"Dadoush Women's two-piece velvet pajama set, modern and comfortable design - two-piece women's winter pajama set including a top and pants for a stylish and distinctive look","EGP 1,438.00",,0%,,,
baby%20products,Huggies  Little Swimmers Swim Nappies 7-12kg (Pack of 12),EGP 749.00,EGP 800.00,6%,,,
baby%20products,Defacto Regular Fit Cardigan,EGP 999.00,,0%,,,
baby%20products,Yoland Baby Girls Pajama Set - 1303 - T,EGP 260.00 - EGP 270.00,EGP 390.00 - EGP 420.00,36%,,,
baby%20products,"Pure stainless steel necklace ,it doesn’t rust or change color",EGP 200.00,EGP 250.00,20%,,,
baby%20products,mushie Silicone Fresh Food Feeder 2-Pack Blush,"EGP 1,421.00",,0%,,,
baby%20products,Yoland Baby Girls Pajama Set - 1308 - M,EGP 260.00,EGP 390.00,33%,,,
baby%20products,"Trendy rings with a stunning modern design , made from pure stainless steel that never rusts or fades",EGP 60.00,EGP 100.00,40%,,,
baby%20products,"Dadoush Women's luxury velvet pajama set, floral print hoodie and pants, navy and black","EGP 1,869.00",,0%,,,
baby%20products,"Women's Nightgowns, Sexy Nightgowns, Backless Spaghetti Strap Nightgown, One Size Fits All",EGP 323.00,EGP 499.00,35%,,,
baby%20products,"A Black Cotton One-shoulder Top, Soft And Comfortable, Perfect For Summer Days.",EGP 311.00,EGP 800.00,61%,,,5 out of 5(1)
baby%20products,Huggies Little Swimmers Little Swimmers Swim Diapers – Size 5-6 (12-18kg),EGP 850.00,,0%,,,
baby%20products,"Heatless Hair Curlers – No Heat Satin Curling Rod Headband Set for Long Hair to Sleep In with Hair Clip and Scrunchies, Overnight Soft Lazy Curly Hair Accessories for Women Natural Curly Hair 1PC (RANDOM COLOR)",EGP 315.00,EGP 500.00,37%,,,
baby%20products,"Dadoush Women's winter pajama set, made of soft fleece, two pieces - winter pajamas for women to enjoy the winter weather - two-piece pajama set consisting of a long-sleeved top and pants for women","EGP 1,494.00",,0%,,,
baby%20products,"A stunning hand chain with a gorgeous palm design made of pure stainless steel , doesn’t rust or change color",EGP 150.00,EGP 200.00,25%,,,
baby%20products,"Long Sleeve Dress from Waqry Brand, Black",EGP 550.00,,0%,,,
baby%20products,Maya Accessories Heatless Hair Curler - Curling Rods for Comfortable Overnight Styling,EGP 315.00,EGP 500.00,37%,,,
baby%20products,Elegant black short evening dress with lace waist and elegant details,EGP 359.00,EGP 786.00,54%,,,
baby%20products,Pampers Splashers Swim Pants – Size 5–6,EGP 950.00,,0%,,,
baby%20products,Scalp Hair Massager + Hair Care Set with Heatless Curls and Curling Rods,EGP 450.00,EGP 650.00,31%,,,
baby%20products,Pajama for Girls,EGP 414.00 - EGP 450.00,EGP 550.00,25%,,,
baby%20products,SQAP Women's Long Sleeve Fur Jacket - Black - Women,EGP 999.00,"EGP 1,700.00",41%,,,
baby%20products,Accesories,EGP 250.00,EGP 350.00,29%,,,
baby%20products,Defacto Baby Boy Crew Neck Striped Pique Long Sleeve T-Shirt,EGP 599.00,,0%,,,
baby%20products,"Heatless Hair Curlers – No Heat Satin Curling Rod Headband Set for Long Hair to Sleep In with Hair Clip and Scrunchies, Overnight Soft Lazy Curly Hair Accessories for Women Natural Curly Hair 1PC (RANDOM COLOR)",EGP 315.00,EGP 500.00,37%,,,
baby%20products,Yoland Baby Girl Pajamas Set - 112-PU,EGP 265.00 - EGP 270.00,EGP 620.00 - EGP 625.00,57%,,,
baby%20products,Hero Baby Hero Baby' Nutrasense Stage 2,EGP 455.00,,0%,,,
baby%20products,Yoland Baby Girl Pajamas Set - 105-R,EGP 265.00 - EGP 270.00,EGP 620.00 - EGP 625.00,57%,,,
baby%20products,Mini Hair Bands Thin Tiny Elastics Hair Ties for Kids - 50PC Assorted Rainbow Colors,EGP 135.00,EGP 250.00,46%,,,
baby%20products,Yoland Baby Girl Pajamas Set - 109-R,EGP 265.00 - EGP 270.00,EGP 620.00 - EGP 625.00,57%,,,
baby%20products,"Dadoush Women's winter cotton pajama set, multi-colored with lace trim, comfortable for sleeping - Women's winter pajamas - Cotton winter pajama set for women","EGP 1,438.00",,0%,,,
baby%20products,Defacto Baby Girl Regular Fit Thick Fabric Sweatpants,EGP 499.00,EGP 699.00,29%,,,
baby%20products,Solid Ted Marchel Girls' Skirt Short - Light Blue,EGP 250.00,EGP 500.00,50%,,,
baby%20products,Baby Feeding Set - 6 Pieces,EGP 650.00,EGP 700.00,7%,,,
baby%20products,Yoland Baby Girl Pajamas Set - 112-K,EGP 210.00 - EGP 275.00,EGP 620.00 - EGP 630.00,66%,,,
baby%20products,"Fg My children's socks set for girls and boys, 5 pairs with 1 gift, from 4 to 10 years",EGP 145.00,,0%,,,
baby%20products,NACTALIA MILK STAGE 1 FROM 0-6 MONTH 400 GM.,EGP 352.86,EGP 405.59,13%,,,
baby%20products,"Dadoush Women's winter faux fur pajama set with floral embellishments, two-piece top and pants - Women's winter faux fur-lined pajama set - two-piece patterned pants and embroidered t-shirt","EGP 1,344.00 - EGP 1,500.00",,0%,,,
baby%20products,Sexy black transparent short nightwear,EGP 399.00,EGP 650.00,39%,,,
baby%20products,"Heatless Curling Rod Headband for Medium and Long Hair, Sleeping Curls Silk Ribbon Hair Rollers with Hair Clip and Hair Ties for DIY Hair Styling 1PC (RANDOM COLOR)",EGP 315.00,EGP 500.00,37%,,,
baby%20products,Nestle CERELAC 3 FRUITS & WHEAT WITH MILK + IRON FROM 6 MONTHS 500 GM,EGP 245.71,EGP 282.43,13%,,,
baby%20products,"Noon Reineh Christmas Swap Christmas Tree Light Up Christmas Stocking, Red and White, with Snowman, Reindeer and Snowflake Designs, 2 Pieces, for Home Decor",EGP 405.00,EGP 450.00,10%,,,
baby%20products,Pampers Splashers (3-4) 6-11 Kg Disposable Swim Pants 12 Diapers,EGP 810.00,,0%,,,
baby%20products,"Pampers Splashers, Size 5-6, 14+ kg, Carry Pack, 10 Swim Diapers",EGP 795.00,"EGP 1,060.00",25%,,,
baby%20products,Swim Diaper Waterproof Nappy Pool Cover Snap Cloth Blue for1214KG,"EGP 1,595.00",,0%,,,
baby%20products,"Heatless Hair Curlers – No Heat Satin Curling Rod Headband Set for Long Hair to Sleep In with Hair Clip and Scrunchies, Overnight Soft Lazy Curly Hair Accessories for Women Natural Curly Hair 1PC (RANDOM COLOR)",EGP 315.00,EGP 500.00,37%,,,
baby%20products,"Dadoush Women's winter cotton pajama set, multi-colored with lace trim, comfortable for sleeping - Women's winter pajamas - Cotton winter pajama set for women","EGP 1,438.00",,0%,,,
baby%20products,Yoland Baby Girls Pajama Set - 1306 - Y,EGP 260.00,EGP 390.00,33%,,,
baby%20products,"Dadoush Luxurious women's plush pajama set, comfortable and cozy design for sleeping - a distinctive two-piece women's pajama set that combines warmth and elegance.","EGP 1,600.00",,0%,,,
baby%20products,"Dadoush Women's winter velvet pajamas with a floral print, a women's loungewear set including a top and pants. These women's pajamas are made of soft velvet for the coldest winter days.","EGP 1,375.00",,0%,,,
baby%20products,Bamm Men’s Genuine Leather Slippers – Comfortable & Durable Summer Footwear – Casual Daily Wear,"EGP 1,200.00","EGP 1,600.00",25%,,,
baby%20products,2 Pack HD Anti Glare Sunglasses - Polarized Lens Black Yellow Colorful Night Driving Glasses,EGP 250.00,EGP 350.00,29%,,,
baby%20products,Dadoush Women's 3-piece velvet pajama set for extra warmth and style,"EGP 1,897.00",,0%,,,
baby%20products,Pampers Splashers Swim Pants – Size 3–4,EGP 870.00,,0%,,,
baby%20products,"Dadoush Women's Winter Fleece Pajamas, 2-Piece Comfort Home Set - Women's Winter Pajama Set","EGP 1,494.00",,0%,,,
baby%20products,Bamm Men’s Genuine Leather Slippers – Comfortable & Durable Summer Footwear – Casual Daily Wear,"EGP 1,200.00","EGP 1,600.00",25%,,,
baby%20products,"Dadoush Women's winter cotton pajama set, multi-colored with lace trim, comfortable for sleeping - Women's winter pajamas - Cotton winter pajama set for women","EGP 1,438.00",,0%,,,
baby%20products,Maya Accessories Mini Hair Clip for Girls and Women Assorted Color (10PCS) MHCC6,EGP 315.00,EGP 500.00,37%,,,
baby%20products,Yoland Baby Girls Pajama Set - 1308 - K,EGP 270.00,EGP 420.00,36%,,,5 out of 5(1)
baby%20products,Yoland Baby Girls Pajama Set - 1304 - T,EGP 260.00,EGP 390.00,33%,,,
baby%20products,set of 2 pieces for girls,EGP 425.00,,0%,,,
baby%20products,2-piece set of children's water bibs with sleeves - blue,EGP 135.00,EGP 150.00,10%,,,
baby%20products,Maya Accessories Fashion Spiral Hair Ties for Women and Men 5PCS (Black),EGP 225.00,EGP 250.00,10%,,,
baby%20products,Yoland Baby Girls Pajama Set - 1307 - K,EGP 270.00,EGP 420.00,36%,,,
baby%20products,Baby Swim Diaper Reusable Absorbent Washable Nappies Blue for612KG,EGP 700.15,"EGP 1,395.90",50%,,,
baby%20products,jano Yellow Linen Two-Piece Set for Women,EGP 795.00,,0%,,,
baby%20products,Yoland Baby Girls Pajama Set - 1307 - P,EGP 260.00,EGP 390.00,33%,,,
baby%20products,y Pink Leather Shoes For Kids,EGP 400.00,EGP 800.00,50%,,,
baby%20products,Dadoush Women's winter two-piece pajamas for a comfortable and distinctive home style,"EGP 1,438.00",,0%,,,
baby%20products,Kid'S Sunglasses Glasses,EGP 149.00,EGP 200.00,26%,,,
baby%20products,Yoland Baby Girls Pajama Set - 1305 - M,EGP 260.00,EGP 390.00,33%,,,
baby%20products,Baby Swim Diaper Reusable Absorbent Washable Yellow for612KG,EGP 700.15,"EGP 1,395.90",50%,,,
baby%20products,Carlos Youth Flat Slippers For Summer,EGP 349.00,EGP 490.00,29%,,,
baby%20products,Huggies Little Swimmers Swim Diapers – Disposable Baby Swim Pants,EGP 850.00,,0%,,,
baby%20products,Aranmi Women's One Size Bra and Panty 2-Piece Lingerie Set,EGP 362.00,EGP 690.00,48%,,,
baby%20products,Sexy red lace and mesh babydoll - trendy and attractive halter design,EGP 344.00,EGP 499.00,31%,,,
baby%20products,Yoland Baby Girl Pajamas Set - 110-- P,EGP 210.00,EGP 625.00,66%,,,3 out of 5(1)
baby%20products,"100% cotton bodysuit with distinctive letter shapes from newborn to one month old for children (Y), unisex from 2 kg - 4 kg",EGP 200.00,EGP 225.00,11%,,,
baby%20products,Bamm Bamm Men’s Genuine Leather Slippers – Comfortable & Durable Summer Footwear – Casual Daily Wear,"EGP 1,200.00","EGP 1,600.00",25%,,,
baby%20products,Dadoush Women's winter two-piece pajamas for a comfortable and distinctive home style,"EGP 1,438.00",,0%,,,
baby%20products,Handmade sock made of soft Turkish wool yarn - to warm the feet in the fall and winter atmosphere - made with crochet needles - a unique piece for lovers of distinction - for adults of both sexes,EGP 199.00,,0%,,,
baby%20products,Bamm Men’s Genuine Leather Slippers – Comfortable & Durable Summer Footwear – Casual Daily Wear,"EGP 1,200.00","EGP 1,600.00",25%,,,
baby%20products,100% cotton bodysuit with distinctive letter shapes from newborn to 9 months old for children (T) from 8kg - 9kg,EGP 200.00,EGP 225.00,11%,,,
baby%20products,Yoland Baby Girl Pajamas Set - 107-P,EGP 200.00,EGP 620.00,68%,,,5 out of 5(1)
baby%20products,Swim Diaper Nappy Pants Reusable Adjustable Infant Baby Boy Tortoise,"EGP 1,595.00",,0%,,,
baby%20products,"Pure stainless steel necklace ,it doesn’t rust or change color",EGP 170.00,EGP 200.00,15%,,,
baby%20products,Huggies Swim Diapers 14+ kg,EGP 980.00,"EGP 1,306.00",25%,,,
baby%20products,Yoland Baby Girls Pajama Set - 1301 - M,EGP 260.00,EGP 390.00,33%,,,
baby%20products,La Frutta PLASTIC BABY BIB GREEN-22675,EGP 138.57,EGP 159.28,13%,,,
baby%20products,Yoland BABY Boys Romper - 165 - MG,EGP 230.00,EGP 399.00 - EGP 410.00,44%,,,
baby%20products,100% cotton bodysuit with distinctive letter shapes from newborn to 18 months old for children (X) from 11kg,EGP 200.00,EGP 225.00,11%,,,
baby%20products,"Trendy rings with a stunning modern design , made from pure stainless steel that never rusts or fades",EGP 60.00,EGP 100.00,40%,,,
baby%20products,Yoland Baby Girls Pajama Set - 1302 - M,EGP 260.00,EGP 390.00,33%,,,
baby%20products,Baby Soft Gauze Drool Bibs with Snaps Saliva Towels Adjustable Feeding Bibs Burp Cloth Set for Babies and Baby Accessories,EGP 310.36,,0%,,,
baby%20products,Baby Swim Diaper Reusable Absorbent Washable Rose Red for510KG,EGP 700.15,"EGP 1,395.90",50%,,,
baby%20products,Pampers Splashers (4-5) 9-15kg Disposable Swim Pants 11 Diapers,EGP 770.00,,0%,,,
baby%20products,"Snap Clip Simple Plain Basic Bendy Hair Slides Kids Girls Fine Thin Hair (Mini, Black) (12PC)",EGP 135.00,EGP 150.00,10%,,,
baby%20products,Waterproof Foldable Baby Drool Bib for Feeding Baby Boys/Girls (6-72 months) with Adjustable Neck & Food Catcher Pocket,EGP 199.00,EGP 229.00,13%,,,5 out of 5(1)
baby%20products,Yoland Baby Girls Pajama Set - 1303 - P,EGP 260.00,EGP 390.00,33%,,,
baby%20products,"Salon Combs Set of 10 Anti-Static Hair Styling Combs + 4 Hair Clips for Salons, Hairdressers, Barbers",EGP 299.00,"EGP 1,500.00",80%,,,
baby%20products,Defacto Baby Boy Regular Fit Crew Neck Slogan Printed T-Shirt,EGP 349.00,,0%,,,
baby%20products,Heatless Hair Curler Silk Hair Roller Waves Curling Rod Headband Scrunchie Set 100% Mulberry Silk Heatless Curls (may vary color),EGP 315.00,EGP 500.00,37%,,,
baby%20products,Dm Babylove Swimming Diapers Small 4-9 kg Pack of 12,EGP 680.00,,0%,,,
baby%20products,"Pure stainless steel necklace ,it doesn’t rust or change color",EGP 170.00,EGP 200.00,15%,,,
baby%20products,Yoland Baby Girl Pajamas Set - 104-P,EGP 265.00,EGP 620.00,57%,,,
baby%20products,Defacto Baby Boy Crew Neck Printed Long Sleeve T-shirt,EGP 449.00,,0%,,,
baby%20products,Heatless Curls Curling Rod Headband - 4 Piece Set for Effortless Curls,EGP 315.00,EGP 500.00,37%,,,2 out of 5(1)
baby%20products,Unisex Kids Cap Unisex Sun Protection Cap Sucket Multiple Shapes and Colors for Choice,EGP 160.00,,0%,,,
baby%20products,Bebe Sunglasses Glasses,EGP 149.00,EGP 200.00,26%,,,
baby%20products,Pampers Splashers (5-6) 14+kg Disposable Swim Pants 10 Diapers,EGP 770.00,,0%,,,
baby%20products,Stephen Joseph  Silicone Baby Bib - Dino,EGP 749.00,,0%,,,
baby%20products,maya accessories fashion spiral hair ties for women and men 5PCS (black),EGP 225.00,EGP 250.00,10%,,,
baby%20products,Bebe Sunglasses Glasses,EGP 140.00,EGP 200.00,30%,,,
baby%20products,"100% cotton bodysuit with distinctive letter shapes from newborn to 3 months old for children (U), unisex from 5 kg - 6 kg",EGP 200.00,EGP 225.00,11%,,,
baby%20products,Unisex Kids Cap Unisex Sun Protection Cap Sucket Multiple Shapes and Colors for Choice,EGP 160.00,,0%,,,
baby%20products,Huggies Little Swimmers Swim Diapers –  (14kg+),EGP 929.00,,0%,,,
baby%20products,"Heatless Hair Curlers – No Heat Satin Curling Rod Headband Set for Long Hair to Sleep In with Hair Clip and Scrunchies, Overnight Soft Lazy Curly Hair Accessories for Women Natural Curly Hair  1PC (RANDOM COLOR)",EGP 315.00,EGP 500.00,37%,,,
baby%20products,Adjustable Drool Bibs Cotton Gauze Drool Bib with Snaps Saliva Towels Newborn Baby Bib Set Perfect Bib Burp Cloths Infant Feeding Baby Accessories,EGP 222.00,,0%,,,
baby%20products,Heatless Curling Rod Headband No Heat Mulberry Silk Hair Curling Ribbon With Scrunchie Sleeping Silk Hair Roller Curler Setr (may vary color),EGP 315.00,EGP 500.00,37%,,,
baby%20products,100% cotton bodysuit with distinctive letter shapes from newborn to 12 months old for children (U) from 9kg - 10kg,EGP 200.00,EGP 225.00,11%,,,
baby%20products,"Fur collar buckle for all ages, black color",EGP 299.00,EGP 400.00,25%,,,
baby%20products,"100%cotton bodysuit with distinctive letter shapes from newborn to 3 months old for children,unisex from 5 kg - 6 kg",EGP 200.00,EGP 225.00,11%,,,
baby%20products,Maya Accessories Hair Dying Brush Bottle - 120ML Applicator for Precise Hair Coloring,EGP 166.50,EGP 185.00,10%,,,
baby%20products,Yoland BABY Boys Romper - 163 - GR,EGP 230.00,EGP 390.00,41%,,,
baby%20products,"Baby Cotton Gauze Drool Bibs Set with Snaps & Saliva Towels & Adjustable Feeding Bibs with Burp Cloth, Perfect for Infants & Toddlers",EGP 255.00,,0%,,,
baby%20products,"Newborn Baby Drool Bib, Soft Cotton Gauze Drool Bibs with Snap Button, Adjustable Feeding Bibs, Saliva Towels and Burp Cloth Set for Babies and Babies",EGP 277.00,,0%,,,
baby%20products,Yoland Baby Girl Pajamas Set - 109- Y,EGP 265.00,EGP 620.00,57%,,,
baby%20products,maya accessories Small Hair Claw Clips - Mini Hair Claw Clips for Girls and Women-Stylish Thin Hair Accessories Classic Hair Clips for Easy Styling 6PCS (mixed random color),EGP 225.00,EGP 250.00,10%,,,
baby%20products,Yoland Baby Girl Pajamas Set - 107-F,EGP 265.00 - EGP 275.00,EGP 620.00 - EGP 630.00,57%,,,
baby%20products,100%cotton bodysuit with distinctive letter shapes from newborn to 9 months old for children from 8kg - 9kg,EGP 200.00,EGP 225.00,11%,,,
baby%20products,"Pure stainless steel necklace ,it doesn’t rust or change color",EGP 170.00,EGP 200.00,15%,,,
baby%20products,Bebe Sunglasses Glasses,EGP 149.00,EGP 200.00,26%,,,
baby%20products,"Children's bodysuit CUT,Salopette Strawberry no(3)100%Egyptian cotton,suitable for newborns",EGP 200.00,EGP 225.00,11%,,,
baby%20products,Yoland Baby Girl Pajamas Set - 104-F,EGP 265.00 - EGP 270.00,EGP 620.00 - EGP 625.00,57%,,,
baby%20products,Silicon Waterproof Foldable Baby Drool Bib for Feeding Baby Boys/Girls (6-72 months) with Adjustable Neck & Food Catcher Pocket,EGP 199.00,EGP 229.00,13%,,,
baby%20products,"Vinyl scraper, vinyl window squeegee for sign coloring, marking and installation of wallpaper stickers for packaging plastic accessories and Cars (2 PCs, code9777 : 9175) from Rana store",EGP 199.00,,0%,,,
baby%20products,Wholesale Heatless Hair Curlers Rod Headband No Heat Curls Overnight Wave Lazy Foam Curling Stick Hair Curler (may vary color),EGP 315.00,EGP 500.00,37%,,,
baby%20products,100% cotton bodysuit with distinctive letter shapes from newborn to 12 months old for children (T) from 9kg - 10kg,EGP 200.00,EGP 225.00,11%,,,
baby%20products,Defacto Baby Boy Regular Fit Crew Neck Slogan Printed T-Shirt,EGP 449.00,,0%,,,
baby%20products,"Big Hair Claw Clips for Thick Hair Styling, 4.3 Inch Plastic Non-Slip Large Hair Clamps, Hair Clip Jaw Clips Fashion Hair Accessories for Women and Girls, Strong Hold Hair Claws for Heavy Hair (4PCS) (random colors)",EGP 315.00,EGP 500.00,37%,,,
baby%20products,Yoland BABY Boys Romper - 166 - G,EGP 230.00,EGP 390.00,41%,,,4 out of 5(1)
baby%20products,"Pure stainless steel necklace ,it doesn’t rust or change color",EGP 200.00,EGP 250.00,20%,,,
baby%20products,100% cotton bodysuit with distinctive letter shapes from newborn to18 months old for children (H) from 11kg,EGP 200.00,EGP 225.00,11%,,,
baby%20products,"Children's bodysuit CUT,Salopette Strawberry no(3)100% Egyptian cotton, suitable for newborns(24Months)",EGP 200.00,EGP 225.00,11%,,,
baby%20products,y Baby Pink Leather Shoes For Kids,EGP 400.00,EGP 800.00,50%,,,
baby%20products,Maya Accessories Mini Hair Clip For Girls And Women Assorted Color (10PCS) MHCC2,EGP 315.00,EGP 500.00,37%,,,
baby%20products,Yoland BABY Boys Romper - 163 - BJ,EGP 230.00,EGP 380.00 - EGP 399.00,42%,,,
baby%20products,Maya Accessories Mini Hair Clip for Girls and Women Assorted Color (10PCS) MHCC1,EGP 315.00,EGP 500.00,37%,,,
baby%20products,"Pure stainless steel necklace ,it doesn’t rust or change color",EGP 170.00,EGP 200.00,15%,,,
baby%20products,"Polish car polishing wax, superior gloss and durable protection, removes scratches and restores the luster of paint (one piece, 230g, code 9778 : 9178) from Rana store",EGP 199.00,,0%,,,
baby%20products,"Super elegant piercing with a single chain piece ,made of pure stainless steel",EGP 150.00,EGP 200.00,25%,,,
baby%20products,Heatless Lazy Foam Curling Stick Cold Temperature Sponge Rod Headband for Long Hair No Heat Hair Curls and Waves (may vary color),EGP 315.00,EGP 500.00,37%,,,
baby%20products,Yoland Baby Girl Pajamas Set - 103-K,EGP 265.00,EGP 620.00,57%,,,
baby%20products,"Pure stainless steel necklace ,it doesn’t rust or change color",EGP 170.00,EGP 200.00,15%,,,
baby%20products,Maya Accessories Big Hair Clip Set of 2PCS - High Quality Assorted Colors BHC6,EGP 225.00,EGP 500.00,55%,,,
baby%20products,100% cotton bodysuit with distinctive letter shapes from newborn to 6 months old for children (Z) from 7 kg - 8 kg,EGP 200.00,EGP 225.00,11%,,,
baby%20products,Maya Accessories Big Hair Clip Set of 2PCS High Quality Assorted Color BHC1,EGP 225.00,EGP 500.00,55%,,,
baby%20products,Yoland Baby Girl Pajamas Set - 103-A,EGP 265.00 - EGP 270.00,EGP 620.00 - EGP 625.00,57%,,,
baby%20products,"Super elegant piercing with a single chain piece ,made of pure stainless steel",EGP 150.00,EGP 200.00,25%,,,
baby%20products,"Children's bodysuit CUT,Salopette Strawberry no(3)100% Egyptian cotton, suitable for newborns",EGP 200.00,EGP 225.00,11%,,,
baby%20products,100%cotton bodysuit with distinctive letter shapes from newborn to 24 months old for children(U) from 12kg,EGP 200.00,EGP 225.00,11%,,,
baby%20products,"Snap Clip Simple Plain Basic Bendy Hair Slides Kids Girls Fine Thin Hair (Mini, Black)",EGP 135.00,EGP 150.00,10%,,,
baby%20products,100% cotton bodysuit with distinctive letter shapes from newborn to1 24 months old for children (U) from 12kg,EGP 200.00,EGP 225.00,11%,,,
baby%20products,Yoland Baby Girl Pajamas Set - 103- Y,EGP 270.00,EGP 625.00,57%,,,
baby%20products,100% cotton bodysuit with distinctive letter shapes from newborn to 9 months old for children (U) from 8kg - 9kg,EGP 200.00,EGP 225.00,11%,,,
baby%20products,"Professional Salon Combs Set of 10 Anti-Static Hair Styling Combs + 4 Hair Clips for Salons, Hairdressers, Barbers",EGP 350.00,"EGP 1,000.00",65%,,,
baby%20products,Hot Selling Customized Heatless Curls No Heat Curling Rod Headband Microfibre Heatless Hair Curler (may vary color),EGP 315.00,EGP 500.00,37%,,,
baby%20products,"Big Hair Claw Clips For Thick Hair Styling, 4.3 Inch Plastic Non Slip Large Hair Clamps,Hair Clip Jaw Clips Fashion Hair Accessories For Women And Girls,Strong Hold Hair Claws For Heavy Hair (4PCS) (assorted Colors)",EGP 315.00,EGP 500.00,37%,,,
baby%20products,100%cotton bodysuit with distinctive letter shapes from newborn to 18 months old for children from 11kg,EGP 200.00,EGP 225.00,11%,,,
baby%20products,Yoland Baby Girl Pajamas Set - 101- PU,EGP 265.00 - EGP 275.00,EGP 620.00 - EGP 630.00,57%,,,
baby%20products,Yoland Baby Girl Pajamas Set - 111-O,EGP 265.00 - EGP 270.00,EGP 620.00 - EGP 625.00,57%,,,
baby%20products,Heatless Hair Curler Silk Hair Roller Waves Curling Rod Headband Scrunchie Set 100% Mulberry Silk Heatless Curls (may vary color),EGP 315.00,EGP 500.00,37%,,,
baby%20products,100% cotton bodysuit with distinctive letter shapes from newborn to 12 months old for children (Y) from 11kg,EGP 200.00,EGP 225.00,11%,,,
baby%20products,100% cotton bodysuit with distinctive letter shapes from newborn to24 months old for children (X) from 12kg,EGP 200.00,EGP 225.00,11%,,,
baby%20products,"Pure stainless steel chain,it doesn’t rust or change color",EGP 170.00,EGP 200.00,15%,,,
baby%20products,Yoland Baby Girl Pajamas Set - 101- Y,EGP 265.00 - EGP 270.00,EGP 620.00 - EGP 625.00,57%,,,
baby%20products,100% cotton bodysuit with distinctive letter shapes from newborn to 12 months old for children (Z) from 9kg - 10kg,EGP 200.00,EGP 225.00,11%,,,
baby%20products,100% cotton bodysuit with distinctive letter shapes from newborn to 9 months old for children (Z) from 8kg - 9kg,EGP 200.00,EGP 225.00,11%,,,
baby%20products,Yoland BABY Boys Romper - 166 - Y,EGP 230.00,EGP 390.00 - EGP 399.00,42%,,,
baby%20products,Yoland Baby Girl Pajamas Set - 101-O,EGP 260.00 - EGP 275.00,EGP 620.00 - EGP 630.00,58%,,,
baby%20products,Yoland Baby Girl Pajamas Set - 104- Y,EGP 265.00 - EGP 270.00,EGP 620.00 - EGP 625.00,57%,,,
baby%20products,100%cotton bodysuit with distinctive letter shapes from newborn to 6 months old for children from 7 kg - 8 kg,EGP 200.00,EGP 225.00,11%,,,
baby%20products,"Pure stainless steel necklace ,it doesn’t rust or change color",EGP 170.00,EGP 200.00,15%,,,
baby%20products,Baby Feeding Bib Adjustable Cotton Gauze Soft Gauze Bib with Snaps Saliva Towel Baby Drool Bibs Burp Cloths Baby Accessories,EGP 277.00,,0%,,,
baby%20products,Baby Adjustable Swim Diaper Nappy Reusable Washable Shorts Circus,EGP 892.65,"EGP 1,718.75",48%,,,
baby%20products,Baby Swim Diaper Reusable Absorbent Washable Yellow for1416KG,EGP 774.95,"EGP 1,472.35",47%,,,
baby%20products,Baby Swim Diaper Reusable Absorbent Washable Nappies Blue for1416KG,EGP 728.20,"EGP 1,383.80",47%,,,
baby%20products,Swim Diaper Nappy Pants Reusable Adjustable Infant Baby Boy Tortoise,"EGP 3,821.95","EGP 7,612.55",50%,,,
baby%20products,Defacto Baby Girl Wide Leg Ribbed Camisole Trousers,EGP 499.00,,0%,,,
baby%20products,Cerelac 3 FRUITS AND WHEAT WITH MILK FROM 6 MONTH 125 GM,EGP 95.71,EGP 110.01,13%,,,
baby%20products,Nestle CERELAC WHEAT WITH MILK + IRON FROM 6 MONTHS 500 GM,EGP 238.57,EGP 274.22,13%,,,
baby%20products,Hero BABY FOOD 3 FRUITS + 6M 125 GM,EGP 67.14,EGP 77.17,13%,,,
baby%20products,3-Piece Girls' Hair Accessory Set in Bright Colors,EGP 189.00,,0%,,,
baby%20products,Kid'S Sunglasses Glasses,EGP 149.00,EGP 200.00,26%,,,
baby%20products,Baby Swim Diaper Reusable Absorbent Washable Nappies Blue for510KG,EGP 892.65,"EGP 1,718.75",48%,,,
baby%20products,Baby Adjustable Swim Diaper Nappy Reusable Washable Shorts Circus,EGP 892.65,"EGP 1,718.75",48%,,,
baby%20products,Baby Adjustable Swim Diaper Nappy Reusable Washable Shorts Circus,"EGP 3,380.85","EGP 5,083.10",33%,,,
baby%20products,christmas baby clothing set cotton 0-6 m,EGP 180.00,EGP 220.00,18%,,,
baby%20products,"Dadoush Women's winter velvet pajamas with a floral print, a women's loungewear set including a top and pants. These women's pajamas are made of soft velvet for the coldest winter days.","EGP 1,375.00",,0%,,,
baby%20products,Baby Swim Diaper Reusable Absorbent Washable Yellow for1214KG,"EGP 2,121.35",,0%,,,
baby%20products,Swim Diaper Waterproof Nappy Pool Cover Snap Cloth Blue for510KG,EGP 700.15,"EGP 1,395.90",50%,,,
baby%20products,"Reusable Swim Diaper, Washable Swim Nappy XL Size, Premium Style 9","EGP 4,528.15","EGP 7,558.10",40%,,,
baby%20products,Baby Swim Diaper Rose Red for510KG,"EGP 3,785.10","EGP 4,551.25",17%,,,
baby%20products,Baby Swim Diaper Reusable Absorbent Washable Nappies White for510KG,EGP 728.20,"EGP 1,383.80",47%,,,
baby%20products,Yoland Baby Girl Pajamas  Set - 102- R,EGP 265.00,EGP 620.00,57%,,,
baby%20products,Yoland Baby Girl Pajamas Set - 111-K,EGP 270.00,EGP 625.00,57%,,,
baby%20products,Yoland Baby Girl Pajamas Set - 109-F,EGP 265.00 - EGP 270.00,EGP 620.00 - EGP 625.00,57%,,,
baby%20products,Yoland Baby Girl Pajamas Set - 111-Y,EGP 265.00 - EGP 270.00,EGP 620.00 - EGP 625.00,57%,,,
baby%20products,Yoland Baby Girl Pajamas Set - 106-K,EGP 265.00 - EGP 275.00,EGP 620.00 - EGP 630.00,57%,,,
baby%20products,Yoland Baby Girl Pajamas Set - 100-Y,EGP 265.00,EGP 625.00,58%,,,
baby%20products,Yoland Baby Girl Pajamas Set - 107-M,EGP 265.00 - EGP 275.00,EGP 620.00 - EGP 630.00,57%,,,
baby%20products,Yoland Baby Girl Pajamas Set - 112-T,EGP 220.00 - EGP 270.00,EGP 625.00 - EGP 630.00,65%,,,
baby%20products,Yoland Baby Girl Pajamas Set - 112-P,EGP 265.00 - EGP 275.00,EGP 620.00 - EGP 625.00,57%,,,
baby%20products,Yoland Baby Girl Pajamas Set - 105-K,EGP 265.00,EGP 620.00,57%,,,
baby%20products,Yoland Baby Girl Pajamas Set - 107- PU,EGP 265.00 - EGP 275.00,EGP 620.00 - EGP 630.00,57%,,,
baby%20products,Yoland Baby Girl Pajamas Set - 106-PU,EGP 265.00,EGP 620.00,57%,,,
baby%20products,Yoland Baby Girl Pajamas Set - 101-M,EGP 265.00 - EGP 275.00,EGP 620.00 - EGP 630.00,57%,,,
baby%20products,Yoland Baby Girl Pajamas Set - 104-O,EGP 265.00 - EGP 270.00,EGP 620.00 - EGP 625.00,57%,,,
baby%20products,Yoland Baby Girl Pajamas Set - 102- M,EGP 265.00 - EGP 270.00,EGP 620.00 - EGP 625.00,57%,,,
baby%20products,Yoland Baby Girl Pajamas Set - 106-O,EGP 265.00 - EGP 275.00,EGP 620.00 - EGP 630.00,57%,,,
baby%20products,Yoland Baby Girl Pajamas Set - 106-A,EGP 265.00 - EGP 275.00,EGP 620.00 - EGP 630.00,57%,,,
baby%20products,100% cotton bodysuit with distinctive letter shapes from newborn to 18 months old for children (V) from 11kg,EGP 200.00,EGP 225.00,11%,,,
baby%20products,100% cotton bodysuit with distinctive letter shapes from newborn to 9 months old for children (H) from 8kg - 9kg,EGP 200.00,EGP 225.00,11%,,,
baby%20products,"Children's bodysuit CUT,Salopette Strawberry no(3)100%Egyptian cotton,suitable fornewborns",EGP 200.00,EGP 225.00,11%,,,
baby%20products,100% cotton bodysuit with distinctive letter shapes from newborn to 18 months old for children (T) from 11kg,EGP 200.00,EGP 225.00,11%,,,
baby%20products,100% cotton bodysuit with distinctive letter shapes from newborn to 24 months old for children (V) from 12kg,EGP 200.00,EGP 225.00,11%,,,
baby%20products,100% cotton bodysuit with distinctive letter shapes from newborn to 9 months old for children (Y) from 8kg - 9kg,EGP 200.00,EGP 225.00,11%,,,
baby%20products,100% cotton bodysuit with distinctive letter shapes from newborn to 6 months old for children (U) from 7 kg - 8 kg,EGP 200.00,EGP 225.00,11%,,,
baby%20products,100% cotton bodysuit with distinctive letter shapes from newborn to 6 months old for children (Y) from 7 kg - 8 kg,EGP 200.00,EGP 225.00,11%,,,
baby%20products,"100%cotton bodysuit with distinctive letter shapes from newborn  old for children (H), unisex from 2 kg - 4 kg",EGP 200.00,EGP 225.00,11%,,,
baby%20products,100% cotton bodysuit with distinctive letter shapes from newborn to 9 months old for children (V) from 8kg - 9kg,EGP 200.00,EGP 225.00,11%,,,
baby%20products,100% cotton bodysuit with distinctive letter shapes from newborn to 12 months old for children (H) from 9kg - 10kg,EGP 200.00,EGP 225.00,11%,,,
baby%20products,"100% cotton bodysuit with distinctive letter shapes from newborn to one month old for children (X), unisex from 2 kg - 4 kg",EGP 200.00,EGP 225.00,11%,,,
baby%20products,100% cotton bodysuit with distinctive letter shapes from newborn to 18 months old for children (Y) from 11kg,EGP 200.00,EGP 225.00,11%,,,
baby%20products,100% cotton bodysuit with distinctive letter shapes from newborn to 12 months old for children (X) from 9kg - 10kg,EGP 200.00,EGP 225.00,11%,,,
baby%20products,100% cotton bodysuit with distinctive letter shapes from newborn to 9 months old for children (X) from 8kg - 9kg,EGP 200.00,EGP 225.00,11%,,,
baby%20products,100% cotton bodysuit with distinctive letter shapes from newborn to 6 months old for children (T) from 7 kg - 8 kg,EGP 200.00,EGP 225.00,11%,,,
baby%20products,100% cotton bodysuit with distinctive letter shapes from newborn to 12 months old for children from 9kg - 10kg,EGP 200.00,EGP 225.00,11%,,,
baby%20products,"100% cotton bodysuit with distinctive letter shapes from newborn to 3 months old for children (X), unisex from 5 kg - 6 kg",EGP 200.00,EGP 225.00,11%,,,
baby%20products,100% cotton bodysuit with distinctive letter shapes from newborn to 18 months old for children (U) from 11kg,EGP 200.00,EGP 225.00,11%,,,
baby%20products,100% cotton bodysuit with distinctive letter shapes from newborn to  24 months old for children (T) from 12kg,EGP 200.00,EGP 225.00,11%,,,
baby%20products,100% cotton bodysuit with distinctive letter shapes from newborn to 6 months old for children (H) from 7 kg - 8 kg,EGP 200.00,EGP 225.00,11%,,,
baby%20products,100% cotton bodysuit with distinctive letter shapes from newborn to 12 months old for children (V) from 9kg - 10kg,EGP 200.00,EGP 225.00,11%,,,
baby%20products,"100% cotton bodysuit with distinctive letter shapes from newborn to 3 months old for children (V), unisex from 5 kg - 6 kg",EGP 200.00,EGP 225.00,11%,,,
baby%20products,100% cotton bodysuit with distinctive letter shapes from newborn to 24 months old for children (H) from 12kg,EGP 200.00,EGP 225.00,11%,,,
baby%20products,"100% cotton bodysuit with distinctive letter shapes from newborn to 3 months old for children (T), unisex from 5 kg - 6 kg",EGP 200.00,EGP 225.00,11%,,,
baby%20products,"Pure stainless steel necklace ,it doesn’t rust or change color",EGP 200.00,EGP 250.00,20%,,,
baby%20products,"Pure stainless steel necklace ,it doesn’t rust or change color",EGP 200.00,EGP 250.00,20%,,,
baby%20products,"Pure stainless steel necklace ,it doesn’t rust or change color",EGP 170.00,EGP 200.00,15%,,,
baby%20products,"Pure stainless steel necklace ,it doesn’t rust or change color",EGP 250.00,EGP 300.00,17%,,,
baby%20products,"Pure stainless steel necklace ,it doesn’t rust or change color",EGP 170.00,EGP 200.00,15%,,,
baby%20products,"Pure stainless steel necklace ,it doesn’t rust or change color",EGP 200.00,EGP 250.00,20%,,,
baby%20products,"Pure stainless steel necklace ,it doesn’t rust or change color",EGP 170.00,EGP 200.00,15%,,,
baby%20products,"Pure stainless steel necklace ,it doesn’t rust or change color",EGP 200.00,EGP 250.00,20%,,,
baby%20products,"Pure stainless steel necklace ,it doesn’t rust or change color",EGP 200.00,EGP 250.00,20%,,,
baby%20products,"Handmade Crochet Baby Hat and Booties Set, Green with Beige Trim, 3-6 Months, Turkish Wool with Lycra, Bear Ears Design",EGP 300.00,,0%,,,
baby%20products,"Dadoush Women's winter velour pajama set, two pieces, comfortable for sleeping and lounging at home - Women's winter velvet pajamas, casual women's pajamas made from durable and beautiful fabric","EGP 1,494.00",,0%,,,
baby%20products,"Dadoush Women's winter pajama set, made of soft fleece, two pieces - winter pajamas for women to enjoy the winter weather - two-piece pajama set consisting of a long-sleeved top and pants for women","EGP 1,494.00",,0%,,,
baby%20products,Maya Accessories 12 Black and Brown Hair Clip - High Quality,EGP 270.00,EGP 300.00,10%,,,
baby%20products,maya accessories fashion spiral hair ties for women and men 5PCS (black),EGP 225.00,EGP 250.00,10%,,,
baby%20products,maya accessories Small Hair Claw Clips - Mini Hair Claw Clips for Girls and Women-Stylish Thin Hair Accessories Classic Hair Clips for Easy Styling 6PCS (mixed random color),EGP 225.00,EGP 250.00,10%,,,
baby%20products,Maya Accessories 12 Black and Brown Hair Clip - High Quality,EGP 270.00,EGP 300.00,10%,,,
baby%20products,Maya Accessories Big Hair Clip Set Of (2PCS) High Quality Assorted Color BHC5,EGP 225.00,EGP 500.00,55%,,,
baby%20products,maya accessories big hair clip set of (2PCS) high quailty assorted color BHC3,EGP 225.00,EGP 500.00,55%,,,
baby%20products,Maya Accessories Set of 4 Spiral Hair Ties - Mixed Colors,EGP 225.00,EGP 250.00,10%,,,
baby%20products,Maya Accessories 12 Black and Brown Hair Clip Set - High Quality,EGP 270.00,EGP 300.00,10%,,,
baby%20products,Maya Accessories Mini Hair Clip For Girls And Women Assorted Color (10PCS) MHCC3,EGP 315.00,EGP 500.00,37%,,,
baby%20products,Maya Accessories 10 PCS Plastic Hair Claw Accessories - Matte Finish,EGP 315.00,EGP 500.00,37%,,,
baby%20products,Maya Accessories Mini Hair Clip for Girls And Women Assorted Color (10PCS) MHCC4,EGP 315.00,EGP 500.00,37%,,,
baby%20products,Maya Accessories 12 Black Hair Clip - High Quality,EGP 270.00,EGP 300.00,10%,,,
baby%20products,Maya Accessories Mini Hair Clip for Girls and Women Assorted Color (10PCS) MHCC5,EGP 315.00,EGP 500.00,37%,,,
baby%20products,Maya Accessories Big Hair Clip Set of 2PCS - High Quality Assorted Color BHC4,EGP 225.00,EGP 500.00,55%,,,
baby%20products,Maya Accessories 12 Brown Hair Clip - High Quality,EGP 238.50,EGP 265.00,10%,,,
baby%20products,Maya Accessories Mini Hair Clip for Girls and Women Assorted Color (10PCS) MHCC,EGP 315.00,EGP 700.00,55%,,,
baby%20products,"Heatless Curling Rod Headband for Medium and Long Hair, Sleeping Curls Silk Ribbon Hair Rollers with Hair Clip and Hair Ties for DIY Hair Styling 1PC (RANDOM COLOR)",EGP 315.00,EGP 500.00,37%,,,
baby%20products,"Hand-knitted ankle socks, striped pattern, brown, orange and green, crocheted",EGP 299.00,,0%,,,
baby%20products,"Hand-knitted baby socks, yellow and white, with ruffled edges, for infants and toddlers - made from Turkish wool yarn",EGP 199.00,,0%,,,
baby%20products,"Dadoush Women's soft fleece pajama set, two pieces: top and pants - Women's winter pajamas, lined, consisting of (...(..two pieces.)..) Women's winter pajamas","EGP 1,406.25",,0%,,,
baby%20products,"Hand-crocheted socks made from soft Turkish wool yarn, available in multiple colors: red, purple, blue, and cream, with a striped pattern – comfortable and warm.",EGP 250.00,EGP 275.00,9%,,,
baby%20products,"Dadoush Women's soft fleece pajama set, two pieces: top and pants - Women's winter pajamas, lined, consisting of (...(..two pieces.)..) Women's winter pajamas","EGP 1,406.25",,0%,,,
baby%20products,"Knitted house socks, purple color, comfortable design with a black sole, crochet pattern - made from soft Turkish wool yarn - for warmth",EGP 285.00,EGP 299.00,5%,,,
baby%20products,Defacto Baby Girl Christmas Themed Seamless 2 Piece Cotton Long Socks,EGP 199.00,,0%,,,
baby%20products,Defacto Baby Girl ChristmasThemed Seamless 2 Piece Cotton Long Socks,EGP 199.00,,0%,,,
baby%20products,Dadoush Women's 3-piece velvet pajama set for extra warmth and style.,"EGP 1,517.60 - EGP 1,897.00","EGP 1,897.00",20%,,,
baby%20products,"Dadoush Luxurious women's plush pajama set, comfortable and cozy design for sleeping - a distinctive two-piece women's pajama set that combines warmth and elegance...","EGP 1,600.00",,0%,,,
baby%20products,"Dadoush Luxurious women's plush pajama set, comfortable and cozy design for sleeping - a distinctive two-piece women's pajama set that combines warmth and elegance...","EGP 1,600.00",,0%,,,
baby%20products,Elegant belly dance outfit in fiery red with gold embroidery - a charming and attractive look!,EGP 725.00,EGP 999.00,27%,,,
baby%20products,Kiddy New Born Baby Diapers Size 1 - 40 Pcs,EGP 146.50,EGP 197.00,26%,,,4.1 out of 5(107)
baby%20products,Baby Head Protector Cushion,EGP 275.00,EGP 500.00,45%,,,
baby%20products,"Plastic Tableware Set for Children's Dinnerware Sets Cute Dining (divided food plate , Spoon , Fork) Baby",EGP 117.00,EGP 150.00,22%,,,
baby%20products,"Molfix Culotte baby diapers, 58 pieces - size 5 from Moflex",EGP 464.00,EGP 735.00,37%,,,
baby%20products,Pampers Premium Extra Care Baby Diapers - Size 1 – From 2Kg To 5Kg – 22 Diapers 2pcs,EGP 499.00,,0%,,,
baby%20products,Easy to Use Baby Bottle Brush Cleaner,EGP 135.00,EGP 200.00,33%,,,
baby%20products,"Bed Rails Guard, Bed Rail Guard Barrier For Baby, Height Side Bed Falling Protector For Kids Newborn Toddler Single Twin Side Bed 150cm","EGP 1,150.00","EGP 1,400.00",18%,,,
baby%20products,Foldable Baby Bath Tub – Lightweight & Safe Plastic,"EGP 1,700.00",,0%,,,
baby%20products,Four Pcs Of Natural Fit Silicone Nipple Shields - Baby Protection Cover for Breastfeeding,EGP 156.00,EGP 348.00,55%,,,
baby%20products,Avent Ultra Air Design Baby Soother (6 - 18m) - Animals,EGP 899.00,,0%,,,
baby%20products,Baby Bath Shower Cap - Pink,EGP 72.00,,0%,,,1 out of 5(1)
baby%20products,Molfix Molfix Baby Diapers - Mega Pack - Junior Size 5 - 70 Pieces,EGP 409.00,EGP 695.00,41%,,,4.4 out of 5(412)
baby%20products,Kiddy XL Jumbo Baby Diapers Size 5 - 64 Pcs,EGP 311.00,EGP 389.00,20%,,,4.1 out of 5(256)
baby%20products,Bebem Natural Baby Diapers Mega Pack Junior Size 5 - 76 Pieces,EGP 394.00,EGP 597.00,34%,,,4.3 out of 5(199)
baby%20products,Bebem Natural Baby Diapers Mega Pack Maxi Size 4 - 80 Pieces,EGP 375.00,EGP 548.00,32%,,,4.3 out of 5(323)
baby%20products,Kiddy Large Baby Diapers Size 4 - 64 Pcs,EGP 280.50,EGP 359.00,22%,,,4.1 out of 5(278)
baby%20products,White Baby Wipes 72 Tissues - Chamomile,EGP 39.00,EGP 49.00,20%,,,4.6 out of 5(41)
baby%20products,Bebem Natural Baby Diapers Jumbo Pack Xlarge Size 6 - 48 Pieces,EGP 294.00,EGP 412.00,29%,,,4.4 out of 5(115)
baby%20products,Molfix Premium Oxygen Baby Diapers - Jumbo Pack - Mini Size 2 - 58 Pieces,EGP 289.00,EGP 425.00,32%,,,4.3 out of 5(33)
baby%20products,Taha Offer Wooden Bottle Cleaning Brush for Baby Bottles,EGP 36.29,EGP 158.00,77%,,,4.1 out of 5(44)
baby%20products,Kiddy Medium Baby Diapers Size 3 - 64 Pcs,EGP 267.50,EGP 336.00,20%,,,4.3 out of 5(178)
baby%20products,Molfix Baby Diaper Pants - Size 5 - 56 Pcs,EGP 409.00,EGP 695.00,41%,,,4.3 out of 5(156)
baby%20products,"Blankie 3 In 1 Baby Shampoo, Conditioner & Body Wash - 200 Ml",EGP 112.00,EGP 400.00,72%,,,4.6 out of 5(17)
baby%20products,Bebe XL Baby Diapers Size 5 - 40 Pcs,EGP 163.50,EGP 251.00,35%,,,3.5 out of 5(92)
baby%20products,Molfix Premium Oxygen Baby Diapers - Jumbo Pack - Newborn Size 1 - 58 Pieces,EGP 289.00,EGP 425.00,32%,,,4.3 out of 5(26)
baby%20products,Blankie Baby Daily Moisturizer - 150ml,EGP 112.00,EGP 400.00,72%,,,4.5 out of 5(15)
baby%20products,Molfix Premium Oxygen Baby Diapers - Jumbo Pack - Maxi Size 4 - 56 Pieces,EGP 341.00,EGP 479.00,29%,,,4.7 out of 5(23)
baby%20products,Bebe Large Baby Diapers Size 4 - 40 Pcs,EGP 155.00,EGP 237.00,35%,,,3.7 out of 5(85)
baby%20products,White Baby Wipes - 72 Wipes - 2 Bag,EGP 99.00,EGP 150.00,34%,,,4.7 out of 5(82)
baby%20products,Be Potato baby Oil  - 200ml,EGP 77.00,EGP 99.00,22%,,,4.3 out of 5(12)
baby%20products,Molfix Baby Diapers - Mega Pack - Maxi Size 4 - 76 Pieces,EGP 409.00,EGP 479.00,15%,,,4.4 out of 5(8)
baby%20products,Molfix New Born Baby Diaper - Size 1 - 44 Pcs,EGP 218.00,EGP 313.00,30%,,,4.3 out of 5(68)
baby%20products,Molfix Baby Diaper Pants - Size 4 - 56 Pcs,EGP 341.00,EGP 479.00,29%,,,4.6 out of 5(86)
baby%20products,"Baby Bag for Going Out, Picnics, and Trips",EGP 279.00,EGP 408.00,32%,,,4.2 out of 5(496)
baby%20products,Kiddy Small Baby Diapers 2 - 64 Pcs,EGP 215.50,EGP 271.00,20%,,,4.1 out of 5(85)
baby%20products,Molfix Premium Oxygen Baby Diapers - Jumbo Pack - Xlarge Size 6 - 46 Pieces,EGP 341.00,EGP 479.00,29%,,,4.4 out of 5(20)
baby%20products,Bebem Natural Baby Diapers Mega Pack Midi Size 3 - 80 Pieces,EGP 375.00,EGP 548.00,32%,,,4.3 out of 5(143)
baby%20products,White Baby Wipes 72 Tissues - Sensitive Skin,EGP 44.00,EGP 49.00,10%,,,4.3 out of 5(25)
baby%20products,Good Care Baby Diapers - Jumbo Pack - Junior Size 5 - 58 Pieces,EGP 259.00,EGP 324.00,20%,,,4 out of 5(6)
baby%20products,"Baby Sofico Sofiko Baby Lotion with Vitamin E and Argan Oil, 200ml",EGP 120.00,EGP 155.00,23%,,,4.3 out of 5(18)
baby%20products,Molfix Premium Oxygen Baby Diapers - Jumbo Pack - Midi Size 3 - 56 Pieces,EGP 341.00,EGP 479.00,29%,,,3.9 out of 5(19)
baby%20products,Penduline Baby Wipes With 97% Water - 30pcs - Calendula - Safe For New Born - Sensitive Skin - Zero Alcohol - Fragrance - Parabens,EGP 51.00,EGP 69.00,26%,,,5 out of 5(2)
baby%20products,Molfix Premium Oxygen Baby Diapers - Jumbo Pack - Junior Size 5 - 56 Pieces,EGP 409.00,EGP 695.00,41%,,,4.7 out of 5(14)
baby%20products,Bebem Natural Baby Diapers Jumbo Pack Mini Size 2 - 58 Pieces,EGP 251.00,EGP 352.00,29%,,,4.3 out of 5(60)
baby%20products,Bebe Small Baby Diapers Size 2 - 40 Pcs,EGP 129.00,EGP 197.00,35%,,,3.9 out of 5(76)
baby%20products,Bebe Medium Baby Diapers Size 3 - 40 Pcs,EGP 146.50,EGP 224.00,35%,,,3.8 out of 5(77)
baby%20products,Blankie Baby Oil - 100 Ml,EGP 112.00,EGP 300.00,63%,,,3.3 out of 5(3)
baby%20products,Penduline Gentle Baby Bath - 2 In 1 - Baby Bath And Shampoo Enriched With Blue Chamomile Scented - 300Ml,EGP 158.00,EGP 215.00,27%,,,4.1 out of 5(10)
baby%20products,White 6 Units of 72 Tissues Baby Wipes for Sensitive Skin,EGP 249.00,EGP 399.00,38%,,,2 out of 5(2)
baby%20products,"6-Piece Baby Personal Care Set – Scissors, Comb, Nail Clipper, Hairbrush, Nail File-light Blue",EGP 99.00,EGP 399.00,75%,,,4.4 out of 5(10)
baby%20products,Bebem Natural Baby Diapers Twin Pack New Born Size 1 - 38 Pieces,EGP 171.00,EGP 252.00,32%,,,4.5 out of 5(59)
baby%20products,Bebem Natural Baby Diapers Jumbo Pack Maxi Size 4 - 58 Pieces,EGP 294.00,EGP 412.00,29%,,,4.5 out of 5(68)
baby%20products,Bebe New Born Baby Diapers Size 1 - 40 Pcs,EGP 117.00,EGP 179.00,35%,,,3.9 out of 5(51)
baby%20products,Nunu Nunu Vanilla Baby Oil 200 Ml,EGP 92.00,EGP 112.00,18%,,,4.8 out of 5(12)
baby%20products,Molfix Baby Diaper Pants - Size 3 - 58 Pcs,EGP 341.00,EGP 479.00,29%,,,4.4 out of 5(82)
baby%20products,Luna Talc Baby Powder 200gm,EGP 64.00,EGP 94.00,32%,,,4.3 out of 5(9)
baby%20products,Bebe XXL Baby Diapers Size 6 - 40 Pcs,EGP 195.00,EGP 298.00,35%,,,4 out of 5(23)
baby%20products,Penduline Baby Wipes With Extra 99% Water - 70pcs - Calendula - Safe For New Born - Sensitive Skin - Zero Alcohol - Fragrance - Parabens,EGP 102.00,EGP 145.00,30%,,,5 out of 5(2)
baby%20products,Molfix Extra Large Baby Diaper Pants - Size 6 - 46 Pcs,EGP 341.00,EGP 479.00,29%,,,4.5 out of 5(130)
baby%20products,Tola Baby Shampoo For Kids 250 Ml - Exceptional Care From Day One,EGP 450.00,,0%,,,5 out of 5(6)
baby%20products,Kiddy Small Baby Diapers Size 2 - 40 Pcs,EGP 155.00,EGP 211.00,27%,,,4 out of 5(75)
baby%20products,One Piece Of Baby Nail Clipper - Unisex-multi shapes - multicolore-1psc,EGP 17.00,EGP 50.00,66%,,,4.4 out of 5(10)
baby%20products,"Baby Dara Maximum Protection Diaper Rash Cream For Baby, 300 gm (3X 100 gm)",EGP 399.00,EGP 510.00,22%,,,4.1 out of 5(7)
baby%20products,Baby Sofico Baby 2-in-1 Shampoo & Conditioner for Cradle Cap From Day One 300ML,EGP 120.00,EGP 155.00,23%,,,3.8 out of 5(9)
baby%20products,Penduline Baby Body Lotion with Blue Chamomile - Gentle Moisturization for Delicate Skin - 200 ml,EGP 153.00,EGP 210.00,27%,,,4.3 out of 5(6)
baby%20products,Molfix Baby Diapers - Mega Pack - Midi Size 3 - 76 Pieces,EGP 409.00,EGP 479.00,15%,,,5 out of 5(1)
baby%20products,"Baby Dara Maximum Protection Diaper Rash Cream For Baby, 600 gm (6X 100 gm)",EGP 699.00,"EGP 1,020.00",31%,,,4.7 out of 5(3)
baby%20products,"Baby Bag for Mommies for Going Out, Picnics and Long Trips",EGP 299.00,EGP 450.00,34%,,,4.4 out of 5(16)
baby%20products,The Cheapest Baby Bag for Diapers and Peppers - Pink Colors,EGP 279.00,EGP 400.00,30%,,,4 out of 5(102)
baby%20products,Nunu Nunu 5 Piece Baby Care Travel Set – Essential Care for Your Little Traveller,EGP 169.00,,0%,,,4.5 out of 5(4)
baby%20products,"Arkit Refrigerator Lock for Child Safety Cabinet Lock Fridge Freezer Door Lock, Baby Locks For Drawers,1 Count,Grey",EGP 129.00,,0%,,,5 out of 5(3)
baby%20products,Molfix Baby Diapers - Jumbo Pack - Xlarge Size 6,EGP 383.00,EGP 638.00,40%,,,1 out of 5(1)
baby%20products,Penduline Baby Skin Oil - 100 Ml - Enriched With Natural Oil Extracts - Gentle Nourishment For Baby,EGP 115.00,EGP 159.00,28%,,,4.7 out of 5(7)
baby%20products,Superkids Baby Shampoo 200 ml,EGP 110.00,EGP 150.00,27%,,,3.8 out of 5(10)
baby%20products,"Baby Dara Maximum Protection Diaper Rash Cream For Baby, 100 gm",EGP 169.00,EGP 170.00,1%,,,5 out of 5(2)
baby%20products,Molfix Baby Diapers - Mega Pack - Junior Size 5 - 66 Pieces,EGP 419.00,EGP 479.00,13%,,,
baby%20products,Happies Baby Diapers Stretch Small (Size 2) - 58 Diapers,EGP 279.00,EGP 399.00,30%,,,4.3 out of 5(8)
baby%20products,Happies Baby Diapers Stretch Large (Size 4) - 58 Diapers,EGP 339.00,EGP 479.00,29%,,,4.4 out of 5(9)
baby%20products,Johnson's Baby Oil Locks In 10x More Moisture - 75ml,EGP 87.00,EGP 175.00,50%,,,4 out of 5(23)
baby%20products,Nunu Nunu Nunu Baby Oil 200ml,EGP 119.00,,0%,,,3.9 out of 5(7)
baby%20products,Bubbles Baby Plate with Spoon and Cover - Blue,EGP 159.00,EGP 169.00,6%,,,5 out of 5(2)
baby%20products,Bebem Natural Baby Diapers Extra Large Size 6 - 22 Pcs,EGP 171.00,EGP 252.00,32%,,,4.5 out of 5(33)
baby%20products,Karimed WINK PRO Baby Diaper Rash Cream 30g - 3Pcs,EGP 105.00,,0%,,,3.7 out of 5(74)
baby%20products,Bebem Natural Baby Diapers Twin Pack Mini Size 2 - 36 Pieces,EGP 171.00,EGP 252.00,32%,,,4.3 out of 5(14)
baby%20products,Happies Baby Diapers Stretch XXLarge (Size 6) - 48 Count,EGP 339.00,EGP 489.00,31%,,,4.3 out of 5(4)
baby%20products,Nunu Nunu Shampoo 1 Liter + Baby Bath 200ml Free,EGP 169.00,,0%,,,4.5 out of 5(6)
baby%20products,Happies Baby Diapers Stretch NewBorn (Size 1) - 60 Count,EGP 279.00,EGP 399.00,30%,,,4.3 out of 5(9)
baby%20products,Baby Feeding Nursing Covers - Jeans - May Vary,EGP 243.75,EGP 612.00,60%,,,4.6 out of 5(23)
baby%20products,Baby Feeding Nursing Covers - High Quality Cotton,EGP 224.25,EGP 612.00,63%,,,3.9 out of 5(17)
baby%20products,Happiness Baby Hair Oil With Natural Oils 120 Ml,EGP 224.00,EGP 376.00,40%,,,5 out of 5(2)
baby%20products,Baby Waterproof Bib,EGP 79.99,EGP 100.00,20%,,,4.4 out of 5(14)
baby%20products,8 Pcs-Baby Proofing Edge And Corner Guards,EGP 64.99,EGP 100.00,35%,,,
baby%20products,Molfix SIZE 2 Baby Diapers - 60 Pieces,EGP 335.00,EGP 400.00,16%,,,4.7 out of 5(3)
baby%20products,Nunu Nunu Shampoo 1 Liter + 200ml Free Gift - Gentle Baby Shampoo,EGP 169.00,,0%,,,4.6 out of 5(5)
baby%20products,Baby Joe SIZE 1 60 PIECE,EGP 318.00,EGP 375.00,15%,,,5 out of 5(3)
baby%20products,Nunu Nunu Lavender Baby Oil 200 Ml - Gentle Moisturizing Skin Care,EGP 92.00,EGP 112.00,18%,,,4.6 out of 5(7)
baby%20products,"Mamie Baby Bag For Going Out And Spacious, Navy Blue",EGP 251.10,EGP 400.00,37%,,,4.4 out of 5(27)
baby%20products,Bebem Natural Baby Diapers Jumbo Pack Junior Size 5 - 58 Pieces,EGP 327.00,EGP 452.00,28%,,,4.2 out of 5(90)
baby%20products,Molfix Baby Diapers - Mega Pack - Xlarge Size 6 - 60 Pieces,EGP 409.00,EGP 479.00,15%,,,
baby%20products,Fly Baby Bottle with Handle 150 ml,EGP 78.00,EGP 143.00,45%,,,
baby%20products,Nunu Nunu Nunu-Baby Powder For Girls 200g,EGP 88.74,EGP 95.00,7%,,,4.8 out of 5(6)
baby%20products,Molfix Baby Diaper Mini - Size 2 - 10 Pcs,EGP 70.00,EGP 100.00,30%,,,4.4 out of 5(20)
baby%20products,Sanosan Baby Bath & Shampoo - 500 ML,EGP 429.00,EGP 449.00,4%,,,4.7 out of 5(21)
baby%20products,White Baby Water Wet Wipes - 48 Wipes,EGP 81.00,EGP 109.00,26%,,,4.7 out of 5(24)
baby%20products,Nunu Nunu Baby Oil with Vanilla Fragrance - 200ml,EGP 129.00,,0%,,,4.3 out of 5(12)
baby%20products,Grace Baby Judy 10 Flexible Disposable Tips,EGP 150.00,,0%,,,5 out of 5(5)
baby%20products,Be Potato baby Oil For Soft & Smooth Skin - 100ml,EGP 49.00,EGP 60.00,18%,,,5 out of 5(2)
baby%20products,All-in-One Baby Diaper Backpack With Built-in Bed And Insulated Bottle Pockets,EGP 599.00,"EGP 1,500.00",60%,,,4.4 out of 5(16)
baby%20products,Baby Diaper Bag - Blue,EGP 279.00,EGP 450.00,38%,,,3.9 out of 5(177)
baby%20products,Johnsen'S BABY SHAMPOO 500 ML - Gentle Care for Your Baby's Hair,EGP 169.00,EGP 250.00,32%,,,4 out of 5(2)
baby%20products,Bebem Natural Baby Diapers Maxi Size 4 - 32 Pcs,EGP 171.00,EGP 239.00,28%,,,4.3 out of 5(56)
baby%20products,Bubbles Baby Fruit Teether - Pink,EGP 129.00,,0%,,,4 out of 5(5)
baby%20products,Nunu Nunu Nunu Baby Oil Lavender 200ml,EGP 129.00,,0%,,,4.4 out of 5(10)
baby%20products,Baby Joe DIAPER NO 4 58 PIECES,EGP 370.00,EGP 450.00,18%,,,5 out of 5(1)
baby%20products,Grace Baby Judy Nasal Aspirator for Babies,EGP 275.00,,0%,,,5 out of 5(1)
baby%20products,Molfix New Born Baby Diaper - Size 1 - 11 Pcs,EGP 75.00,EGP 105.00,29%,,,4.3 out of 5(49)
baby%20products,Soft Balls For Baby Toys - Set of 6 Sensory Balls,EGP 125.00,EGP 200.00,38%,,,5 out of 5(2)
baby%20products,Bebem Natural Baby Diapers Twin Pack Midi Size 3 - 32 Pieces,EGP 171.00,EGP 239.00,28%,,,4.3 out of 5(20)
baby%20products,Baby Walker – Safety and Comfort in Every Step,EGP 725.00,EGP 900.00,19%,,,1 out of 5(1)
baby%20products,Camera Baby Nasal Aspirator (11130) - Blue,EGP 133.00,EGP 200.00,34%,,,4 out of 5(3)
baby%20products,Bubbles Baby Cup 150ml Rose,EGP 229.00,,0%,,,4.4 out of 5(16)
baby%20products,Fine Baby SIZE 4 Diapers - 58 Pieces for Ultimate Comfort,EGP 370.00,EGP 500.00,26%,,,4.6 out of 5(7)
baby%20products,Nunu Nunu Nunu-Baby Cologne Dew Scent 200 Ml.,EGP 89.00,EGP 109.00,18%,,,5 out of 5(1)
baby%20products,Naughty Bunny Interactive Toy That Runs Behind Baby with Lights and Sounds for Unisex Kids Made of Safe and High Quality Materials Bebo_toys,EGP 175.00,EGP 300.00,42%,,,5 out of 5(1)
baby%20products,Sanosan Baby Bath & Shampoo 200ml,EGP 218.99,EGP 330.00,34%,,,5 out of 5(1)
baby%20products,Bubbles Baby Cup With Handles - 150ml Blue,EGP 229.00,,0%,,,4.8 out of 5(16)
baby%20products,Baby Fruit Teether High Quality,EGP 86.78,EGP 180.00,52%,,,3.4 out of 5(5)
baby%20products,Molfix Baby Diaper Mini - Size 2 - 40 Pcs,EGP 199.00,EGP 287.00,31%,,,4.2 out of 5(32)
baby%20products,Be Potato baby Shampoo Nourishes & Strengthens With Banana - 400ml,EGP 76.50,EGP 105.00,27%,,,4.5 out of 5(2)
baby%20products,Baberoo Baby Diaper Rash Cream 50 Ml,EGP 100.00,,0%,,,
baby%20products,Baby Training Bottle Plastic Cup with Two Handles and Lid,EGP 58.50,EGP 180.00,68%,,,3.7 out of 5(22)
baby%20products,Bubbles Natural Baby Bottle 150ml WT,EGP 229.00,EGP 289.00,21%,,,4.8 out of 5(4)
baby%20products,Nunu Nunu Baby Oil Lavender - Gentle 100 Ml Nourishing Oil,EGP 89.00,,0%,,,4 out of 5(2)
baby%20products,Bubbles Natural Baby Bottle 280ml +6m Pink,EGP 209.00,EGP 225.00,7%,,,4.4 out of 5(8)
baby%20products,Taha Offer Baby Care Set - 6-Piece Grooming Kit for Children,EGP 84.97,EGP 145.00,41%,,,3.8 out of 5(5)
baby%20products,Bubbles Baby Cup with Silicone Straw - Pink,EGP 149.00,,0%,,,4.2 out of 5(12)
baby%20products,Tola Baby Shampoo 80 Ml,EGP 105.00,,0%,,,4.2 out of 5(5)
baby%20products,White Baby Chamomile Wipes - 72 Pieces,EGP 50.00,EGP 68.00,26%,,,5 out of 5(5)
baby%20products,Bebem Natural Baby Diapers Jumbo Pack Midi Size 3 - 58 Pieces,EGP 294.00,EGP 412.00,29%,,,4.5 out of 5(28)
baby%20products,Johnson's  BABY SHAMPOO,EGP 65.00,EGP 100.00,35%,,,5 out of 5(1)
baby%20products,Molfix Baby Diapers - Jumbo Pack - New Born Size 1 - 60 Pieces,EGP 353.00,EGP 541.00,35%,,,4 out of 5(1)
baby%20products,Karimed WINK PRO Baby Diaper Rash Cream 30g,EGP 45.00,,0%,,,3.7 out of 5(107)
baby%20products,Sanosan Baby Care Oil - 100ml,EGP 260.00,EGP 350.00,26%,,,3.8 out of 5(5)
baby%20products,Molfix Baby Diaper Midi - Size 3 - 32 Pcs,EGP 199.00,EGP 279.00,29%,,,4.1 out of 5(7)
baby%20products,Molfix Baby Diaper Maxi - Size 4 - 32 Pcs,EGP 199.00,EGP 287.00,31%,,,4.2 out of 5(15)
baby%20products,Johnsons BABY OIL BEDTIME 75 ML,EGP 87.00,EGP 159.00,45%,,,
baby%20products,Fine Baby SIZE 5 58 PIECE,EGP 429.00,EGP 550.00,22%,,,3.5 out of 5(4)
baby%20products,"Penduline  Diaper Rash Cream-Protect-Heal, and Moisturize Baby’s Skin-  75 Ml",EGP 128.00,EGP 179.00,28%,,,
baby%20products,Just Baby Wipes - 120 Pcs,EGP 72.00,,0%,,,4 out of 5(1)
baby%20products,Taha Offer Baby Care Set - 6 Essential Pieces for Your Little One,EGP 84.97,EGP 145.00,41%,,,4.1 out of 5(8)
baby%20products,Two Pcs Of Natural Fit Silicone Nipple Shields Baby Pacifier Nipple Protection Cover Breastfeeding,EGP 78.00,EGP 180.00,57%,,,1 out of 5(2)
baby%20products,Bubbles Natural Baby Bottle 280ml +6m White,EGP 199.00,,0%,,,4.7 out of 5(10)
baby%20products,Beauenty Kids Stroller - Lightweight Compact Baby Stroller with Adjustable Features,"EGP 1,395.00","EGP 2,000.00",30%,,,1 out of 5(1)
baby%20products,Premaman Heat Sensitive Baby Spoon - 2Pcs,EGP 85.00,EGP 199.00,57%,,,4.3 out of 5(53)
baby%20products,Be Potato baby Shampoo Nourishes & Strengthens With Mango & Carrot 400 ml,EGP 83.00,EGP 110.00,25%,,,5 out of 5(2)
baby%20products,Bubbles Baby Plate With Spoon And Cover Pink,EGP 159.00,EGP 169.00,6%,,,4.3 out of 5(10)
baby%20products,Bubbles Natural Bottle 280 ML - Safe Baby Feeding Solution,EGP 202.00,EGP 347.00,42%,,,
baby%20products,Bebem Natural Baby Diapers Junior Size 5 - 28 Pcs,EGP 171.00,EGP 252.00,32%,,,3.5 out of 5(19)
baby%20products,"Multi Functional Baby Bag with Foldable Bed  All in One Practical Solution  Whether you're heading to a family visit a quick outing, or a longer trip, this multifunctional baby bag is your go-to companion. Combining elegance with functionality",EGP 599.00,EGP 999.00,40%,,,
baby%20products,Chicco A baby stroller with a flip arm and anti-puncture wheels. It has a storage basket for the baby’s essentials and a padded cover for the baby’s comfort while sitting and sleeping.,"EGP 4,499.00","EGP 5,999.00",25%,,,1 out of 5(1)
baby%20products,Baby Joe SIZE 4 PANTS 58 PIECE,EGP 373.00,EGP 500.00,25%,,,5 out of 5(1)
baby%20products,The Cheapest Baby Bag for Diapers and Pepperons,EGP 279.00,EGP 450.00,38%,,,4.3 out of 5(42)
baby%20products,Johnson's Sleep Time Baby Shampoo - 200 Ml,EGP 125.00,EGP 140.00,11%,,,
baby%20products,Silicone Teether - BPA Free for Safe Baby Teething Relief,EGP 120.00,EGP 220.00,45%,,,5 out of 5(1)
baby%20products,"Germany Baby Germany Baby Diapers 40pcs, Size 4,  8kg : 18kg",EGP 231.00,,0%,,,4 out of 5(104)
baby%20products,"Baby Dara Maximum Protection Diaper Rash Cream For Baby, 200 gm (2X 100 gm)",EGP 299.00,EGP 340.00,12%,,,4 out of 5(4)
baby%20products,Nunu Nunu Nunu-Baby Shampoo 1L - Price Offer,EGP 125.46,EGP 135.00,7%,,,3.7 out of 5(7)
baby%20products,Sanosan Baby Bath & Shampoo - 500 ML,EGP 449.00,EGP 555.00,19%,,,4.4 out of 5(178)
baby%20products,Nunu Nunu Baby Oil 200 Ml,EGP 92.00,EGP 112.00,18%,,,5 out of 5(2)
baby%20products,"Small Baby Bottle, Capacity 350 Ml, With Straw And Silicone Straw.",EGP 145.00,EGP 260.00,44%,,,4.2 out of 5(17)
baby%20products,super baby Powder Super 55555 - 200 ML for Gentle Skin Protection,EGP 51.00,EGP 91.00,44%,,,4.8 out of 5(5)
baby%20products,White 2 Packs of 72 Tissues Baby Wipes for Sensitive Skin,EGP 88.20,EGP 150.00,41%,,,
baby%20products,Molfix Baby Diaper Junior - Size 5 - 30 Pcs,EGP 209.00,EGP 296.00,29%,,,4.4 out of 5(22)
baby%20products,"The Sweetest Mommy Baby Wide Bag, Mix Red, White, And Navy",EGP 269.10,EGP 400.00,33%,,,4.5 out of 5(53)
baby%20products,Nunu Nunu Baby Shampoo 1 Liter + 200 Ml Free – Gentle Formula for Children,EGP 146.00,EGP 167.00,13%,,,5 out of 5(3)
baby%20products,Fur baby sitting chair,EGP 590.00,EGP 850.00,31%,,,
baby%20products,Baby Anti Lost Wrist Leash - 1.5 M,EGP 190.90,"EGP 1,050.00",82%,,,5 out of 5(2)
baby%20products,Melano Pharma Melanthenol Baby Cream,EGP 50.00,EGP 80.00,38%,,,5 out of 5(1)
baby%20products,Bebeto Bundle Of 2 Baby Training Bottle Plastic Cup - Two Handles And Lid - May Vary,EGP 92.63,EGP 240.00,61%,,,3.3 out of 5(8)
baby%20products,Edge Corner Guard Baby Safety Silicone - 4 pcs,EGP 65.00,EGP 120.00,46%,,,2.3 out of 5(3)
baby%20products,Fly Baby BREAST PUMP,EGP 73.00,EGP 135.00,46%,,,5 out of 5(1)
baby%20products,Good Care Baby Diapers - Jumbo Pack - Maxi Size 4 - 58 Pieces,EGP 249.00,EGP 312.00,20%,,,5 out of 5(3)
baby%20products,Huanger Multi Functional Baby Music Walker - Multi Color,EGP 880.00,"EGP 1,000.00",12%,,,5 out of 5(3)
baby%20products,Baby Fruit Teether,EGP 90.00,,0%,,,
baby%20products,2-in-1 Baby Walker,"EGP 1,450.00","EGP 2,100.00",31%,,,5 out of 5(2)
baby%20products,Johnson son's Baby Oil - 200ml,EGP 158.49,,0%,,,5 out of 5(1)
baby%20products,Nunu Nunu Baby Oil - 100 Ml Nourishing Oil for Gentle Hydration,EGP 89.00,,0%,,,4.7 out of 5(3)
baby%20products,Tola Baby Shampoo 250ml + Oil Replacement 150ml,EGP 450.00,,0%,,,3.2 out of 5(12)
baby%20products,Nunu Nunu Nunu-offer 1 Baby Shampoo 1 Liter + 1 Shampoo Plus 200 Ml Free,EGP 146.00,EGP 167.00,13%,,,3.5 out of 5(2)
baby%20products,Baby JOY CULOTTE 5 52 PIECES,EGP 383.00,EGP 638.00,40%,,,
baby%20products,"Child and Infant Safety Lock for Drawers, Cupboards and Refrigerator (3 pieces)",EGP 109.17,EGP 150.00,27%,,,3 out of 5(2)
baby%20products,Camera Baby Camera Fedeer GLASS Blue (20068) 250ml,EGP 295.00,EGP 400.00,26%,,,4.5 out of 5(4)
baby%20products,Pink Blue Elegant Silicone Baby Spoon - 2 Pcs - Multicolor,EGP 198.00,,0%,,,
baby%20products,Mamie Baby Bag for Going Out - Spacious & Stylish Black Design,EGP 251.10,EGP 440.00,43%,,,4 out of 5(39)
baby%20products,Bubbles Natural Baby Bottle +1m 150ml Pink,EGP 189.00,,0%,,,5 out of 5(4)
baby%20products,"3-in-1 Baby Activity Gym & Ball Pit with 30 Balls & Linkable Toys – Infant Play Mat, Tummy Time, and Toddler Fun",EGP 999.11,"EGP 1,200.00",17%,,,
baby%20products,13 In 1 Rubber Baby Rattle,EGP 195.00,EGP 250.00,22%,,,5 out of 5(3)
baby%20products,The Cheapest Baby Bed Bag For Diapers And Pepperons-USB,EGP 629.00,EGP 900.00,30%,,,4 out of 5(10)
baby%20products,Baby Walker With Multifunctional Educational Activity Center,EGP 899.00,"EGP 1,099.00",18%,,,5 out of 5(1)
baby%20products,Bubbles BABY CUP,EGP 166.00,EGP 291.00,43%,,,
baby%20products,Fur baby sitting chair,EGP 590.00,EGP 750.00,21%,,,
baby%20products,Molfix Pantes Baby Diapers - Size 5 - From 12Kg To 17Kg- 58 Diapers,EGP 437.00,EGP 500.00,13%,,,4.4 out of 5(8)
baby%20products,"Sanosan Bath And Shampoo For Baby, 500 Ml",EGP 589.00,"EGP 1,000.00",41%,,,
baby%20products,Mami Baby Bag for Going Out - Spacious and Stylish Red Design,EGP 251.10,EGP 400.00,37%,,,4.5 out of 5(19)
baby%20products,"Baby Seat With Car Seat Belt For Toddlers, Multi-Use For Home And Car, Securing Children On The Go",EGP 499.00,,0%,,,1 out of 5(1)
baby%20products,Camera Baby Camera Fedeer Plastic Pink (51889) 240ml,EGP 155.00,EGP 200.00,23%,,,4.8 out of 5(4)
baby%20products,Pampers Premium Extra Care Baby Diapers - Size 2 – From 3Kg To 8Kg – 96 Diapers,EGP 699.00,EGP 899.00,22%,,,5 out of 5(2)
baby%20products,Baby Potty,EGP 350.00,EGP 500.00,30%,,,
baby%20products,Molfix 3 Jumbo Pack Baby Diapers - 58 Pieces,EGP 386.00,EGP 638.00,39%,,,
baby%20products,Mommy Baby Bag Mammies Open Bed  Black,EGP 629.10,"EGP 1,039.00",39%,,,5 out of 5(1)
baby%20products,Infant And Toddler Rocking Bouncer - Blue,EGP 489.00,,0%,,,4.3 out of 5(17)
baby%20products,Nunu Nunu Baby Powder 100gm,EGP 89.00,EGP 109.00,18%,,,
baby%20products,Quidado Kids Qَuidado Baby Diaper Rash Cream,EGP 100.00,,0%,,,4.8 out of 5(5)
baby%20products,"rooming Kit, Baby Care Tools and Essentials, 8 Piece",EGP 300.00,,0%,,,
baby%20products,-design Baby Bib to Protect Baby's Clothes While Eating,EGP 75.00,EGP 150.00,50%,,,3 out of 5(3)
baby%20products,Bubbles Baby Fruit Teether - Blue,EGP 129.00,,0%,,,4 out of 5(4)
baby%20products,Baby Nail File Trimmer Buffer with Light Quiet 6 in 1 Electric Baby Nail Clipper for Newborn Kids Toes and Fingernails Care,EGP 270.00,EGP 300.00,10%,,,
baby%20products,Johnsons BABY BATH 500ML,EGP 202.00,EGP 347.00,42%,,,5 out of 5(1)
baby%20products,Bubbles Natural Baby Bottle White 150ml (1 – 6 months),EGP 199.00,,0%,,,5 out of 5(3)
baby%20products,Baby Support Chair - Comfortable Sitting,EGP 695.00,EGP 850.00,18%,,,5 out of 5(1)
baby%20products,Baby Nail Trimmer - Safe Electric Clippers for Newborns & Toddlers,EGP 160.00,,0%,,,1 out of 5(1)
baby%20products,dermactive Baby Body Moisturizing Lotion 250 ML,EGP 191.00,EGP 330.00,42%,,,4 out of 5(3)
baby%20products,Bunny Piggy Bank Children House Coin Holder - Mysterious Box Cute Room Decor Cash Savings Bills Moneybox - Teach Kids the Value of Saving (Baby-Bue),EGP 475.00,,0%,,,
baby%20products,Baby Stroller,"EGP 1,480.00","EGP 2,000.00",26%,,,
baby%20products,Vaseline Baby Moisturizing Gentle Hypoallergenic 250Ml,EGP 203.00,EGP 299.00,32%,,,4.3 out of 5(4)
baby%20products,"Plush Animal Baby Chair – Soft Fur Support Seat for 6+ Months - Comfortable & Safe Sitting Chair for Infants – Duck, Panda & Bear Design – Ideal Nursery Furniture","EGP 1,040.00","EGP 1,600.00",35%,,,
baby%20products,Taki Baby Crib Mattress – Comfortable & Safe Infant Bed Mattress - White,"EGP 1,300.00",,0%,,,
baby%20products,Karol Baby Shaking +0m Brown,EGP 110.00,EGP 140.00,21%,,,5 out of 5(1)
baby%20products,Penduline  Baby Wipes With97% Water-70pcs-Calendula- Safe for New Born-Sensitivie Skin-Zero Alcohol - Fragrance - Parabens,EGP 102.00,EGP 145.00,30%,,,
baby%20products,Newborn Baby Care Set For Girls. (10 Piece),EGP 218.99,EGP 350.00,37%,,,4.7 out of 5(19)
baby%20products,"Baby High Chair with Adjustable Height and Footrest, Baby Feeding Booster Seat with Tray, Wheels, Safety Belt for Toddlers","EGP 1,790.00","EGP 2,250.00",20%,,,5 out of 5(3)
baby%20products,Purpose Baby Bag,EGP 639.00,EGP 900.00,29%,,,4 out of 5(15)
baby%20products,Nunu Nunu Baby Shampoo 1 Litre + Baby Oil 200ml,EGP 199.00,EGP 209.00,5%,,,4.6 out of 5(9)
baby%20products,Pink Blue Baby Bottle Widenick 240 Ml With A Handle Premium,EGP 198.00,,0%,,,
baby%20products,Baby bed rides with remote control music,EGP 850.00,"EGP 1,600.00",47%,,,
baby%20products,Bubbles Baby Fruit Teether Blue,EGP 119.00,,0%,,,4.3 out of 5(7)
baby%20products,White Baby Sensitive Skin Wipes - 72 Pieces,EGP 55.00,EGP 74.00,26%,,,5 out of 5(6)
baby%20products,Comfortable And Safe Baby Diapers - 1 pcs,EGP 49.99,EGP 115.00,57%,,,2.7 out of 5(3)
baby%20products,Philips Natural Baby Teat Variable Flow - 3 Months+ 2-Pack,EGP 681.00,EGP 756.00,10%,,,
baby%20products,Philips Natural Baby Bottle SCF039/17 - Perfect for Breastfeeding Transition,EGP 599.00,"EGP 1,799.00",67%,,,5 out of 5(2)
baby%20products,Nunu Nunu Baby Oil Vanilla Fragrance 100 Ml Nourishing Oil,EGP 89.00,,0%,,,4.3 out of 5(4)
baby%20products,Two Pieces Of Baby Silicone Elbow Soft Spoon Bendable,EGP 126.75,EGP 228.00,44%,,,1 out of 5(1)
baby%20products,Pink Blue Baby Plate With Spoon And Fork - With Cover Plate,EGP 73.13,EGP 144.00,49%,,,3 out of 5(3)
baby%20products,"Lightweight & Compact Baby Stroller – Easy Fold, Safe and Comfortable for Daily Use – 3.6kg","EGP 2,450.00",,0%,,,
baby%20products,Sanosan Baby Bath & Shampoo Delicate Skin & Hair 500 Ml,EGP 483.00,EGP 537.00,10%,,,5 out of 5(3)
baby%20products,Bubbles Baby Fruit Teether - Green,EGP 129.00,,0%,,,4 out of 5(5)
baby%20products,Bubbles Baby Toilet Potty With Hand,EGP 490.00,,0%,,,4.4 out of 5(7)
baby%20products,Baby Joe SIZE 2 Diapers - 60 Piece Pack,EGP 315.00,EGP 375.00,16%,,,5 out of 5(1)
baby%20products,Fine Baby SIZE 2 Diapers - 58 Pieces,EGP 312.00,EGP 400.00,22%,,,3.8 out of 5(6)
baby%20products,Round Baby Walker,"EGP 1,450.00","EGP 1,999.00",27%,,,
baby%20products,Hg BABY BED,"EGP 5,500.00",,0%,,,
baby%20products,Pampers Pampers Baby Dry Diapers - Size 2 – From 3Kg To 8Kg – 60 Diapers,EGP 495.71,EGP 569.78,13%,,,
baby%20products,Baby Feeding Set - 6 Pieces,EGP 570.00,EGP 850.00,33%,,,
baby%20products,Baby's piano mat,EGP 420.00,EGP 500.00,16%,,,5 out of 5(1)
baby%20products,Cute Chicken Bear with Projection Light & Cartoon Pendants – Hanging Baby Crib Toy(Mintgreen),EGP 750.00,,0%,,,
baby%20products,First Stage Infant Carseat,"EGP 1,650.00","EGP 1,750.00",6%,,,4 out of 5(1)
baby%20products,Pink Blue Elegant Silicone Baby Spoon - 2 Pcs - Multicolor,EGP 198.00,,0%,,,
baby%20products,Baby Bath Shower Cap – Waterproof Shampoo Hat for Babies,EGP 125.00,,0%,,,
baby%20products,Bath Duck Toys Rubber Ducks Family Squeak and Float Duckies Baby Shower Toy Party Decoration for Toddlers Boys Girls (Winking Duck Family),EGP 59.00,,0%,,,
baby%20products,Baby Play Mat,EGP 520.00,EGP 750.00,31%,,,
baby%20products,"Soofam Baby Activity Table for Toddlers 6 to 12 Months, Giraffe Musical Learning Toy",EGP 402.00,EGP 560.00,28%,,,1 out of 5(1)
baby%20products,Baby Play Mat,EGP 500.00,EGP 650.00,23%,,,
baby%20products,dermactive BABY DIAPER SOOTHING CREAM 75 ML,EGP 110.00,EGP 200.00,45%,,,4.3 out of 5(3)
baby%20products,Bed Lattice For Baby 180cm - Safety Bed Rail for Children,"EGP 1,100.00","EGP 1,500.00",27%,,,5 out of 5(2)
baby%20products,"Lucky Baby  Bottle Cleaning Brush Set, 2 Pieces - Pink",EGP 49.00,EGP 101.00,51%,,,
baby%20products,Potty Trainer To Help Baby (Yellow/Blue),EGP 730.00,"EGP 1,000.00",27%,,,
baby%20products,"Germany Baby Germany Baby Diapers 40pcs, Size 3,  4kg : 10kg",EGP 230.00,,0%,,,4.3 out of 5(65)
baby%20products,Baby Care Kit - 13 Pieces in a Bag,EGP 375.00,EGP 500.00,25%,,,5 out of 5(3)
baby%20products,"Avent Baby Bottle With Natural Response Teat, (+0M) 125ml",EGP 999.00,"EGP 1,199.00",17%,,,4.1 out of 5(7)
baby%20products,Mami Baby Bed Bag - Multi-Functional Waterproof Travel Bag,EGP 655.00,EGP 900.00,27%,,,4.7 out of 5(3)
baby%20products,Foldable Baby Bath Tub,EGP 915.00,"EGP 1,200.00",24%,,,
baby%20products,Baby Health Care Kit for Newborn Baby - 10 Pcs - Pink,EGP 214.00,EGP 340.00,37%,,,4.6 out of 5(13)
baby%20products,Newborn Baby Care Set For Girls. (10 Piece),EGP 199.00,EGP 330.00,40%,,,3.7 out of 5(3)
baby%20products,Bubbles Natural Baby Bottle 150ml Blue,EGP 237.00,EGP 310.00,24%,,,4.8 out of 5(5)
baby%20products,Pink Blue BABY Teething Toothbrush For Infants Teether - Healthy For Babies,EGP 47.78,EGP 108.00,56%,,,
baby%20products,1 Pc Baby Healthy Transparent Silicone Teether - Different Shapes,EGP 47.78,EGP 96.00,50%,,,3 out of 5(4)
baby%20products,Pink Blue Bundle Of 3 BABY Teething Toothbrush For Infants Teether - Healthy For Babies,EGP 63.38,EGP 132.00,52%,,,5 out of 5(1)
baby%20products,"Baby Grooming Kit, 8 Pcs Pink Portable Case, Scissors, Hair Brush, Thermometer, Comb and Nail Trimmer",EGP 325.00,,0%,,,
baby%20products,Soft Toddler Toys for Newborns – Plush Sensory Baby Rattles & Early Development Toys,EGP 175.00,,0%,,,
baby%20products,"Soft & Dream 3 Position Baby Carrier – Breathable Cotton Fabric, Removable Protective Cover, Fixed Belt for Weight Distribution, Padded Interior, Adjustable Straps – Comfortable & Safe for Newborns and Infants (Grey)","EGP 1,000.00",,0%,,,
baby%20products,Camera Baby Feeding Bottle Fedeer Plastic Blue (51889) 240ml,EGP 155.00,EGP 200.00,23%,,,5 out of 5(4)
baby%20products,Baby Diaper - Alternative To Pampers - Reusable And Washable - 3 Pieces,EGP 200.00,,0%,,,3.7 out of 5(6)
baby%20products,Baby Edge Safety Pads - 8 Pcs,EGP 79.00,EGP 190.00,58%,,,4.5 out of 5(4)
baby%20products,Round Baby Walker,"EGP 1,450.00","EGP 1,999.00",27%,,,
baby%20products,& Portable Baby Feeding Seat – Soft Foam Padding & Backrest – Green,EGP 695.00,EGP 850.00,18%,,,
baby%20products,Of Baby Nail Clipper - Unisex,EGP 44.85,EGP 93.60,52%,,,5 out of 5(1)
baby%20products,Rocking Baby Bouncer,EGP 480.00,EGP 550.00,13%,,,
baby%20products,Baby Joe Disposable Diapers Size 3 - 58 Pieces,EGP 371.00,EGP 400.00,7%,,,5 out of 5(3)
baby%20products,Pink Blue Bundle Of 2 BABY Teething Toothbrush For Infants Teether Healthy-for Babies,EGP 55.57,EGP 108.00,49%,,,3.5 out of 5(2)
baby%20products,Silicone Baby Feeding Set - 6 Pieces,EGP 550.00,EGP 650.00,15%,,,4 out of 5(1)
baby%20products,White 6 Packs * 100 Wipes Baby Wet Wipes (600 Wipes),EGP 314.10,EGP 540.00,42%,,,
baby%20products,Silicone Baby Feeding Set - 6 Pieces,EGP 475.00,EGP 750.00,37%,,,1 out of 5(1)
baby%20products,Bubbles Natural Baby Bottle Blue 280 ml (+6 months),EGP 225.00,,0%,,,
baby%20products,-functional Baby Table Chair,"EGP 1,749.00","EGP 3,205.00",45%,,,4 out of 5(1)
baby%20products,Braided Baby Crib Bumper –  Soft Knot Pillow Protector for Newborns,EGP 900.00,,0%,,,
baby%20products,TOYS-EGYPT Baby Water Mattress for Sleeping Beach or Home Soft Photo and Stereoscopic Baby Center Air Mattress High Quality Material (Large Round),EGP 250.00,,0%,,,
baby%20products,Soothing Pain Relief Baby Teething Gloves,EGP 125.00,EGP 150.00,17%,,,5 out of 5(1)
baby%20products,2-in-1 Baby Walker,"EGP 1,800.00","EGP 2,100.00",14%,,,4.6 out of 5(8)
baby%20products,Baby Feeding Spoon – Soft & Safe,EGP 150.00,,0%,,,
baby%20products,Bubbles Natural Baby Bottle White 280 ml (+6 months),EGP 225.00,,0%,,,
baby%20products,"and baby wheels, easy to move and suitable for travel","EGP 1,550.00","EGP 3,500.00",56%,,,
baby%20products,Philips Natural Baby Bottle SCF033/17 - 260ML,"EGP 1,799.00",,0%,,,4.3 out of 5(56)
baby%20products,Silicone Baby Feeding Set - 6 Pieces,EGP 550.00,"EGP 1,000.00",45%,,,
baby%20products,Fine Baby SIZE 3 58 PIECE,EGP 365.00,EGP 500.00,27%,,,5 out of 5(1)
baby%20products,Camera Baby Camera Nipple Shield (10312) 1Pce,EGP 120.00,EGP 200.00,40%,,,
baby%20products,Johnsons BABY BATH 200 ML NEW,EGP 126.00,EGP 226.00,44%,,,
baby%20products,First Stage Infant Carseat,"EGP 1,600.00","EGP 2,000.00",20%,,,5 out of 5(1)
baby%20products,"Johnson Baby Shampoo, 500ml",EGP 192.00,EGP 288.00,33%,,,3.7 out of 5(6)
baby%20products,Tola Baby 2 In 1 Shampoo & Body Wash 250 Ml,EGP 132.00,EGP 202.00,35%,,,4.1 out of 5(17)
baby%20products,Chicco Baby Moments Sponge Bath Glove,EGP 200.00,,0%,,,
baby%20products,Passion BaBy Soap For Kids - 100GM,EGP 95.00,EGP 190.00,50%,,,
baby%20products,"Silicone Baby Fruit Pacifier, 2724569387140",EGP 90.00,,0%,,,5 out of 5(1)
baby%20products,La Frutta Baby Glass Bottle +0m 120ml Blue,EGP 149.00,EGP 159.00,6%,,,5 out of 5(2)
baby%20products,"Fine Baby Fine Baby Double Lock Diapers Size 3, Medium - From 4Kg To 9kg- 58 Daipers",EGP 369.00,EGP 398.00,7%,,,1.5 out of 5(2)
baby%20products,"Wooden Puzzles for Toddlers 1-3, Montessori Shapes Sorter Board Puzzle for 1 2 3,Preschool Learning Toys for Baby Kids",EGP 199.00,,0%,,,
baby%20products,Molfix Baby Diaper Maxi - Size 4 - 8 Pcs,EGP 67.00,EGP 97.00,31%,,,4.4 out of 5(13)
baby%20products,Leak-proof Baby Training Cup With Straw (250 Ml),EGP 149.00,EGP 300.00,50%,,,3.8 out of 5(35)
baby%20products,ible Baby Play Mat for Kids 200x180CM,EGP 885.00,"EGP 1,200.00",26%,,,
baby%20products,BUNNY BOUND Elevana Bunny Bound Baby Oil 100 Ml,EGP 70.00,EGP 140.00,50%,,,4.3 out of 5(8)
baby%20products,Hygiene Wet Wipes Baby 35+5w*3PCS,EGP 89.00,EGP 120.00,26%,,,
baby%20products,Bubbles Baby Cup and Feeding Bottle 2 In 1 - 280ml Blue,EGP 279.00,,0%,,,5 out of 5(8)
baby%20products,Newborn Baby Care Set For Girls. (6 Piece),EGP 98.00,EGP 140.00,30%,,,4.8 out of 5(9)
baby%20products,"“A baby changing mat with an attractive animal-shaped design, equipped with a foldable head pillow and suitable for multiple uses.”",EGP 350.00,EGP 599.00,42%,,,
baby%20products,Mastela 4-in-1 Baby Rocking Chair (Mastela),"EGP 4,190.00","EGP 5,399.00",22%,,,5 out of 5(1)
baby%20products,Baby Knee Pad 3 pieces,EGP 240.00,EGP 449.00,47%,,,
baby%20products,And Baby Carrycot,"EGP 1,999.00",,0%,,,5 out of 5(1)
baby%20products,Bebem Baby Diapers - Jumbo Pack - Mini Size 2 - 58 Pieces,EGP 287.50,EGP 400.00,28%,,,
baby%20products,"Baby Walker, Kids Sit-to-Stand Learning Walker Activity Center by Bebo_toys","EGP 1,500.00","EGP 1,900.00",21%,,,4.5 out of 5(2)
baby%20products,Baby Thumb Sucking Stopper Infant Finger Guard,EGP 245.00,,0%,,,3.5 out of 5(6)
baby%20products,"Majestic 3-in-1 Mother & Baby Diaper Bag Set, Waterproof, Large Capacity Multifunctional Backpack with Handbag and Essentials Case","EGP 2,251.00","EGP 3,000.00",25%,,,
baby%20products,Baby Toilet Seat With Stairs,EGP 415.00,"EGP 2,000.00",79%,,,5 out of 5(2)
baby%20products,General Rattles Shape Baby Toy Box 11 - Multicolor,EGP 280.00,,0%,,,4.9 out of 5(9)
baby%20products,555 555 Natural Baby Powder Talc Free - 200 Gm,EGP 64.00,EGP 100.00,36%,,,4.1 out of 5(18)
baby%20products,El Helal W El Negma Children's Baby Bathtub -,EGP 280.00,,0%,,,4.4 out of 5(16)
baby%20products,"Baby High Chair with Adjustable Height and Footrest, Baby Feeding Booster Seat with Tray, Wheels, Safety Belt for Toddlers","EGP 1,850.00","EGP 2,200.00",16%,,,
baby%20products,Nunu Nunu Nunu-Baby Cologne Breeze Scent 200 Ml.,EGP 98.00,EGP 109.00,10%,,,4 out of 5(3)
baby%20products,Fabric Baby Bottle Holder3 pieces,EGP 248.00,EGP 300.00,17%,,,
baby%20products,Foldable Baby Bath Tub – Lightweight & Safe Plastic and silicon,EGP 699.00,,0%,,,
baby%20products,Camera Baby Feeder Plastic Blue (51885) - 150ml,EGP 145.00,EGP 200.00,28%,,,3.7 out of 5(3)
baby%20products,General BABY Carrier EN71-2 EN71-3 Red,EGP 400.00,,0%,,,
baby%20products,Lucky Baby Silicone  Feeding Spoon,EGP 119.00,,0%,,,5 out of 5(1)
baby%20products,Hygiene wet wipes baby 40W*8Pcs,EGP 199.00,EGP 300.00,34%,,,5 out of 5(1)
baby%20products,Fine Baby FINE BABY Diapers JUMBO Pack LARGE Size 4 - 58 PCS,EGP 405.00,EGP 495.00,18%,,,3 out of 5(2)
baby%20products,Camera Baby Feeding Bottle Plastic White (50011) 40ml,EGP 120.00,EGP 130.00,8%,,,5 out of 5(1)
baby%20products,Baby Bottle Phone,EGP 180.00,EGP 250.00,28%,,,
baby%20products,General Baby Walker Micky Size 80 × 70,EGP 849.00,EGP 900.00,6%,,,2 out of 5(1)
baby%20products,"Bed Rails Guard for Baby - Height Side Bed Falling Protector (Blue, 180cm)","EGP 1,150.00","EGP 1,500.00",23%,,,
baby%20products,Johnson's Baby Extra Sensitive Wipes - 56 Wipes,EGP 97.00,EGP 500.00,81%,,,4.8 out of 5(4)
baby%20products,Baby Shower Cap Prevents Shampoo And Water From Getting In During Bath Time,EGP 45.00,EGP 100.00,55%,,,4.5 out of 5(2)
baby%20products,Molfix Molfix Baby Diapers - Size 5 - From 11Kg To 25Kg- 58 Diapers,EGP 417.00,EGP 589.00,29%,,,4.7 out of 5(3)
baby%20products,"Baby Care Kit, 10 Pieces, Essential Care Kit, Pink",EGP 225.00,,0%,,,
baby%20products,"Table Corner Protectors For Baby - Pre-Taped Corner Guards, 8 Pack",EGP 78.00,EGP 250.00,69%,,,4.5 out of 5(2)
baby%20products,Baby Sit-Up Support,EGP 600.00,EGP 750.00,20%,,,
baby%20products,Camera Baby Feeding Bottle Fedeer Plastic White 240ml,EGP 140.00,EGP 200.00,30%,,,4 out of 5(4)
baby%20products,Sanosan Baby Care Lotion - 200ML,EGP 309.00,EGP 399.00,23%,,,5 out of 5(8)
baby%20products,Belico Stroller for Kids - Baby Stroller,"EGP 4,750.00","EGP 5,500.00",14%,,,
baby%20products,Bubbles Baby Powder 40 Gm,EGP 55.71,EGP 64.03,13%,,,
baby%20products,Rocking Baby Bouncer,"EGP 1,250.00","EGP 1,450.00",14%,,,
baby%20products,Baby Feeding Bottle With Hand 350Ml-1pcs,EGP 145.00,EGP 200.00,28%,,,4.7 out of 5(3)
baby%20products,Baby High Chair,"EGP 1,900.00","EGP 2,500.00",24%,,,
baby%20products,"Baby High Chair with Adjustable Height and Footrest, Baby Feeding Booster Seat with Tray, Wheels, Safety Belt for Toddlers","EGP 1,790.00","EGP 2,250.00",20%,,,5 out of 5(1)
baby%20products,Mami Baby Bedding Bag,EGP 629.10,"EGP 1,039.00",39%,,,1 out of 5(1)
baby%20products,Rocking Baby Bouncer,EGP 480.00,EGP 550.00,13%,,,
baby%20products,Eva Cosmetics Skin Clinic Bebe Shampoo for 0-12 Months - Gentle Baby Shampoo,EGP 99.00,EGP 199.00,50%,,,4 out of 5(1)
baby%20products,"Gerber Set of 8 baby washcloths, 23 x 23 cm, made of cotton",EGP 165.00,EGP 225.00,27%,,,
baby%20products,Soft Balls For Baby Toys 6 Balls,EGP 250.00,,0%,,,4.5 out of 5(17)
health&beauty,On Call Test Strips 50 TEST,EGP 415.00,,0%,,,5 out of 5(1)
health&beauty,Abon HCV Hepatitis C Virus Rapid Tests - 1 Test,EGP 149.00,EGP 199.00,25%,,,2 out of 5(4)
health&beauty,Pro Gold Blood Circulation Activator,"EGP 1,850.00",,0%,,,1 out of 5(1)
health&beauty,"2L Enema Kit, Reusable Travel Enema Kit",EGP 100.00,,0%,,,5 out of 5(1)
health&beauty,4 Pieces Silicone Face Cupping Cups To Combat Cellulite,EGP 450.00,,0%,,,
health&beauty,element blood glucose meter,EGP 350.00,,0%,,,
health&beauty,Blueidea Digital Therapy Machine - 2 Channels,EGP 425.00,EGP 600.00,29%,,,3.7 out of 5(53)
health&beauty,Electronic Withdrawal Device,"EGP 1,750.00",,0%,,,
health&beauty,Gold Extender,"EGP 1,850.00",,0%,,,
health&beauty,Screen 10 - Complete Urine Analysis Rapid Test - 150 Strip,"EGP 1,699.00",,0%,,,
health&beauty,ACCU CHEK PERFORMA TEST HOME,EGP 265.00,EGP 400.00,34%,,,3 out of 5(2)
health&beauty,ate,"EGP 1,250.00",,0%,,,
health&beauty,"Aid Plus Medical Cast Shoe, made of durable fabric with non-slip, waterproof materials on the bottom, with an adjustable strap and an open toe for foot rehabilitation and bone fractures (XXL / 44-45 cm) Brand",EGP 165.00,,0%,,,
health&beauty,Sure Sure Check Pregnancy Test 1Pcs,EGP 116.00,EGP 129.00,10%,,,
health&beauty,GlucoDr STREPS GLUCOSE LEVEL 50 P,EGP 383.00,EGP 600.00,36%,,,
health&beauty,"Stainless Steel SaltSugar Bowl Set, Seasoning Box With Glass Lid Spoon And Tray Rustproof Round Condiment Pots Polished Shiny Sugar Container Jar Kitchen Spice Canister (Gold)","EGP 5,000.00",,0%,,,
health&beauty,Urine collection kit as an alternative to catheterization for male bedwetting M,EGP 75.00,,0%,,,
health&beauty,Genki Digital Therapy Machine,EGP 650.00,,0%,,,
health&beauty,Blood Glucose Monitoring System (TD-4251) - User-Friendly Device for Accurate Testing,EGP 725.00,,0%,,,
health&beauty,Urine collection kit as an alternative to catheterization for male bedwetting,EGP 75.00,,0%,,,
health&beauty,Rinse Device,"EGP 1,100.00",,0%,,,
health&beauty,Meditech Efficient Performance Patient Monitor,"EGP 17,700.00",,0%,,,
health&beauty,On Call Extra,EGP 424.00,,0%,,,
health&beauty,ACCU CHEK Blood Glucose Monitoring System with 10 Free Check Strips,EGP 390.00,EGP 500.00,22%,,,
health&beauty,"iTrust Soft Neck Collar with Support, Size XXL",EGP 189.00,EGP 199.00,5%,,,
health&beauty,ACCU CHEK Instant Strips - 50 Strips,EGP 750.00,,0%,,,
health&beauty,"On Call Plus  Blood Glucose Test Strips – 25 PCS – Compact, Accurate, Easy to Use",EGP 428.00,EGP 520.00,18%,,,
health&beauty,Spesera Covid19 Antigen Test HOME TEST (2),EGP 500.00,,0%,,,
health&beauty,ACCU CHEK Glucose Test Strips - 50 Strip,EGP 630.00,EGP 700.00,10%,,,
health&beauty,Rossmax Handheld Piston Nebulizer,"EGP 2,865.00","EGP 3,350.00",14%,,,
health&beauty,Luna Foot Powder Luna - 75gm,EGP 39.00,EGP 55.00,29%,,,4.1 out of 5(15)
health&beauty,GlucoDr BLOOD GLUCOSE MONITORE,EGP 540.00,EGP 750.00,28%,,,
health&beauty,Urine collection kit as an alternative to catheterization for male bedwetting M,EGP 75.00,,0%,,,
health&beauty,Urine collection kit as an alternative to catheterization for male bedwetting xl,EGP 75.00,,0%,,,
health&beauty,ACCU CHEK Active Glucose Test Strips - 50 Pcs,EGP 560.00,EGP 700.00,20%,,,
health&beauty,Dozova  Q10-CO 30 CAP JAR,EGP 480.00,EGP 735.00,35%,,,
health&beauty,Jade Roller - Natural Jade Gua Sha Massage Tool For Face And Full Body Massage- Facial Roller Set - Authentic Jade Tools for Rejuvenation and Relaxation - Perfect Self-Care,EGP 565.25,EGP 665.00,15%,,,
health&beauty,On Call STREPS GLUCOSE LEVEL 50 P,EGP 325.00,EGP 500.00,35%,,,
health&beauty,Body Composition Scale,EGP 320.00,"EGP 2,000.00",84%,,,4.2 out of 5(343)
health&beauty,Bluetooth Electronic LED Digital Body Fat Scale,EGP 325.00,"EGP 1,200.00",73%,,,3.8 out of 5(31)
health&beauty,Bluetooth Scale - White,EGP 275.00,EGP 525.00,48%,,,4.2 out of 5(24)
health&beauty,"Now DHA 100mg Chewable Softgels, 60 Softgels",EGP 935.00,"EGP 1,200.00",22%,,,5 out of 5(1)
health&beauty,Rossmax Z1 Automatic Blood Pressure Monitor,"EGP 1,320.00","EGP 3,600.00",63%,,,4.7 out of 5(33)
health&beauty,Smart Digital Bathroom Scale - 180Kg,EGP 390.00,,0%,,,4.2 out of 5(418)
health&beauty,Smart Bluetooth Electronic LED Digital Body Fat  Scale,EGP 399.00,EGP 598.50,33%,,,4.6 out of 5(74)
health&beauty,Smart Bluetooth Electronic LED Digital Body Fat Scale DIGITAL UP 180 K,EGP 323.00,EGP 500.00,35%,,,4.1 out of 5(70)
health&beauty,"Now Organic Spirulina, 1000mg, 120 Tablets","EGP 1,170.00","EGP 1,500.00",22%,,,5 out of 5(3)
health&beauty,"Gel Heel Pads for Ankle Pain, Heel Spur, and Shoe Support for Men and Women",EGP 38.00,EGP 90.00,58%,,,1 out of 5(1)
health&beauty,Foot Pads For Shoes Heel Grips For Spurs And Heel Blister Prevention .,EGP 21.98,EGP 150.00,85%,,,3.9 out of 5(55)
health&beauty,Veexia Vee Hair - Comprehensive Hair Nourishment Supplement,EGP 380.00 - EGP 560.00,,0%,,,5 out of 5(1)
health&beauty,"Heel Pads - Comfortable Heel Protectors, Prevent Painful Friction",EGP 23.99,EGP 100.00,76%,,,5 out of 5(1)
health&beauty,Bathroom Scale - 180 KG,EGP 375.00,,0%,,,4.1 out of 5(163)
health&beauty,"Heel Pads - Comfortable Heel Protectors, Prevent Painful Friction",EGP 28.99,EGP 100.00,71%,,,3.5 out of 5(4)
health&beauty,Body Composition Scale,EGP 319.00,"EGP 1,000.00",68%,,,5 out of 5(2)
health&beauty,Scale - 180kg,EGP 295.00 - EGP 298.00,EGP 442.50 - EGP 447.00,33%,,,4.1 out of 5(418)
health&beauty,"Now Turmeric Curcumin Extract, 60 Veg Capsules","EGP 1,720.00","EGP 2,200.00",22%,,,5 out of 5(1)
health&beauty,meter - Fast and Accurate Body Temperature Reader,EGP 49.00,EGP 95.00,48%,,,5 out of 5(4)
health&beauty,TaiDoc U Right Compressor Nebulizer + Free Adapter,EGP 490.00,EGP 750.00,35%,,,4 out of 5(36)
health&beauty,Rossmax Blood Pressure Monitor with Stethoscope,EGP 688.00,"EGP 2,000.00",66%,,,4.5 out of 5(14)
health&beauty,Silicone Medical Shoe Insole For Foot Comfort - Blue/Yellow,EGP 104.00,EGP 180.00 - EGP 250.00,58%,,,3.8 out of 5(131)
health&beauty,Frutina Foot Spray - Mint Scent - 100 ML,EGP 108.00,EGP 150.00,28%,,,4.4 out of 5(59)
health&beauty,Beurer BM27 Upper Arm Blood Pressure Monitor,"EGP 1,750.00",,0%,,,4.1 out of 5(12)
health&beauty,Infinity Biovita Vegan Gummies 60+30 Pcs,EGP 239.00,EGP 250.00,4%,,,5 out of 5(4)
health&beauty,Dozova NAD+ 300 MG 30 CAP,EGP 288.00,EGP 441.00,35%,,,5 out of 5(1)
health&beauty,Arch Support - Flat Foot Insole,EGP 390.00 - EGP 400.00,"EGP 1,000.00",61%,,,4.7 out of 5(3)
health&beauty,Bluetooth Electronic LED Digital Body Fat Scale,EGP 324.00,"EGP 2,000.00",84%,,,3.6 out of 5(11)
health&beauty,Super Kids MULTI VITAMINS 60 GUMMIES,EGP 186.00,EGP 308.00,40%,,,5 out of 5(7)
health&beauty,"Automatic Telescopic Body Girth Measuring Tape -152cm,60inch",EGP 65.00,EGP 190.00,66%,,,
health&beauty,Shoe Brush,EGP 95.00,EGP 190.00,50%,,,4.3 out of 5(10)
health&beauty,Bathroom Scale - 180 KG,EGP 360.00,"EGP 1,000.00",64%,,,4.5 out of 5(13)
health&beauty,Granzia Digital Blood Pressure Monitor,"EGP 1,389.00","EGP 3,500.00",60%,,,4.1 out of 5(9)
health&beauty,O.L.KAR Prazitabs 10 Tablets,EGP 344.00,EGP 400.00,14%,,,
health&beauty,Bluetooth Electronic LED Digital Body Fat Scale,EGP 375.00,EGP 750.00,50%,,,4.2 out of 5(142)
health&beauty,Super Kids MULTI VITAMINS 120 GUMMIES,EGP 314.00,EGP 504.00,38%,,,5 out of 5(1)
health&beauty,Ankle Protector for Comfortable Foot Care,EGP 34.77,EGP 59.00,41%,,,3.7 out of 5(70)
health&beauty,"Silicone heel protector designed as a gel cushion to relieve heel pain, plantar fasciitis, bone spurs, blisters, cracked feet, and Achilles tendonitis for men and women.",EGP 54.00,,0%,,,
health&beauty,Dabur Herbal Toothpaste with Pure Al-Arak Extract 50+10 gm,EGP 25.00,EGP 45.00,44%,,,3.9 out of 5(20)
health&beauty,Limitless BABY D DROPS 15 ML,EGP 62.00,EGP 120.00,48%,,,5 out of 5(1)
health&beauty,"SOFT Digital Thermometer for Fever, Quick Reading Waterproof Oral Thermometer with Fever Indicator.",EGP 99.00,EGP 130.00,24%,,,
health&beauty,Omron Blood Pressure Monitor M1 Basic - Comfortable and Accurate Measurement,"EGP 1,499.00","EGP 2,500.00",40%,,,4.4 out of 5(54)
health&beauty,"Prime Stethoscope - Aluminum and Stainless Steel Material, Color (Black) - Good Choice for Medical Students, Nurses, Doctors, Activities and Experiments mc-230",EGP 110.00,EGP 200.00,45%,,,
health&beauty,"Silicone Raised Insoles, Heel Protection, Gel Cushion, Heel Spurs, Heel Socks, Foot Care for Women, Men, 1 Pair.",EGP 59.00,EGP 90.00,34%,,,
health&beauty,Bluetooth Electronic LED Digital Body Fat Scale,EGP 340.00,EGP 510.00,33%,,,4.6 out of 5(16)
health&beauty,Granzia Digital Thermometer - White/Blue,EGP 89.30,EGP 900.00,90%,,,4.3 out of 5(267)
health&beauty,Scale Bathroom IOS Android Monitor - Body - Bluetooth,EGP 519.00,EGP 778.50,33%,,,4.2 out of 5(236)
health&beauty,Pure Taha Offer Foot Odor Powder Menthol 50g,EGP 30.11,EGP 58.65,49%,,,3.8 out of 5(22)
health&beauty,"Heel Pads - Comfortable Heel Protectors, Prevent Painful Friction",EGP 28.99,EGP 100.00,71%,,,4.7 out of 5(6)
health&beauty,Omron Blood Pressure Monitor Omron M1 Basic,"EGP 1,550.00","EGP 2,500.00",38%,,,4.5 out of 5(23)
health&beauty,ALPK2 Mercury Sphygmomanometer,"EGP 2,950.00",,0%,,,4.3 out of 5(3)
health&beauty,Round Digital Scale - 180kg,EGP 274.00,"EGP 1,500.00",82%,,,4 out of 5(59)
health&beauty,"Pair of silicone gel toe separators for bunion and hammer toe correction, deviation and straightening corrector suitable for men and women",EGP 59.00,,0%,,,
health&beauty,Contec Pulse Oximeter,EGP 290.00,EGP 550.00,47%,,,4.3 out of 5(68)
health&beauty,"Mepaco Vitahair  Vitamins, Minerals, Tonics And Antioxidants 60 Capsule",EGP 120.00,EGP 160.00,25%,,,
health&beauty,"Women's Shoes Heel Protector Stickers, Pain Relief Pad.",EGP 28.99,EGP 70.00,59%,,,4.3 out of 5(31)
health&beauty,Arch Support Foot Brace for Flat Feet Relief,EGP 149.00,EGP 800.00,81%,,,4.4 out of 5(28)
health&beauty,Toe Bunion Treatment Corrector and Protector,EGP 125.00,EGP 290.00,57%,,,3.9 out of 5(31)
health&beauty,Arch Support Foot Brace for Flat Feet Relief,EGP 120.00,EGP 350.00,66%,,,3.9 out of 5(47)
health&beauty,Gel Heel Cup for Foot Protection - 1 Pair,EGP 119.00,EGP 500.00 - EGP 800.00,85%,,,4.2 out of 5(5)
health&beauty,Bluetooth Electronic LED Digital Body Fat Scale,EGP 355.00,EGP 655.00,46%,,,3.9 out of 5(7)
health&beauty,"Pangao PG-IRT 1602 Digital Body Thermometer , White",EGP 249.00,EGP 450.00,45%,,,5 out of 5(1)
health&beauty,Granzia Rebita Digital Personal Scale - 150 Kg,EGP 573.00,"EGP 1,000.00",43%,,,
health&beauty,Toe Gel Relief Pain Toe Separator - 10Pcs,EGP 120.00,EGP 170.00,29%,,,4.1 out of 5(57)
health&beauty,Rossmax Automatic Blood Pressure Monitor + Wizplus Glucometer,"EGP 1,495.00","EGP 3,000.00",50%,,,
health&beauty,Gel Active Silicon Insole for Ultimate Comfort and Foot Health,EGP 155.00 - EGP 160.00,,0%,,,4 out of 5(7)
health&beauty,Flatfoot Silicone Syrup Treatment,EGP 125.00,EGP 250.00,50%,,,3.3 out of 5(7)
health&beauty,Omron Blood Pressure Monitor M1 Basic+ with Adapter,"EGP 2,199.00","EGP 4,500.00",51%,,,4.1 out of 5(11)
health&beauty,Frutina Foot Spray with Strawberry Scent - 100 ML,EGP 99.00,EGP 150.00,34%,,,4.5 out of 5(21)
health&beauty,Granzia Digital Thermometer - White/Blue,EGP 89.00,,0%,,,4.7 out of 5(6)
health&beauty,Omega Care  digital blood pressure monitor,EGP 750.00,"EGP 1,000.00",25%,,,2 out of 5(1)
health&beauty,Rossmax Z1 Automatic Blood Pressure Monitor,"EGP 1,314.00","EGP 3,000.00",56%,,,4.3 out of 5(51)
health&beauty,Granzia Classico Stethoscope - Dark Blue,EGP 204.00,"EGP 1,000.00",80%,,,4.1 out of 5(19)
health&beauty,tip Pulse Oximeter,EGP 395.00,"EGP 1,650.00",76%,,,4.4 out of 5(12)
health&beauty,COMFORT SOFT TOOTH BRUSH 1+1,EGP 49.00,EGP 83.00,41%,,,
health&beauty,Granzia Non Contact Thermometer - NC 07,EGP 685.00,"EGP 1,800.00",62%,,,4 out of 5(21)
health&beauty,Granzia Blood Pressure Monitor - USB-Altezza,EGP 935.00,"EGP 2,500.00",63%,,,4.3 out of 5(16)
health&beauty,Omron Blood Pressure Monitor M1 Basic,"EGP 1,495.00","EGP 2,500.00",40%,,,4.5 out of 5(22)
health&beauty,Elastic Silicone Foot Care Socks,EGP 89.00,EGP 150.00,41%,,,4.5 out of 5(4)
health&beauty,Gel Heel Cup For Foot Protection - 1 Pair,EGP 118.00,EGP 500.00,76%,,,4.3 out of 5(77)
health&beauty,Glass Weight Scale - 180 Kg,EGP 274.00,"EGP 1,500.00",82%,,,4 out of 5(23)
health&beauty,Rossmax Dual Head EB200 Stethoscope,EGP 220.00,EGP 250.00,12%,,,
health&beauty,Foot and heel wound preventer,EGP 80.00,EGP 140.00,43%,,,5 out of 5(1)
health&beauty,Mounjelly Melatonin 60 Gummies 2 Mg Natural Berry Flavor,EGP 350.00,,0%,,,4 out of 5(4)
health&beauty,Digital Bathroom Scale - 180Kg,EGP 360.00,EGP 500.00,28%,,,4.2 out of 5(77)
health&beauty,Granzia Digital Blood Pressure Monitor - Grantito,"EGP 1,385.00",,0%,,,4.3 out of 5(3)
health&beauty,Granzia Pure Nebulizer,"EGP 1,208.00","EGP 5,000.00",76%,,,4.6 out of 5(86)
health&beauty,Granzia Blood Pressure Monitor - Astro + Granzia Adaptor,"EGP 1,200.00",,0%,,,4.4 out of 5(16)
health&beauty,Weight Scale 180 Kg - Digital Bathroom Scale 180 Kg,EGP 299.00,EGP 448.50,33%,,,3.9 out of 5(7)
health&beauty,Veexia Vee Care,EGP 380.00 - EGP 520.00,,0%,,,
health&beauty,"Cardoo Scale – 19 Body Metrics, Heart Rate, AI Insights – Black","EGP 1,999.00","EGP 2,500.00",20%,,,5 out of 5(7)
health&beauty,Kitchen Scale Kitchen Digital Scale 10 Kg - pinq,EGP 139.00,EGP 190.00,27%,,,5 out of 5(1)
health&beauty,(OMEGA GLORY III) Omega Headset,"EGP 1,200.00","EGP 1,500.00",20%,,,
health&beauty,Scale Bathroom Digital Wireless - Bluetooth Usb Charge 1 Pcs,EGP 380.00,"EGP 1,400.00",73%,,,3.7 out of 5(3)
health&beauty,Anti Crack Foot Protector Silicone Socks - One Pair,EGP 54.00,EGP 120.00,55%,,,4 out of 5(118)
health&beauty,Infinity Omega Rx Gummies 60+30 Pcs,EGP 235.00,EGP 250.00,6%,,,4.6 out of 5(7)
health&beauty,"Oview Test ovulatie , 5 bucati, Blue Cross",EGP 174.99,,0%,,,
health&beauty,Scale Bathroom Digital Wireless,EGP 399.99,"EGP 2,000.00",80%,,,5 out of 5(1)
health&beauty,Frecom Personal Glass Digital Scale,EGP 497.00,"EGP 1,200.00",59%,,,5 out of 5(1)
health&beauty,Beurer BM28 Upper Arm Blood Pressure Monitor + Adapter,"EGP 2,425.00",,0%,,,5 out of 5(1)
health&beauty,Beurer BM27 Upper Arm Blood Pressure Monitor,"EGP 1,849.00",,0%,,,5 out of 5(3)
health&beauty,Rossmax TG100 Digital Thermometer - 60 Seconds,EGP 140.00,EGP 250.00,44%,,,4.5 out of 5(19)
health&beauty,Granzia Blood Pressure Monitor - White,"EGP 1,024.00","EGP 3,000.00",66%,,,4.3 out of 5(55)
health&beauty,Gel Heel Cup For Foot Protection - 1 Pair,EGP 99.00,EGP 299.00,67%,,,
health&beauty,Shoe Deodorization Spray - 100ml,EGP 70.00,EGP 120.00,42%,,,3.8 out of 5(14)
health&beauty,4 Pairs Heel Pads - Non-Slip Heel Protection Inserts,EGP 79.00,EGP 95.00,17%,,,5 out of 5(2)
health&beauty,Gel Moisturizing Socks - Simon,EGP 79.00,EGP 99.00,20%,,,3.7 out of 5(3)
health&beauty,Dozova  MELATONIN 5 MG 60 TAB,EGP 244.00,EGP 374.00,35%,,,5 out of 5(1)
health&beauty,"1Pair-Corrector Big Toe -Toe Protector, Toe Straightener Care Foot Skin Pads.",EGP 60.00,EGP 500.00,88%,,,3.4 out of 5(23)
health&beauty,or and Protector for the Treatment of Toe Bunion Pain,EGP 115.00,EGP 150.00,23%,,,3.7 out of 5(383)
health&beauty,Foot Care Silicone Insole - 1 Pair,EGP 94.00,,0%,,,
health&beauty,Granzia Blood Pressure Monitor - Astro + Adaptor,"EGP 1,199.00","EGP 2,000.00",40%,,,4.3 out of 5(3)
health&beauty,Promed Personal Scale - 180 Kg,EGP 625.00,"EGP 1,500.00",58%,,,5 out of 5(1)
health&beauty,Toe Separator Gel Set Correctors For Big Toes And Little Toes,EGP 75.00,EGP 98.00,23%,,,4 out of 5(1)
health&beauty,Vitabiotics Pregnacare Max Tabs/Caps 84S - Essential Nutrients for Pregnancy,"EGP 1,899.00","EGP 2,100.00",10%,,,
health&beauty,Granzia Rebita Digital Personal Scale - 180 kg,EGP 572.50,"EGP 1,000.00",43%,,,5 out of 5(1)
health&beauty,Spirit Professional Stethoscope,"EGP 2,539.90","EGP 5,000.00",49%,,,4.6 out of 5(5)
health&beauty,Beurer BM26 Upper Arm Blood Pressure Monitor,"EGP 1,875.00","EGP 2,900.00",35%,,,4.5 out of 5(41)
health&beauty,meter With-Automatic Alarm - High Accuracy - Safe For Kids And-Adults,EGP 69.00,EGP 150.00,54%,,,4.3 out of 5(4)
health&beauty,Scale - 180kg,EGP 279.00,"EGP 1,500.00",81%,,,3.7 out of 5(39)
health&beauty,Soft And Elastic Socks To Keep Feet Soft And Moisturized,EGP 79.98,EGP 150.00,47%,,,4 out of 5(2)
health&beauty,Foam Heel Pads For Foot Comfort And Pain Relief,EGP 117.99,EGP 150.00,21%,,,
health&beauty,Beurer GS 10 Glass Bathroom Scale  - Black,"EGP 1,299.00",,0%,,,4.6 out of 5(15)
health&beauty,Rossmax WF260 Body Fat Monitor Scale,"EGP 1,925.00","EGP 3,500.00",45%,,,4.7 out of 5(13)
health&beauty,Veexia Vee Biotin,EGP 370.00,,0%,,,
health&beauty,Daline 2 Product Dietary supplement - Vitamin D3 Oral Drops – 400 IU (15 ml).,EGP 82.00,,0%,,,
health&beauty,Granzia Digital Blood Pressure Monitor - Facilita,"EGP 1,070.00",,0%,,,5 out of 5(1)
health&beauty,Bluetooth Electronic LED Digital Body Fat Scale,EGP 327.77,,0%,,,3.8 out of 5(5)
health&beauty,"Comfortable silicone metatarsal protector with breathable footbed to relieve walking and running pain, protecting the foot from pressure and friction.",EGP 59.00,,0%,,,
health&beauty,Dozova  ASHWAGANDHA KSM 300 MG 60 CAP,EGP 386.00,EGP 591.00,35%,,,5 out of 5(2)
health&beauty,Granzia Geranzia Leganza Blood Pressure Monitor,"EGP 1,293.00 - EGP 1,294.00","EGP 2,500.00 - EGP 3,000.00",57%,,,5 out of 5(1)
health&beauty,Kbm Kbm Blood Pressure Monitor For Upper Arm DSK-1011,"EGP 3,950.00","EGP 4,500.00",12%,,,
health&beauty,10 Pcs Toe Silicone Gel Protector Sleeve Tubes for Ingrown Nails and Corn Relief,EGP 140.00,EGP 200.00,30%,,,4.3 out of 5(12)
health&beauty,Rossmax GB102 - Blood Pressure Monitor With Stethoscope,EGP 690.00,,0%,,,
health&beauty,Toe Separator for Foot Shape Correction and Pain Relief - One Size Fits All - White,EGP 199.00,EGP 800.00,75%,,,5 out of 5(1)
health&beauty,Gel Air Insole Active - Size 38~42,EGP 107.00,EGP 500.00,79%,,,3.3 out of 5(58)
health&beauty,"Height Increase, you can be taller 5 cm, Shoe Pad Up To 5 Layers Silicone Gel Used Inside Shoes For Heels - 1 pair",EGP 199.00,EGP 300.00,34%,,,5 out of 5(1)
health&beauty,Meditech Pulse Oximeter,EGP 582.00,"EGP 1,100.00",47%,,,4.3 out of 5(4)
health&beauty,Medizana Personal Scale - 180kg - Grey,EGP 599.00,"EGP 1,200.00",50%,,,3.3 out of 5(3)
health&beauty,Pure Taha Offer Foot Odor Powder Aloe Vera 50G,EGP 40.99,EGP 58.65,30%,,,4.2 out of 5(14)
health&beauty,Herbaland Kids VEGAN OMEGA 3 60 PCS,"EGP 1,002.00","EGP 1,412.00",29%,,,3.7 out of 5(3)
health&beauty,Granzia Pulse Oximeter,EGP 886.00,"EGP 1,800.00",51%,,,4.5 out of 5(84)
health&beauty,Granzia Digital Blood Pressure Monitor - Syncotens,"EGP 1,490.00",,0%,,,5 out of 5(1)
health&beauty,Beurer FT 85 Non-contact Thermometer,"EGP 1,999.00",,0%,,,5 out of 5(2)
health&beauty,Beurer Bm 40 Blood Pressure Monitor With Adapter - White,"EGP 3,199.00","EGP 4,999.00",36%,,,4.3 out of 5(96)
health&beauty,Pulse Oximeter with PI Rate Color LCD,EGP 245.00,EGP 800.00,69%,,,4.1 out of 5(465)
health&beauty,Cecial Electronic Body Fat Analyzer - Up To 180 Kg - Black,EGP 950.00,,0%,,,4.3 out of 5(85)
health&beauty,Seven Omega 3 Fish Oil Plus Cod Liver Oil - One-A-Day 120 Capsules,"EGP 1,150.00","EGP 1,300.00",12%,,,
health&beauty,ALPK2 Mercury Sphygmomanometer,"EGP 3,500.00",,0%,,,5 out of 5(1)
health&beauty,Cofoe PRIMA Electronic Blood Pressure Monitor KF-65B,"EGP 1,000.00","EGP 1,150.00",13%,,,4.3 out of 5(13)
health&beauty,"Zoetis Simparica TRIO the Complete Flea, Tick, and Heartworm Prevention for Dogs 20-40 kg (1 Chewable Tablet)",EGP 788.00,"EGP 1,200.00",34%,,,
health&beauty,EARLY PREGNANCY TEST,EGP 110.00,,0%,,,
health&beauty,Rossmax Z1 Automatic Blood Pressure Monitor,"EGP 1,315.00","EGP 2,000.00",34%,,,4 out of 5(13)
health&beauty,Granzia Anaroid Blood Pressure Monitor - Palmotens-S Plus,EGP 625.00,,0%,,,
health&beauty,Orthopedic Bunion Corrector (2 Pcs) - For All Foot Sizes,EGP 199.00,EGP 250.00,20%,,,5 out of 5(2)
health&beauty,meter,EGP 60.00,EGP 100.00,40%,,,3.3 out of 5(4)
health&beauty,Limitless Prenatal ORIGNAL 30Tab,EGP 209.00,EGP 290.00,28%,,,5 out of 5(1)
health&beauty,Inner Lining To Protect The Heel Of Women's Shoes,EGP 28.99,EGP 140.00,79%,,,1 out of 5(1)
health&beauty,Herbaland Kids MULTIVITAMIN & MINERALS 60 GUMS,"EGP 1,302.00","EGP 1,830.00",29%,,,5 out of 5(1)
health&beauty,Silicone Heel Insole,EGP 76.00 - EGP 125.00,EGP 800.00,91%,,,4.2 out of 5(71)
health&beauty,Digital Scale - 180kg,EGP 273.00,"EGP 1,000.00",73%,,,3.9 out of 5(17)
health&beauty,ALPK2 Mercury Blood Pressure Monitor.,"EGP 2,399.00","EGP 2,800.00",14%,,,
health&beauty,Rossmax GB102 - Blood Pressure Monitor With Stethoscope,EGP 689.00,"EGP 2,500.00",72%,,,4.6 out of 5(12)
health&beauty,Seelit  Firstvoc Vitamin 60 GUMMIES 1+1 OFFER,EGP 291.00,EGP 493.00,41%,,,5 out of 5(1)
health&beauty,Pure Pure Blood Pressure Monitor with USB Charger,"EGP 1,080.00","EGP 2,900.00",63%,,,3.9 out of 5(19)
health&beauty,Berry Fingertip Pulse Oximeter - Blue,EGP 950.00,"EGP 1,500.00",37%,,,4.3 out of 5(37)
health&beauty,Veexia Vee Peptide,EGP 799.00,,0%,,,3 out of 5(2)
health&beauty,Beurer EM49 Handheld Digital TENS/EMS With LCD Electrode Position Indicator,"EGP 4,499.00",,0%,,,4.7 out of 5(6)
health&beauty,Omni Guard Omni Guard Ear Mite Elimination Drops for Dogs and Cats 15ml,EGP 173.00,EGP 175.00,1%,,,
health&beauty,Rossmax Automatic Upper Arm Blood Pressure Monitor – USB Powered,"EGP 1,320.00","EGP 1,850.00",29%,,,5 out of 5(1)
health&beauty,Beurer BM28 Blood Pressure Monitor - White,"EGP 2,145.00","EGP 4,500.00",52%,,,3.9 out of 5(26)
health&beauty,Weight Scale 180 Kg - Digital Bathroom Scale 180 Kg,EGP 299.00,EGP 448.50,33%,,,2 out of 5(2)
health&beauty,Smart Weight Scale Bluetooth App Sync Body Composition,EGP 293.00,EGP 700.00,58%,,,2 out of 5(2)
health&beauty,Foot Peeling Spray with Orange Oil,EGP 188.00,EGP 250.00,25%,,,3.8 out of 5(12)
health&beauty,"Heel Protection Stickers for Women's Shoes, High Heel Stickers, Foot Grips, Pain Relief Pad.",EGP 45.00,EGP 70.00,36%,,,4.4 out of 5(17)
health&beauty,Gel Insoles - 2 Pcs,EGP 98.00 - EGP 109.00,EGP 190.00,48%,,,
health&beauty,Feet Whitening Exfoliating Gel Socks Moisturizing Heel Socks,EGP 98.00,EGP 220.00,55%,,,3.9 out of 5(28)
health&beauty,Digital Bathroom Scale - 180Kg,EGP 310.00,,0%,,,
health&beauty,Heel Protector for Foot Comfort and Heel Pain Relief,EGP 150.00,EGP 180.00,17%,,,5 out of 5(2)
health&beauty,"Heel Heel Purastep Silicone Gel Pad Socks (Beige, Free Size)",EGP 99.00,,0%,,,
health&beauty,21 Centri Calcium Magnesium Zinc with Vitamin D3 - Daily Support for Bone and Immune Health 90 Tablets,"EGP 1,390.00","EGP 1,750.00",21%,,,
health&beauty,Analytical scale for people 180 kg,EGP 310.00,"EGP 1,000.00",69%,,,
health&beauty,Diving Breathing Exercise Device Sport Lung Trainer Breathing Trainer for Household Healthy Care Accessories.,EGP 390.00,,0%,,,
health&beauty,Granzia NEBULIZER HOME,"EGP 1,350.00","EGP 1,800.00",25%,,,
health&beauty,Dozova WOMAN MAX 30 CAP,EGP 255.00,EGP 390.00,35%,,,5 out of 5(1)
health&beauty,Contec CMS50D Pulse Oximeter,EGP 470.00,"EGP 1,500.00",69%,,,4.2 out of 5(74)
health&beauty,TaiDoc U-Right Blood Pressure Monitor + Free Adapter,EGP 896.00,EGP 935.00,4%,,,4.3 out of 5(24)
health&beauty,Infrared Forehead Thermometer,EGP 350.00,EGP 800.00,56%,,,3.9 out of 5(20)
health&beauty,Beurer BM40 Upper Arm Blood Pressure Monitor with Adapter - White/Grey,"EGP 3,130.00","EGP 3,699.00",15%,,,
health&beauty,Granzia Distempo Infrared Thermometer,EGP 780.00,"EGP 2,000.00",61%,,,4.6 out of 5(35)
health&beauty,or and Protector for the Treatment of Toe Bunion Pain,EGP 102.00,EGP 200.00,49%,,,4.5 out of 5(2)
health&beauty,"AKOAK Finger Toothbrush - Soft Silicone Training Toothbrush With Storage Box for Baby Teeth Cleaning, Massage, and Oral Care (White)",EGP 90.00,,0%,,,
health&beauty,Super Kids kids Gummies Multi Vitamins For Kids 120 Gummies,EGP 396.00,EGP 450.00,12%,,,
health&beauty,Omron Adapter For Blood Pressure Monitor - Black,EGP 679.00,EGP 850.00,20%,,,4.8 out of 5(26)
health&beauty,Ultralife Digital Scale 180 Kg,EGP 632.00,"EGP 1,500.00",58%,,,4.7 out of 5(3)
health&beauty,Ankle Protector - 2Pcs,EGP 69.00,EGP 99.00,30%,,,
health&beauty,Pregnacare Original 30 Tablets - Essential Prenatal Supplement,EGP 580.00,,0%,,,5 out of 5(1)
health&beauty,Salter 9037PK3R Electronic Scale - Fuchsia,"EGP 1,250.00","EGP 1,950.00",36%,,,4.4 out of 5(8)
health&beauty,Omron Blood Pressure Monitor M1 Basic,"EGP 1,550.00",,0%,,,5 out of 5(2)
health&beauty,Blood Pressure Monitor - Cuff Blue,EGP 150.00,EGP 200.00,25%,,,
health&beauty,Dozova MAN MAX 30 CAP,EGP 255.00,EGP 390.00,35%,,,5 out of 5(1)
health&beauty,Raid Raid Aqua Active Crawling Insects Killer Spray - 300ml,EGP 110.00,EGP 190.00,42%,,,5 out of 5(1)
health&beauty,Metatarsal Cushion - Silicone Metatarsal Pad (One Size),EGP 250.00,,0%,,,5 out of 5(1)
health&beauty,Beurer FT09W Digital Thermometer - White,EGP 230.00,EGP 650.00,65%,,,4.2 out of 5(29)
health&beauty,Hochster CAL-MAG Joint Supplement – Joint Health Support with Glucosamine and Chondroitin,EGP 270.00,,0%,,,4.5 out of 5(2)
health&beauty,"Shoe Inserts Cushion Heel Pain Relief Insoles, One Size",EGP 145.00,,0%,,,
health&beauty,"s Women Active Gel Shock Absorbing Foot Pads For Work Boots, Running Shoes, Hiking, and Sneakers",EGP 170.00 - EGP 200.00,,0%,,,
health&beauty,Beurer BM28 Upper Arm Blood Pressure Monitor + Adapter,"EGP 2,425.00","EGP 3,000.00",19%,,,
health&beauty,2 Pairs Heel Pads Heel Protection Heel Holder Non-Slip,EGP 65.00,EGP 78.00,17%,,,5 out of 5(1)
health&beauty,Bluetooth Body Fat Digital Scale-Packaging May Vary,EGP 310.00,EGP 350.00,11%,,,
health&beauty,Prime Fingertip Pulse Oximeter,EGP 399.00,EGP 500.00,20%,,,3.7 out of 5(11)
health&beauty,Baby Check One Step Pregnancy Test – 2pcs,EGP 65.00,EGP 130.00,50%,,,
health&beauty,Scale Bathroom Digital Wireless - Bluetooth,EGP 379.00,"EGP 1,400.00",73%,,,4.2 out of 5(23)
health&beauty,Medel THERMO Digital Thermometer,EGP 95.00,,0%,,,4 out of 5(2)
health&beauty,Heel Protector for Blister Moisturizing Gel Pads - Unisex,EGP 199.00,EGP 450.00,56%,,,5 out of 5(2)
health&beauty,Omron M3 Comfort Upper Arm Blood Pressure Monitor,"EGP 4,099.00","EGP 7,000.00",41%,,,4 out of 5(4)
health&beauty,"Heel Protection Stickers For Women's Shoes, High Heel Stickers, Foot Grips, Pain Relief Pad.",EGP 135.00,,0%,,,5 out of 5(1)
health&beauty,Limitless KIDS MULTI VITAMIN SYRUP 140 ML,EGP 170.00,EGP 195.40,13%,,,
health&beauty,Glass Digital Weight Scale - 180 Kg,EGP 299.00,EGP 448.50,33%,,,4 out of 5(37)
health&beauty,THERMOMETER LARGE,EGP 102.86,EGP 118.23,13%,,,
health&beauty,Toe Separator for Foot Health and Pain Relief,EGP 95.00,EGP 150.00,37%,,,4 out of 5(3)
health&beauty,Prim Prim THERMOMETER DIGITAL CHINESE,EGP 73.00,EGP 167.00,56%,,,5 out of 5(1)
health&beauty,Heel Cushion for Ultimate Foot Comfort,EGP 85.00 - EGP 99.00,EGP 150.00,43%,,,4.3 out of 5(3)
health&beauty,Beurer upper arm blood pressure monitor - BM 23,"EGP 1,850.00",,0%,,,5 out of 5(1)
health&beauty,Spare Blood Pressure Cuff for Upper Arm - Large Size Replacement,EGP 250.00,,0%,,,4.5 out of 5(2)
health&beauty,Orthopedic Insole With Transverse Arch Pad,EGP 217.50 - EGP 350.00,EGP 350.00,38%,,,3.8 out of 5(74)
health&beauty,Granzia NC6 Non Contact Thermometer - High Precision Measurement,EGP 865.00,"EGP 2,000.00",57%,,,5 out of 5(1)
health&beauty,Signal WHITE NOW TOOTH PASTE WHITENING THAT 75 ML,EGP 105.00,EGP 170.00,38%,,,3 out of 5(1)
health&beauty,Veexia Vee B-Complex,EGP 210.00,,0%,,,5 out of 5(1)
health&beauty,Toes Pain Reliever - 2 Pcs,EGP 65.00,EGP 500.00,87%,,,3.2 out of 5(165)
health&beauty,Granzia Digital Thermometer - White/Blue,EGP 89.00,,0%,,,
health&beauty,Eva Eva FOOT POWDER ALOE GREEN 50 GM,EGP 69.00,EGP 145.00,52%,,,3.2 out of 5(5)
health&beauty,Height Increasing Heel Inserts,EGP 195.00,EGP 350.00,44%,,,3.2 out of 5(9)
health&beauty,Baby Check ONE TIME PREGNANCY TEST,EGP 37.00,EGP 49.00,24%,,,
health&beauty,Granzia Rebita Digital Personal Scale - 200 kg,EGP 760.00,"EGP 1,000.00",24%,,,
health&beauty,Weighing Scale - 180 Kg - Blue,EGP 325.00,,0%,,,4.5 out of 5(11)
health&beauty,Glass Weight Scale - 180 Kg,EGP 275.00,EGP 450.00,39%,,,4.7 out of 5(3)
health&beauty,mercury blood pressure monitor,"EGP 2,400.00","EGP 2,800.00",14%,,,
health&beauty,Granzia Vasilita Blood Pressure Monitor,"EGP 1,073.00","EGP 2,500.00 - EGP 3,000.00",64%,,,5 out of 5(1)
health&beauty,terial Foot & Shoe Odor Eliminator Spray - 100mm,EGP 145.00,EGP 275.00,47%,,,
health&beauty,Eva FOOT POWDER DEODORANT WITH ALOE VERA 50 GM,EGP 74.29,EGP 85.39,13%,,,4 out of 5(1)
health&beauty,Veexia Vee White,EGP 580.00,,0%,,,3 out of 5(1)
health&beauty,Drontal Round and Tapewormer for Dogs - 6 Tablets,EGP 900.00,,0%,,,
health&beauty,Beurer BM28 Blood Pressure Monitor with Adapter - White,"EGP 2,749.00","EGP 5,000.00",45%,,,4.2 out of 5(25)
health&beauty,Kitchen Scale Kitchen Digital Scale 10 Kg - blue,EGP 139.00,EGP 190.00,27%,,,
health&beauty,Cecial Digital Scale - Reliable Weighing Up to 180 Kg,EGP 565.00,"EGP 1,500.00",62%,,,4 out of 5(8)
health&beauty,Disposable Shoe Covers Floor Protection - One Size Fits All - Color May Vary,EGP 75.00,EGP 135.00,44%,,,5 out of 5(1)
health&beauty,Digital Scale - 180 Kg,EGP 295.00,EGP 442.50,33%,,,4.1 out of 5(417)
health&beauty,support for men women ankle strap for pain relief ankle sleeves for men sports running ankle brace ankle compression sleeve (1 PC),EGP 300.00,,0%,,,
health&beauty,"Heel Protector Stickers For Women Shoes, Pain Relief Cushion 2 Pcs",EGP 39.99,EGP 50.00,20%,,,3.8 out of 5(4)
health&beauty,Full Length Silicone Anti Friction Gel Moisturizing Sock,EGP 99.00,EGP 199.00,50%,,,4.2 out of 5(13)
health&beauty,"Heel Protectors for Women Shoes, Heel Grips for Heel Stability, Non-Slip Protectors, Wear Resistant Heel Pads, Designed to Reduce Friction on Heel for Comfort (2 Protectors)",EGP 186.80,,0%,,,
health&beauty,"Beurer BM28 Upper Arm Blood Pressure Monitor with Patented Resting Indicator for Accuracy, Cuff Position Assistance and Colour-Coded Risk Indicator - with adapter","EGP 2,450.00","EGP 2,999.00",18%,,,
health&beauty,Rossmax CH155 Automatic Blood Pressure Monitor,"EGP 1,219.00","EGP 2,500.00",51%,,,4.2 out of 5(60)
health&beauty,Ultralife Digital Scale 180 Kg,EGP 635.00,"EGP 1,500.00",58%,,,4.5 out of 5(6)
health&beauty,Omron Blood Pressure Monitor M1 Basic,"EGP 1,550.00",,0%,,,4 out of 5(1)
health&beauty,Body Composition Scale,EGP 315.00,EGP 600.00,48%,,,
health&beauty,Foot Orthopedic Insoles for Flat Foot,EGP 365.00 - EGP 375.00,,0%,,,3.7 out of 5(27)
health&beauty,Granzia Rabita Electronic Personal Scale - 150KG,EGP 570.00,,0%,,,3.6 out of 5(5)
health&beauty,Granzia Blood Pressure Monitor - Astro + Adaptor,"EGP 1,200.00",,0%,,,3.5 out of 5(6)
health&beauty,"Centrum Silver Women 50+, 100 Tablets","EGP 2,420.00",,0%,,,
health&beauty,Raid Raid LIQUID BOTTLE,EGP 119.00,EGP 150.00,21%,,,5 out of 5(1)
health&beauty,"People Scale With Scale, 180 Kg",EGP 390.00,,0%,,,
health&beauty,Scale for Accurate Weight Measurement - 180 Kg Capacity,EGP 295.00,EGP 600.00,51%,,,4.2 out of 5(5)
health&beauty,Ball of Foot Cushion with Toe Separator - Silicone Gel Forefoot Pad - Prevent Calluses and Blisters,EGP 110.00,,0%,,,
health&beauty,Prima Body Scale / Tempered Glass,EGP 569.00,EGP 800.00,29%,,,3.8 out of 5(6)
health&beauty,Analytical Scale for People Weighing 180 kg,EGP 395.00,,0%,,,5 out of 5(2)
health&beauty,Riester Cuff 2 tube,EGP 250.00,,0%,,,5 out of 5(1)
health&beauty,Cardoo Scale Pro – 28 Body Parameters & AI-Insights – Gold,"EGP 4,500.00",,0%,,,4.8 out of 5(4)
health&beauty,Granzia Rabita Electronic Personal Scale - 150KG,EGP 570.00,,0%,,,3.8 out of 5(8)
health&beauty,Gel Foot Mattresses - 1 Pair,EGP 163.50 - EGP 170.20,"EGP 1,350.00",88%,,,4 out of 5(30)
health&beauty,Granzia Medical Air Mattress - Comfort and Support for Patients,"EGP 1,950.00",,0%,,,5 out of 5(1)
health&beauty,Toe Bunion Corrector - One Piece,EGP 168.90,EGP 525.00,68%,,,5 out of 5(1)
health&beauty,Rossmax WB101 Body Scale - 180 Kg,EGP 865.00,"EGP 1,500.00",42%,,,5 out of 5(1)
health&beauty,Heel Insole for Pain Relief and Comfort,EGP 119.00 - EGP 125.00,EGP 350.00 - EGP 850.00,86%,,,4 out of 5(4)
health&beauty,Oximeter,EGP 350.00,,0%,,,
health&beauty,Ganish Digital Weighing Scale – Accurate LCD Display with Modern Design,EGP 148.00,EGP 200.00,26%,,,
health&beauty,Omega Care Body Fat Digital Scale BF13,EGP 750.00,,0%,,,
health&beauty,Granzia Classico Stethoscope,EGP 195.00,,0%,,,3 out of 5(2)
health&beauty,"Set Corrector Big Toe, Toe Protector, Toe Straightener Care Foot Skin Pads",EGP 120.80,EGP 525.00,77%,,,3.6 out of 5(5)
health&beauty,Rossmax Z1 Automatic Blood Pressure Monitor,"EGP 1,325.00",,0%,,,5 out of 5(2)
health&beauty,Gel Moisturizing Socks - Simon,EGP 69.00,EGP 110.00,37%,,,3.5 out of 5(27)
health&beauty,Foot File and Callus Remover with Built-In Vacuum Motorized,EGP 209.00,EGP 399.00,48%,,,2 out of 5(2)
health&beauty,Gel Moisturizing Socks With Belt - Free Size,EGP 75.00,EGP 250.00,70%,,,3.3 out of 5(16)
health&beauty,Smart Bluetooth Body Scale with Digital LED Display,EGP 328.00,"EGP 1,100.00",70%,,,
health&beauty,"Praferan dogs and cats anthelminth, dewormer 10 tab",EGP 500.00,,0%,,,
health&beauty,Foot Silicon For Flat Foot,EGP 275.00 - EGP 285.00,,0%,,,3.8 out of 5(6)
health&beauty,Medel Digital XL 180 Scale,"EGP 1,699.00","EGP 1,750.00",3%,,,5 out of 5(1)
health&beauty,"Simparica TRIO the Complete Flea, Tick, and Heartworm Prevention for Dogs 2.5-5 kg (1 Chewable Tablet)",EGP 677.00,"EGP 1,000.00",32%,,,
health&beauty,Weighing Scale - 180 Kg,EGP 360.00,,0%,,,4.3 out of 5(36)
health&beauty,"Heel Protection Stickers For Women's Shoes, High Heel Stickers, Foot Grips, Pain Relief Pad.",EGP 45.00,EGP 70.00,36%,,,
health&beauty,Kitchen Scale Kitchen Digital Scale 10 Kg - yellow,EGP 139.00,EGP 190.00,27%,,,
health&beauty,Kayatherm Digital Thermometer DMT-4726,EGP 250.00,,0%,,,
health&beauty,Inner Lining To Protect The Heel Of Women's Shoes,EGP 39.00,EGP 150.00,74%,,,4.4 out of 5(8)
health&beauty,Beurer BC28 White Wrist Blood Pressure Monitor - White,"EGP 1,850.00","EGP 2,900.00",36%,,,4.7 out of 5(3)
health&beauty,"Centrum Men Multivitamins, 120 Tablets","EGP 3,645.00",,0%,,,
health&beauty,Toe Separator with 5 Holes - Silicone Splint,EGP 155.00,,0%,,,3 out of 5(2)
health&beauty,Granzia Spare Cuff for Digital Pressure Device (XL),EGP 375.00,,0%,,,5 out of 5(1)
health&beauty,Inner Lining to Protect the Heel of the Foot for Women's Shoes,EGP 38.99,EGP 90.00,57%,,,4.2 out of 5(19)
health&beauty,Digital Weight Scale - 180kg,EGP 299.00,EGP 448.50,33%,,,3.9 out of 5(408)
health&beauty,Arch Support - Flat Foot Insole,EGP 500.00,,0%,,,4 out of 5(3)
health&beauty,"Heel Cushions for Women, Heel Grips Accessories for Shoes, Heel Protectors to Prevent Slipping, Anti-Wear Heel Pads, Designed to Reduce Heel Friction for a Better Fit (6 Protectors)",EGP 305.18,,0%,,,
health&beauty,Comfortable Heel Liners - Transform Any Shoe into a Cozy Fit with Our Innovative Soft Heel Liners for Pain-Free Walking (4 pcs),EGP 350.14,,0%,,,
health&beauty,"Nunbell 4-Piece Dental Care Kit: Toothpaste, Toothbrush, and 2 Thimble for Manual Dog Teeth Cleaning (Assorted Colors)",EGP 240.00,EGP 250.00,4%,,,
health&beauty,pedic Insole With Transverse Arch Pad,EGP 218.00 - EGP 245.00,"EGP 1,000.00",78%,,,3.1 out of 5(9)
health&beauty,Omni Guard Ear Mite Treatment Drops for Pets 15 ml,EGP 110.00,EGP 200.00,45%,,,
health&beauty,Plus Deworming Tablet for Cats1 pcs,EGP 430.00,,0%,,,5 out of 5(1)
health&beauty,Super Kids Gummies Chewable Multivitamins - 120 Gummies,EGP 335.00,EGP 350.00,4%,,,3.8 out of 5(4)
health&beauty,"Body Weight Scale, 150kg Bathroom Scale with Large, Easy-to-Read Backlit Display, Beach Style",EGP 325.00,EGP 750.00,57%,,,
health&beauty,Toes Separator - Five-toes Separators,EGP 85.00,EGP 350.00,76%,,,4.1 out of 5(24)
health&beauty,"Non-slip And Self-adhesive Heel Pads, 2 Pairs, Sports Shoes",EGP 145.00,EGP 188.00,23%,,,4.5 out of 5(11)
health&beauty,Ht Diabetic Medical Shoe For Diabetics And Swelling Of The Foot - Size 43,EGP 993.00,"EGP 1,171.00",15%,,,3.2 out of 5(5)
health&beauty,"AKOAK Baby's Soft Silicone Useful Finger Toothbrush with Storage Box, Teeth Cleaning Massage Oral Care (Blue)",EGP 90.00,,0%,,,
health&beauty,Toe Separator - Five-Toe Separator for Foot Care,EGP 84.00,EGP 350.00,76%,,,4.5 out of 5(6)
health&beauty,Gel Insoles - 2 Pcs for Ultimate Foot Comfort and Support,EGP 105.00 - EGP 120.00,,0%,,,
health&beauty,"Soft Silicone Gel Half Toe Metatarsal Pad for Forefoot Pain Relief, Silicone Gel Socks, 2 Pack",EGP 125.00,EGP 400.00,69%,,,4 out of 5(3)
health&beauty,Toe Protectors Separator Spacers Straightener - 2 Pcs,EGP 101.40,EGP 300.00,66%,,,3.9 out of 5(18)
health&beauty,EL - SHERIF TWINTED THERMOMETER,EGP 52.86,EGP 60.76,13%,,,
health&beauty,Rossmax DIGITAL THERMOMETER,EGP 181.00,EGP 267.00,32%,,,5 out of 5(1)
health&beauty,2Pcs Toe Separators Toe Protector Bunion Corrector Hallux Valgus Relief Silicone Gel For Men & Women Rapid Foot Pain Relief Gel Bunion Pads,EGP 89.00,,0%,,,
health&beauty,Heel Protection Stickers for Women's Shoes Pain Relief Pad,EGP 65.00,EGP 85.00,24%,,,5 out of 5(1)
health&beauty,Frecom Personal Glass Digital Scale,EGP 499.00,EGP 700.00,29%,,,4.1 out of 5(15)
health&beauty,Beurer BC28 White Wrist Blood Pressure Monitor,"EGP 1,499.00","EGP 1,999.00",25%,,,4.4 out of 5(79)
health&beauty,Now Niacin (Vitamin B3) Free-Flow Vegetarian Capsules - 250 mg - 180 Capsules,"EGP 1,995.00","EGP 2,400.00",17%,,,5 out of 5(1)
health&beauty,"2pcs Silicone Gel Little Toe Corrector Protector, Separator Toe Straightener Foot Care",EGP 144.20,"EGP 1,425.00",90%,,,3 out of 5(3)
health&beauty,Base Syrup for Flatfoot Treatment - Comfortable Footwear Solution,EGP 189.00,EGP 250.00,24%,,,
health&beauty,Arch Support for Enhanced Foot Health,EGP 250.00,,0%,,,
health&beauty,"Digital Body Weight Scale, 150kg Bathroom Scale with Large, Easy-to-Read Backlit Display, Beach Style",EGP 325.00,EGP 700.00,54%,,,
health&beauty,Digital Body Fat Scale with Bluetooth and LED Electronic Display,EGP 385.00,,0%,,,
health&beauty,Contec Portable ECG Monitor,"EGP 1,450.00","EGP 1,720.00",16%,,,4 out of 5(9)
health&beauty,Baby Check One Step Pregnancy Test 3pcs,EGP 75.00,,0%,,,2 out of 5(2)
health&beauty,"Digital Body Weight Scale, 150kg Bathroom Scale with Large, Easy-to-Read Backlit Display, Beach Style",EGP 325.00,EGP 400.00,19%,,,
health&beauty,Baby Check Pregnancy Test - 3 Pieces for Accurate Home Testing,EGP 89.00,EGP 150.00,41%,,,
health&beauty,pedic Bunion Corrector - For All Foot Sizes,EGP 169.00,EGP 199.00,15%,,,
health&beauty,Heel Crack Guard Foot Full Length + Silicon Gel Heel Protector,EGP 110.00,EGP 200.00,45%,,,3.8 out of 5(4)
health&beauty,"Blood Pressure Monitor - Cuff XL, 22-42 cm,",EGP 375.00,,0%,,,
health&beauty,Cover For Toes,EGP 105.00,EGP 250.00,58%,,,5 out of 5(3)
health&beauty,Medizana Automatic Upper Arm Blood Pressure Monitor Pro,"EGP 1,101.00",,0%,,,
health&beauty,Baby ONE PREGNANCY TEST Bundle Of 3,EGP 135.00,EGP 150.00,10%,,,5 out of 5(3)
health&beauty,Rossmax GB102 Blood Pressure Monitor with Stethoscope,EGP 689.00,"EGP 1,000.00",31%,,,4.1 out of 5(9)
health&beauty,Rossmax S150 Wrist Blood Pressure Monitor - White,"EGP 1,397.00","EGP 1,800.00",22%,,,4.3 out of 5(48)
health&beauty,Pure Pure Fully Automatic Blood Pressure Monitor,"EGP 1,099.00","EGP 2,900.00",62%,,,4.4 out of 5(133)
health&beauty,One Touch SELECT PLUS 25 STRIPS,EGP 277.00,EGP 468.00,41%,,,5 out of 5(1)
health&beauty,Antibacterial Foot & Shoe Odor Eliminator Spray -100mm,EGP 145.00,EGP 275.00,47%,,,
health&beauty,Stethoscope for Medical Professionals,EGP 139.00,EGP 350.00,60%,,,4 out of 5(2)
health&beauty,Vitabiotics Pregnacare Breast-Feeding - Postnatal Vitamin & Omega-3 DHA Supplement - 84 Capsules,"EGP 1,699.00","EGP 1,900.00",11%,,,
health&beauty,Granzia Blood Pressure Monitor - USB-Altezza,EGP 950.00,,0%,,,5 out of 5(1)
health&beauty,Electronic Body Fat Scale - Up to 180 kg - Black,EGP 380.00,EGP 650.00,42%,,,5 out of 5(1)
health&beauty,Socks - 1 Pair,EGP 159.20,EGP 675.00,76%,,,
health&beauty,Granzia Digital Blood Pressure Monitor,"EGP 1,349.90","EGP 3,000.00",55%,,,5 out of 5(4)
health&beauty,Gel Heel Protector - 2 Pcs,EGP 49.90,EGP 300.00,83%,,,4.1 out of 5(45)
health&beauty,Rossmax EB200 Stethoscope,EGP 320.00,EGP 499.00,36%,,,
health&beauty,Digital Baby Scale with LCD Display – High Accuracy up to 20kg,"EGP 1,100.00","EGP 2,550.00",57%,,,
health&beauty,Granzia Body Weight Scale - Up To 130 Kg,EGP 645.00,EGP 900.00,28%,,,4 out of 5(5)
health&beauty,Granzia Flexible Digital Thermometer - White/Blue,EGP 149.90,EGP 300.00,50%,,,4.3 out of 5(27)
health&beauty,foot protection socks,EGP 89.00,,0%,,,
health&beauty,"AKOAK 1 Pack Useful Baby Finger Toothbrush Soft Silicone Training Toothbrush with Storage Box, Baby Teeth Cleaning Massage Oral Care (Pink)",EGP 95.00,,0%,,,
health&beauty,"Heel Protector Stickers For Women Shoes, Pain Relief Cushion",EGP 39.00,EGP 100.00,61%,,,5 out of 5(1)
health&beauty,Ankle Pad - 1 Pcs - Deluxe Med,EGP 138.00,"EGP 1,424.00",90%,,,5 out of 5(2)
health&beauty,Rossmax EB200 Stethoscope,EGP 215.00,EGP 800.00,73%,,,4.3 out of 5(12)
health&beauty,Gel Active Insoles - Shock Absorption and Joint Relief,EGP 119.00 - EGP 120.00,"EGP 850.00 - EGP 1,000.00",88%,,,4 out of 5(39)
health&beauty,Rossmax EB200 Stethoscope,EGP 205.00,EGP 250.00,18%,,,3.8 out of 5(6)
health&beauty,Spirit Professional Stethoscope,"EGP 2,650.00","EGP 5,000.00",47%,,,5 out of 5(1)
health&beauty,Granzia Digital Thermometer - White/Blue,EGP 89.00,,0%,,,
health&beauty,Gel Heel Protector for Comfortable Foot Care,EGP 95.50,EGP 300.00,68%,,,3.9 out of 5(16)
health&beauty,TOE SEPARETOR for Enhanced Foot Health and Comfort,EGP 230.00,,0%,,,
health&beauty,Spirit Stethoscope,"EGP 2,700.00",,0%,,,
health&beauty,Heel For Foot Comfort,EGP 150.00,EGP 220.00,32%,,,
health&beauty,"SOMEWISH Heel Support for Plantar Fasciitis, Thick Heel Protectors, Silicone Heel Protectors, Heel Protector for Bone Spurs and Heel Pain Relief",EGP 99.00,,0%,,,
health&beauty,"Full Length Silicone Anti-Crack Socks for Foot Care and Cracked Heel Pain Relief for Men and Women, Heel Protectors and Heel Spur Relief, One Size",EGP 95.00,EGP 155.00,39%,,,4 out of 5(1)
health&beauty,Foot Heel Blister Bandages,EGP 79.00,,0%,,,
health&beauty,Toe Separators for Comfortable Foot Care,EGP 75.00,EGP 150.00,50%,,,3 out of 5(3)
health&beauty,Prime Digital Thermometer,EGP 120.00,EGP 157.00,24%,,,
health&beauty,Analytical Scale for People Weighing 180 Kg - Bluetooth Enabled,"EGP 1,200.00",,0%,,,
health&beauty,1Pair Arches Footful Orthotic Arch Support Foot Brace Flat Feet Relieve Pain Comfortable Shoes Orthotic Insoles Shoe Accessories,EGP 130.00,,0%,,,5 out of 5(3)
health&beauty,Analytical Scale - Black,EGP 375.00,,0%,,,
health&beauty,Pregnacare Vitabiotics Breast-Feeding After Pregnancy 84 Capsules,"EGP 1,620.00",,0%,,,
health&beauty,Granzia Anaroid Blood Pressure Monitor - Palmotens L- Plus,EGP 765.00,"EGP 1,500.00",49%,,,3 out of 5(3)
health&beauty,Pulse Oximeter With PI Rate Color LCD,EGP 250.00,,0%,,,3 out of 5(1)
health&beauty,Gel Arch Support Cushion - One Size,EGP 142.00,EGP 900.00,84%,,,3.7 out of 5(13)
health&beauty,Heel Protection For Women's Shoes High Heel Foot Grips Pain Relief Pad,EGP 89.00,EGP 129.00,31%,,,5 out of 5(1)
health&beauty,Pure Pure Granzia - Pure Nebulizer - White/Blue,"EGP 1,208.00","EGP 3,500.00",65%,,,3.9 out of 5(7)
health&beauty,Silicon Gel Heel Protector Foot Care,EGP 99.00,EGP 105.00,6%,,,3 out of 5(1)
health&beauty,Base Syrup for Flatfoot Treatment + Mazaya Bag,EGP 194.00,"EGP 1,050.00",82%,,,
health&beauty,Beurer PS240 Soft Grip Bathroom Scale - 180 Kg,"EGP 2,399.00",,0%,,,5 out of 5(4)
health&beauty,Heel Cushion Pads 2 Pcs Self Adhesive Heel Grips,EGP 66.50,EGP 87.00,24%,,,3 out of 5(2)
health&beauty,Aneroid Sphygmomanometer,EGP 650.00,,0%,,,5 out of 5(1)
health&beauty,Inner Heightening Bionic Heel Set - color may vary- Discreet Height Increase Inserts,EGP 139.00,EGP 399.00,65%,,,
health&beauty,"Other's Digital Luggage Weighing Scale, 50 Kg Silver",EGP 250.00,,0%,,,
health&beauty,Silicone Syrup For Cracked Feet,EGP 74.00,EGP 150.00,51%,,,3 out of 5(2)
health&beauty,or And Protector For The Treatment Of Toe Bunion,EGP 89.00,EGP 116.00,23%,,,5 out of 5(3)
health&beauty,Foot Protector From Shoes - Leg Pain Relief Solution,EGP 150.00,,0%,,,5 out of 5(2)
health&beauty,Medizana Personal Scale - 180kg - Grey,EGP 599.00,"EGP 1,200.00",50%,,,5 out of 5(1)
health&beauty,Gel Moisturizing Socks with Free Mobile Holder,EGP 100.00,EGP 166.00,40%,,,3.4 out of 5(10)
health&beauty,Spirit Professional Stethoscope,"EGP 2,535.00","EGP 5,000.00",49%,,,5 out of 5(1)
health&beauty,Heel Cup Lateral - P438,EGP 620.00,,0%,,,
health&beauty,Granzia Rebita Digital Personal Scale - 150 Kg,EGP 573.00,"EGP 1,000.00",43%,,,
health&beauty,Luna Foot Powder 75g.,EGP 74.29,EGP 85.39,13%,,,
health&beauty,LEBELAGE Dr. PEPTIDE DERMA EYE CREAM 30 Ml,EGP 299.00,EGP 400.00,25%,,,3 out of 5(1)
health&beauty,Omron M2 Basic Blood Pressure Monitor - White/Grey,"EGP 3,500.00","EGP 4,500.00",22%,,,
health&beauty,2 Pcs Silicone Gel Toe Correction Splint Pads,EGP 65.00,EGP 180.00,64%,,,3.8 out of 5(5)
health&beauty,Smart Electronic Weighing Scale USB Charging - Gradual Intelligent Home Scale With Supporting Mobile App via Bluetooth With Arabic And English Language 180 KG Max,EGP 825.00,,0%,,,
health&beauty,Kitchen Scale Kitchen Digital Scale 10 Kg - White,EGP 139.00,EGP 190.00,27%,,,5 out of 5(1)
health&beauty,"Omni Guard Ear Mites Drops For Dogs, Puppies, Cats & Kittens 15 ml",EGP 75.00,EGP 120.00,38%,,,
health&beauty,Prime Professional Stethoscope,EGP 120.00,,0%,,,4.7 out of 5(3)
health&beauty,Silicone Medical Shoe Insole For Foot Comfort - Blue Xْْ Yellow,EGP 209.00,,0%,,,
health&beauty,Mosquito killer device,EGP 229.00,EGP 400.00,43%,,,
health&beauty,Omron RS-2 Wrist Blood Pressure Monitor,"EGP 2,899.00","EGP 5,000.00",42%,,,
health&beauty,Foot Pads For Shoes Heel Grips For Spurs And Heel Blister Prevention .,EGP 44.99,EGP 75.00,40%,,,3.7 out of 5(3)
health&beauty,Plus For Puppies And Dogs De-Worming Tablet,EGP 175.00,,0%,,,
health&beauty,Granzia Baby Scale Delicato - White,"EGP 1,575.00",,0%,,,
health&beauty,Inner Heightening Bionic Heel Set - Discreet Height Increase Inserts,EGP 179.00,EGP 285.00,37%,,,4 out of 5(1)
health&beauty,Heel Silicone Gel Insoles - 2 Pcs,EGP 85.00,EGP 500.00,83%,,,5 out of 5(1)
health&beauty,Rossmax Automatic Blood Pressure Monitor Z1,"EGP 1,600.00",,0%,,,5 out of 5(4)
health&beauty,Granzia Pure Nebulizer,"EGP 1,275.00",,0%,,,
health&beauty,Orthotic Arch Support Foot Brace Flat Feet Relieve,EGP 135.00,EGP 350.00,61%,,,4.4 out of 5(7)
health&beauty,Laica Italy Electronic Scale with Body Composition Calculation PS5000,"EGP 1,699.00","EGP 4,000.00",58%,,,
health&beauty,Digital Sphygmomanometer with LED Display - Talking - Backlight and Pulse Rate Monitor Digital Blood,"EGP 1,050.00",,0%,,,
health&beauty,Veexia Vee Hair Pure-N Extra,EGP 349.00,,0%,,,5 out of 5(1)
health&beauty,ALPK2 Double Head Stethoscope Deluxe,EGP 599.00,EGP 799.00,25%,,,5 out of 5(3)
health&beauty,Bluetooth Electronic LED Digital Body Fat Scale + Body Measure,EGP 407.00,"EGP 1,575.00",74%,,,4.3 out of 5(3)
health&beauty,B.Trust Digital Personal Scale – High Accuracy & Elegant Design,"EGP 1,950.00",,0%,,,
health&beauty,Omron M3 Comfort Upper Arm Blood Pressure Monitor,"EGP 3,990.00",,0%,,,
health&beauty,Granzia SPLASH Electronic Personal Scale - 200KG,EGP 765.00,,0%,,,5 out of 5(1)
health&beauty,"Now Now Organic Spirulina, 1000mg, 120 Tablets","EGP 1,404.00","EGP 2,500.00",44%,,,
health&beauty,Granzia Anaroid Blood Pressure Monitor - Palmotens-S Plusv,EGP 624.00,"EGP 1,000.00",38%,,,4.1 out of 5(8)
health&beauty,K9 K 9 Calming Supplement for Dogs 40 Tablets,EGP 506.00,,0%,,,
health&beauty,nutriti Renew Life Biotin 30 Capsules,EGP 120.00,EGP 150.00,20%,,,
health&beauty,"Silicone Heel Pads, Heel Socks Designed to Relieve Heel Pain and Promote Foot Care, Ideal for Unisex, Men and Women, Unisex Comfort Accessories",EGP 213.27,,0%,,,
health&beauty,ed Toes,EGP 131.60,"EGP 1,335.00",90%,,,4 out of 5(3)
health&beauty,"Dsp Smart People Scale, Home Portable Body Weight Kd7018 (180K)",EGP 836.00,"EGP 1,149.00",27%,,,
health&beauty,USB Charging Smart Electronic Scale - 180kg Max,EGP 997.00,"EGP 1,500.00",34%,,,
health&beauty,"Pair Of Heel, Elbow, And Arm Protectors Made Of Flexible Gel With Breathable Design For Dry Skin And Moisturization - Pink",EGP 49.00,EGP 400.00,88%,,,5 out of 5(1)
health&beauty,Beurer BM40 Upper Arm Blood Pressure Monitor with Adapter - White/Grey,"EGP 3,699.00",,0%,,,4.5 out of 5(2)
health&beauty,Round Digital Scale - 180kg - 8ML,EGP 279.00,EGP 800.00,65%,,,3.5 out of 5(11)
health&beauty,Rossmax WB101 Body Scale - 180 Kg,EGP 865.00,"EGP 1,400.00",38%,,,5 out of 5(1)
health&beauty,Blood Pressure Monitor - ALPK2,"EGP 2,700.00","EGP 3,200.00",16%,,,
health&beauty,Rossmax Pistion Nebulizer,"EGP 1,550.00","EGP 1,900.00",18%,,,
health&beauty,Rossmax WF 260 Body Fat Monitor,"EGP 1,980.00","EGP 2,500.00",21%,,,3 out of 5(1)
health&beauty,Pure Pure Fully Automatic Blood Pressure Monitor,"EGP 1,080.00","EGP 2,900.00",63%,,,5 out of 5(2)
health&beauty,Rossmax  blood pressure monitor with stethoscope.,EGP 675.00,"EGP 2,000.00",66%,,,
health&beauty,Prima Body Scale / Tempered Glass,EGP 565.00,"EGP 1,400.00",60%,,,
health&beauty,"Signal White Now Toothpaste, Stain Remover",EGP 135.00,,0%,,,
health&beauty,Granzia Classico Stethoscope (Black),EGP 175.00,EGP 195.00,10%,,,
health&beauty,Syrup To Protect The Foot,EGP 75.00,EGP 250.00,70%,,,2 out of 5(1)
health&beauty,Beurer BM28 Upper Arm Blood Pressure Monitor With Adapter - White/Grey,"EGP 2,999.00",,0%,,,3 out of 5(2)
health&beauty,Prime Professional Stethoscope,EGP 110.00,EGP 500.00,78%,,,
health&beauty,Gel Arch Support Cushion,EGP 126.00,EGP 900.00,86%,,,5 out of 5(1)
health&beauty,Spirit Spirit Professional Stethoscope,"EGP 2,640.00","EGP 4,500.00",41%,,,5 out of 5(1)
health&beauty,Forefoot Cushion Pads Invisible Socks Reusable Forefoot Pads For Sandals High Heels Ballet Shoes,EGP 87.00,EGP 199.00,56%,,,4 out of 5(1)
health&beauty,Sure Sure CHECK BABY TEST,EGP 101.00,EGP 186.00,46%,,,
health&beauty,Granzia DIGITAL THERMOMETER,EGP 111.00,EGP 202.00,45%,,,
health&beauty,Feet Whitening Exfoliating Gel Socks Moisturizing Heel Socks,EGP 97.99,EGP 220.00,55%,,,
health&beauty,Sure Surecheck Pregnancy test Over 99% accuracy,EGP 99.00,,0%,,,
health&beauty,Medel No Contact Thermometer,"EGP 1,222.00","EGP 1,450.00",16%,,,4.7 out of 5(3)
health&beauty,"Nobby Effitix Spot On Dog Size 20-40kg (1Dose) – Protects against ticks, fleas, lice, and mosquitoes.",EGP 575.00,,0%,,,
health&beauty,Beurer BM 27 Limited Edition Upper Arm Blood Pressure Monitor,"EGP 1,925.00",,0%,,,
health&beauty,Gel Heel Cup for Foot Protection - 1 Pair,EGP 119.00,EGP 350.00,66%,,,4.3 out of 5(6)
health&beauty,Pure Pure Taha Offer Foot Odor Powder For Athletes 50G,EGP 45.09,EGP 65.00,31%,,,4.3 out of 5(14)
health&beauty,Promed Personal Scale - 180 Kg,EGP 625.00,"EGP 1,500.00",58%,,,4.5 out of 5(20)
health&beauty,Frecom Personal Glass Digital Scale - 180 Kg,EGP 530.00,EGP 800.00,34%,,,4 out of 5(8)
health&beauty,Granzia NC6 Non-Contact Thermometer,EGP 870.00,"EGP 2,000.00",57%,,,
health&beauty,Tefal Classic Bathroom Scale Glass Surface 160kg / PP1503V0/Turquoise,EGP 999.00,"EGP 1,500.00",33%,,,
health&beauty,Gel Insoles - 2 Pcs,EGP 103.00,EGP 900.00 - EGP 950.00,89%,,,3.6 out of 5(13)
health&beauty,Heel Protector for Foot Comfort and Pain Relief,EGP 180.00,,0%,,,3.7 out of 5(3)
health&beauty,Forefoot Pads Silicone Toe Pad - Comfortable Gel Cushions for Foot Pain Relief,EGP 59.00,EGP 71.00,17%,,,
health&beauty,Inner Lining To Protect The Heel Of The Foot For  Shoes.,EGP 49.98,EGP 150.00,67%,,,
health&beauty,Gel Heel Protector + Silicone Gel Socks,EGP 90.00,EGP 115.00,22%,,,4 out of 5(3)
health&beauty,Beurer BM27 Upper Arm Blood Pressure Monitor,"EGP 1,850.00",,0%,,,4.2 out of 5(6)
health&beauty,Rossmax WB101 Body Scale - Maximum Capacity 180 Kg,EGP 869.00,"EGP 1,000.00",13%,,,4 out of 5(6)
health&beauty,Granzia Baby Scale Delicato - White,"EGP 1,574.00","EGP 3,000.00",48%,,,4.5 out of 5(2)
health&beauty,Scale - 180kg + Gift Bag,EGP 325.00,EGP 500.00,35%,,,3.5 out of 5(2)
health&beauty,Gel Pads For Heel Comfort,EGP 57.00,EGP 75.00,24%,,,
health&beauty,Rossmax Compressor Piston Nebulizer,"EGP 2,150.00","EGP 2,540.00",15%,,,
health&beauty,pedic Bunion Corrector (2 Pcs) - For All Foot Sizes,EGP 109.00,EGP 500.00,78%,,,
health&beauty,Granzia Professional Cardiology Stethoscope - Maestro - Black,EGP 990.00,,0%,,,
health&beauty,K9 K 9 Cat Supplement 8-in-1 – 90 Tablets,EGP 506.00,,0%,,,5 out of 5(1)
health&beauty,Beurer BM27 Limited Upper Arm Blood Pressure Monitor..,"EGP 1,850.00","EGP 1,999.00",7%,,,5 out of 5(3)
health&beauty,or And Protector For The Treatment Of Toe Bunion Pain,EGP 105.00,EGP 150.00,30%,,,4.3 out of 5(3)
health&beauty,Foot And Heel Wound Preventer,EGP 85.00,EGP 189.00,55%,,,
health&beauty,"Shoe And Sock Antibacterial Deodorant Spray, Foot 120 Ml",EGP 185.00,EGP 250.00,26%,,,3 out of 5(2)
health&beauty,Granzia Dual Head Stethoscope (Classico) - Medical Auscultation Tool,EGP 300.00,,0%,,,
health&beauty,Decathlon Newfeel 500 Glass Scales with Impedance Meter,"EGP 1,899.00",,0%,,,
health&beauty,Utopia Digital Weight Scale 180 Kg - Digital Bathroom Scale,EGP 425.00,EGP 650.00,35%,,,4.2 out of 5(9)
health&beauty,Heel Protector Soft Silicone Pads Heel Spur Heel Socks Prevent Dry Skin Cushions Heel Pad Silicone Heel Pain Reduce White,EGP 55.00,EGP 200.00,73%,,,
health&beauty,K9 K9 K 9 Husky Cat Supplement 60 Tablets,EGP 506.00,,0%,,,
health&beauty,Planet HEAITH SOFT SCALE 180 KG,"EGP 1,029.00","EGP 1,575.00",35%,,,
health&beauty,Veexia Vee Vitamin D3,EGP 210.00,,0%,,,
health&beauty,Diabetic Slipper - Comfortable Footwear for Diabetics,"EGP 920.00 - EGP 1,050.00",,0%,,,
health&beauty,Self-adhesive Heel Pads - Shoe Inserts - 2 Pcs - Random Color,EGP 106.00,EGP 169.00,37%,,,4.3 out of 5(3)
health&beauty,Silicone Gel Insoles - 2 Pcs,EGP 250.00,,0%,,,5 out of 5(2)
health&beauty,Silicone Gel Toe Caps - 10 Pcs,EGP 120.00,EGP 235.00,49%,,,1.5 out of 5(2)
health&beauty,Heel Pads Self Adhesive Heel Pads - Big Shoe Inserts for Comfort,EGP 75.00,EGP 95.00,21%,,,4 out of 5(12)
health&beauty,Rossmax ROSSMAXProfessional Blood Pressure Monitor X9.,"EGP 4,100.00",,0%,,,
health&beauty,A Pair Of Shoe Insoles - Blue Sky,EGP 110.00,EGP 300.00,63%,,,
health&beauty,Granzia Blood Pressure Monitor - Grand Rest,EGP 990.00,,0%,,,5 out of 5(1)
health&beauty,Self-adhesive Heel Pads - Shoe Inserts,EGP 66.99,,0%,,,1 out of 5(2)
health&beauty,Granzia Blood Pressure Monitor - USB-Altezza.,EGP 929.00,"EGP 2,500.00",63%,,,
health&beauty,"Essence Bright Eyes Under Eye Stick – Hydrating & Cooling Stick For Bright, Fresh & Revitalized Under Eyes",EGP 960.00,,0%,,,
health&beauty,Rossmax Blood pressure monitor z1,"EGP 1,950.00",,0%,,,
health&beauty,Flatfoot Silicone Syrup Treatment,EGP 119.00,EGP 250.00,52%,,,3.3 out of 5(4)
health&beauty,Rossmax Automatic Blood Pressure Monitor +wizplus Glucometer,"EGP 1,495.00",,0%,,,
health&beauty,Scholl Fresh Step Extra Fresh Foot Spray 150 ml,"EGP 1,455.00",,0%,,,
health&beauty,Ht Ht Diabetic Medical Shoe - Size 40,EGP 993.00,"EGP 1,171.00",15%,,,5 out of 5(2)
health&beauty,فواصل لاصابع القدم - فاصل للخمس اصابع,EGP 83.00,EGP 350.00,76%,,,2 out of 5(1)
health&beauty,Rossmax TG100 Digital Thermometer - White,EGP 150.00,EGP 450.00,67%,,,4.5 out of 5(145)
health&beauty,"Height Increase Insole Up To 5 Layers Of Silicone, Pillow",EGP 222.00,EGP 339.00,35%,,,3.4 out of 5(7)
health&beauty,Ankle SILICON FREE SIZE,EGP 52.00,EGP 134.00,61%,,,3 out of 5(1)
health&beauty,Digital Body Weight Scale LCD Display KG LB Units Auto Shutdown,EGP 275.00,EGP 500.00,45%,,,
health&beauty,Foot Corrector For The Right & Left Foot - One Piece,EGP 145.00,EGP 300.00,52%,,,
health&beauty,Veexia Vee Ortho Joint Health Supplement,EGP 320.00,,0%,,,
health&beauty,Foot Scrubber Shower Massage Slipper - Blue,EGP 199.00,EGP 600.00,67%,,,
health&beauty,Infopia Fine Test Blood Glucose Meter + 25 Test Strips,EGP 537.90,"EGP 1,400.00",62%,,,4.2 out of 5(6)
health&beauty,2pcs Silicone Gel Little Toe Corrector Protector - Bunion Pain Relief and Toe Straightening Solution,EGP 105.40,EGP 300.00,65%,,,3.8 out of 5(86)
health&beauty,Adult Flat Foot Insole - Comfortable Support for Flat Feet,EGP 950.00,,0%,,,3 out of 5(2)
health&beauty,Beurer Multi-function Forehead and Ear Thermometer with LED Fever Alarm - White,"EGP 1,830.00","EGP 3,000.00",39%,,,4.6 out of 5(9)
health&beauty,Candle Making - صناعة الشمع,EGP 348.00,,0%,,,
health&beauty,Pedo Pedo Digital Thermometer - Blue,EGP 99.00,,0%,,,5 out of 5(1)
health&beauty,Beurer Glass Bathroom Scale GS 10 Black - 180 Kg,"EGP 1,111.00","EGP 1,999.00",44%,,,
health&beauty,Full Silicone Insole – Comfortable and Versatile Foot Support,"EGP 1,250.00",,0%,,,4 out of 5(1)
health&beauty,Medel THERMO Digital Thermometer,EGP 95.00,EGP 400.00,76%,,,
health&beauty,meter - White,EGP 99.00,EGP 120.00,18%,,,4 out of 5(25)
health&beauty,"3M Littmann Classic III™ Stethoscope, Black Edition Chestpiece, Black Tube, 27 inch, 5803","EGP 9,000.00","EGP 12,500.00",28%,,,
health&beauty,Granzia Stethoscope - Gray,EGP 195.00,"EGP 1,000.00",81%,,,
health&beauty,Beurer Heating Pad HK 123,"EGP 3,199.00",,0%,,,
health&beauty,Omega Care LED Digital Talking Blood Pressure Monitor – with Storage Stand,"EGP 1,050.00","EGP 1,250.00",16%,,,
health&beauty,Planet TEMPO THERMOMETER,EGP 151.00,EGP 267.00,43%,,,
health&beauty,"Now Food Glutathione, 30 Vegetarian Capsules","EGP 2,450.00","EGP 2,900.00",16%,,,
health&beauty,Salter 9128BK3R Glass Analyser Bathroom Scales - Black,"EGP 1,450.00","EGP 1,885.00",23%,,,1 out of 5(1)
health&beauty,Ht Ht Diabetic Medical Sugar Shoe - Size 44,EGP 993.00,"EGP 1,171.00",15%,,,
health&beauty,Medisana TM 750 Infrared Multifunctional Thermometer,"EGP 2,100.00",,0%,,,
health&beauty,Granzia Medical Air Mattress - Aerowave,"EGP 1,570.00",,0%,,,5 out of 5(1)
health&beauty,Granzia BF300 Body Fat & Hydration Monitor Scale - 180Kg,"EGP 1,725.00",,0%,,,
health&beauty,Pets Republic Salmon Oil 250 ml,EGP 250.00,EGP 300.00,17%,,,
health&beauty,Eye Contour Serum,"EGP 1,150.00",,0%,,,
health&beauty,"Anti-Varus, Anti-Valgus Heel Cup",EGP 825.00,,0%,,,
health&beauty,USB Charging Smart Electronic Scale – Up to 180kg Capacity,EGP 875.00,EGP 997.00,12%,,,
health&beauty,Multivitamin Marnys  Protect Syrup 125ml,EGP 399.00,EGP 499.00,20%,,,
health&beauty,Medel Elite Automatic Blood Pressure Monitor with Backlight Display,"EGP 3,555.00","EGP 4,450.00",20%,,,5 out of 5(4)
health&beauty,Granzia Astro Arm Blood Pressure Monitor.,"EGP 1,049.00","EGP 1,350.00",22%,,,
health&beauty,Beurer BM28 Upper Arm Blood Pressure Monitor + Adapter,"EGP 2,740.00","EGP 5,000.00",45%,,,4.4 out of 5(100)
health&beauty,Rossmax CH155 Automatic Blood Pressure Monitor,"EGP 1,215.00","EGP 1,800.00",33%,,,4.2 out of 5(10)
health&beauty,Granzia Professional Cardiology Stethoscope - Maestro - Black,EGP 980.00,"EGP 1,000.00",2%,,,
health&beauty,Planet HEALTH BLOOD PRESSURE PH 250 ARM,"EGP 2,598.00","EGP 3,975.00",35%,,,
health&beauty,Body Scale Up To 180 Kg DSP Kd7013,EGP 624.00,"EGP 1,000.00",38%,,,
health&beauty,Granzia Pulse Oximeter - Blue,EGP 939.00,"EGP 2,500.00",62%,,,4.7 out of 5(6)
health&beauty,Omron Blood Pressure Monitor M6 Comfort,"EGP 7,999.00","EGP 10,000.00",20%,,,4.8 out of 5(8)
health&beauty,Rossmax High Efficiency Indicator Pressure Device,EGP 845.00,,0%,,,5 out of 5(2)
health&beauty,Diving Breathing Exercise Device Sport Lung Trainer Breathing Trainer for Household Healthy Care Accessories.,EGP 390.00,,0%,,,
health&beauty,"Heel Protection Blister Bandages, Waterproof Adhesive Patches, Outdoor Wear Prevention Tape",EGP 146.00,,0%,,,
health&beauty,"Rossmax CF155 Arm Blood Pressure Monitor - Digital BP Machine with Adjustable Cuff, Large Display, and Memory Function - Home Health Monitoring Device for Accurate Readings, White","EGP 1,450.00",,0%,,,
health&beauty,Rossmax GB102 - Blood Pressure Monitor With Stethoscope,"EGP 1,200.00",,0%,,,4.2 out of 5(120)
health&beauty,10pcs Toe Protective Cover Cushions for Foot Protection Pads,EGP 250.00,,0%,,,
health&beauty,Fingertip Pulse Oximeter - White,EGP 399.00,EGP 600.00,34%,,,
health&beauty,Broken Big Toe Splint Brace right (pc),EGP 250.00,,0%,,,
health&beauty,Petsoffice 72705 Plastic Bowl - Picnic 600 Ml,EGP 135.00,,0%,,,
health&beauty,Rossmax Automatic Blood Pressure Monitor - X3 Model in White,"EGP 2,100.00",,0%,,,
health&beauty,Granzia 2305-AD Pure Nebulizer,"EGP 1,209.00","EGP 3,500.00",65%,,,4.5 out of 5(6)
health&beauty,Magnetic Massage Insole(25cm-27cm),EGP 230.00,,0%,,,
health&beauty,Gel Active Insoles for Enhanced Comfort and Support,EGP 139.00,EGP 368.55 - EGP 544.05,74%,,,3.9 out of 5(80)
health&beauty,Rossmax SB100 Monitoring Fingertip Pulse And Oxygen Meter,"EGP 1,850.00","EGP 3,500.00",47%,,,4.9 out of 5(14)
health&beauty,Granzia Hand blood pressure monitor.,"EGP 1,055.00","EGP 1,350.00",22%,,,
health&beauty,Omron M3 Upper Arm Blood Pressure Monitor,"EGP 4,095.00","EGP 7,000.00",42%,,,5 out of 5(1)
health&beauty,"21st Century HealthCare Biotin, 10,000 mcg, 120 tablets provides support for hair, skin, and nails from the vitamin B complex family.","EGP 2,100.00","EGP 2,500.00",16%,,,
health&beauty,Round Personal Glass Digital Weight Scale,EGP 313.00,EGP 470.00,33%,,,4.3 out of 5(6)
health&beauty,Shoe Inserts for Forefoot Comfort - Enhance Your Footwear Experience,EGP 229.00,,0%,,,
health&beauty,Prime Digital Thermometer,EGP 75.00,,0%,,,
health&beauty,Analytical Bluetooth People Scale - 180 Kg,EGP 395.00,EGP 519.00,24%,,,
health&beauty,Gel Fallen Arch Support Cushion,EGP 190.00,,0%,,,5 out of 5(2)
health&beauty,pedic Insole With Transverse Arch Pad,EGP 240.00,EGP 500.00,52%,,,3.9 out of 5(21)
health&beauty,Omega Care Finger Pulse Oximeter,EGP 929.00,"EGP 2,000.00",54%,,,5 out of 5(1)
health&beauty,Rossmax NE100 Compressor Nebulizer - White,"EGP 1,335.00","EGP 3,500.00",62%,,,
health&beauty,Gel Foot Mattresses - 1 Pair,EGP 176.00,EGP 200.00,12%,,,
health&beauty,"Now Foods Selenium - 200 mcg for Immune, Thyroid, and Heart Health - 90 Veggie Capsules","EGP 1,470.00","EGP 1,900.00",23%,,,
health&beauty,Beurer BM40 Blood Pressure Monitor - White,"EGP 2,475.00","EGP 3,000.00",18%,,,4.4 out of 5(288)
health&beauty,Veexia Vee Omega-3,EGP 300.00,,0%,,,
health&beauty,Heel Socks,EGP 74.00,EGP 120.00,38%,,,3.8 out of 5(12)
health&beauty,Beurer PS160 Weighing Scale - 180 Kg,"EGP 1,945.00","EGP 3,500.00",44%,,,4.4 out of 5(8)
health&beauty,Omega Care Omega Plus Oximeter to measure blood oxygen levels,"EGP 1,000.00",,0%,,,
health&beauty,Granzia Blood Pressure Monitor - Tripioni,"EGP 1,329.00","EGP 2,000.00",34%,,,5 out of 5(1)
health&beauty,Rossmax Rossmax GB102 Swiss Desgin Aneroid Blood Pressure Monitor (Black) with Stethoscope,EGP 799.00,EGP 899.00,11%,,,
health&beauty,Digital Bluetooth Body Fat Weighing Scale LED Display with App for Connecting Mobile Devices/multi-colors,EGP 570.00,,0%,,,
health&beauty,Kids Orthotic Arch Support Shoe Insoles (30-32 Kids 12.5-1),EGP 315.00,,0%,,,
health&beauty,Medical Silicone Syrup To Soften And Treat Cracked Feet,EGP 77.00,EGP 110.00,30%,,,4.1 out of 5(45)
health&beauty,Gel Socks - 2 Pieces for Foot Care,EGP 51.30,EGP 500.00,90%,,,3.2 out of 5(5)
health&beauty,Omron  Blood Pressure Monitor with Adapter,"EGP 2,190.00","EGP 4,000.00",45%,,,
health&beauty,Oppo Medical Flat Foot Arch Support - 1 Pair,EGP 999.00,"EGP 2,000.00",50%,,,
health&beauty,Toes Separator - Toe Separator,EGP 69.90,EGP 250.00,72%,,,
health&beauty,"Nutricost Coenzyme Q10 CoQ10, 200 mg, 60 capsules","EGP 2,500.00","EGP 2,800.00",11%,,,
health&beauty,"Now Food Alpha Lipoic acid, 600 mg, 60 vegetarian capsules Grape Seed Extract & Bioperine","EGP 2,450.00","EGP 2,650.00",8%,,,
health&beauty,Bunion Splint Straightener Corrector - 2 Pcs,EGP 145.00,EGP 220.00,34%,,,
health&beauty,"Now Food Ultra Omega 3-D, 600 EPA/300 DHA, 90 Fish Gelatin Softgels","EGP 3,200.00","EGP 3,950.00",19%,,,
health&beauty,Granzia Anaroid - Palmotense-S Plus Blood Pressure Monitor,EGP 610.00,"EGP 1,000.00",39%,,,
health&beauty,Granzia Fingertip Pulse Oximeter Pulsox-304,"EGP 1,200.00",,0%,,,
health&beauty,Base Syrup for Flatfoot Treatment + Mazaya Bag,"EGP 8,000.00","EGP 10,000.00",20%,,,
health&beauty,medical silicone bruches for feet 45/46,EGP 249.00,EGP 290.00,14%,,,
health&beauty,"Digital People Scale, 180 Kg",EGP 340.00,,0%,,,4.5 out of 5(2)
health&beauty,Pets Republic Salmon Oil Pet Supplement 250 ml,EGP 285.00,EGP 350.00,19%,,,
health&beauty,Meditech Fetal Doppler to Hear Your Baby Heartbeat,"EGP 5,480.00","EGP 8,000.00",32%,,,
health&beauty,Baby Check One Step Pregnancy Test - Rapid and Accurate Home Use Detection,EGP 39.00,EGP 65.00,40%,,,1 out of 5(1)
health&beauty,Granzia Blood Pressure Monitor - Auto Rest,"EGP 1,250.00","EGP 3,000.00",58%,,,3.6 out of 5(23)
health&beauty,Utopia Personal Glass Digital Scale BA-2003 - White,EGP 339.00,EGP 410.00,17%,,,4.5 out of 5(2)
health&beauty,Daga Heel Silicone - High Quality - Bone Thorn Treatment - Men and Women,EGP 115.00,EGP 200.00,43%,,,
health&beauty,Round Digital Scale - 180kg + Gift Bag,EGP 400.00,,0%,,,3.4 out of 5(36)
health&beauty,Rossmax S150 Wrist Blood Pressure Monitor - White,"EGP 1,389.90","EGP 2,500.00",44%,,,4.4 out of 5(12)
health&beauty,Wellwoman Vitabiotics Original 60 TAB,EGP 299.00,,0%,,,
health&beauty,Granzia Digital Blood Pressure Monitor - Grantito,"EGP 1,385.00",,0%,,,
health&beauty,Rossmax WB101 Body Scale - 180 Kg,EGP 865.00,"EGP 1,400.00",38%,,,3.7 out of 5(3)
health&beauty,Gel Heel Protector - Foot Care Solution for Comfort and Protection,EGP 109.00,EGP 200.00,46%,,,
health&beauty,Granzia Blood Pressure Monitor - Astro,"EGP 1,080.00","EGP 3,000.00",64%,,,4.1 out of 5(48)
health&beauty,"Digital Bathroom Body Weight Scale, Accurate Weight Loss Scale, High Precision Measurements, Holds up to 150kg and Equipped with Instant On Technology",EGP 699.00,,0%,,,
health&beauty,Silicone Sandal 2pcs,EGP 150.00,,0%,,,
health&beauty,Gel Heel Protector - Comfortable and Shock Absorbent,EGP 49.90,EGP 75.00,33%,,,
health&beauty,Daiso Foot Sap Sheet – 2pcs – Refreshing Detox Pads for Feet – Made in Japan Natural Ingredients for Soothing Relaxation While You Sleep,EGP 599.00,,0%,,,
health&beauty,Gel Air Insole for Comfort and Shock Absorption,EGP 187.00,EGP 200.00,7%,,,
health&beauty,Bars  Flea & Tick Solution Drops for Cats 1 TAP,EGP 210.00,EGP 300.00,30%,,,
health&beauty,Beurer IH 18 Nebulizer -  White,"EGP 2,795.00","EGP 4,500.00",38%,,,4.3 out of 5(26)
health&beauty,Digital Sphygmomanometer with LED Display - Talking - Backlight and Pulse Rate Monitor Digital Blood,"EGP 1,050.00",,0%,,,
health&beauty,Arch Support - Flat Foot Insole,EGP 500.00,,0%,,,
health&beauty,Meditech Fetal Heart Doppler,EGP 860.00,"EGP 2,500.00",66%,,,1 out of 5(2)
health&beauty,Granzia PERFECTA Glucose Meter - Black + 10 Free Strips,EGP 200.00,EGP 650.00,69%,,,4.4 out of 5(17)
health&beauty,Ankle Pad - 1 Pcs,EGP 203.20,EGP 350.00,42%,,,
health&beauty,Granzia Prestige Electronic Personal Scale - 180KG,EGP 670.00,,0%,,,3.5 out of 5(6)
health&beauty,Veexia Vee B-Complex,EGP 210.00,,0%,,,
health&beauty,"Portable Digital Scale, 50kg Capacity, Illuminated LCD Display, with Metal Hook",EGP 190.00,,0%,,,
health&beauty,Rossmax TG100 Digital Thermometer,EGP 160.00,,0%,,,
health&beauty,Beurer PO 30 Pulse Finger Oximeter,"EGP 1,950.00","EGP 2,499.00",22%,,,4.9 out of 5(44)
health&beauty,"Pair of Heel Grips, Self-Adhesive Heel Cushion Pads, Shoe Fillers for Big Shoes",EGP 150.00,,0%,,,
health&beauty,Granzia Digital Blood Pressure Monitor - Leganza,"EGP 1,290.00",,0%,,,
health&beauty,"Digital Scale for Weight, Body Fat, Muscle, Bone and Body Water",EGP 380.00,,0%,,,
health&beauty,Pulse Oximeter With PI Rate Color LCD,EGP 650.00,"EGP 1,200.00",46%,,,4.2 out of 5(31)
health&beauty,"2 Pack Moisturizing Socks, Spa Gel Moisturizing Treatment and Heel Sock, Softens and Repairs Dry and Cracked Skin, Foot Care, Effective in Repairing Dry and Cracked Feet Skin",EGP 199.00,EGP 500.00,60%,,,
health&beauty,Gel Silicone Bunion Toe Corrector,EGP 250.00,,0%,,,
health&beauty,Omron M6 Comfort,"EGP 6,470.00",,0%,,,
health&beauty,digital compression cuff,EGP 125.00,,0%,,,
health&beauty,Riester Stethoscope,"EGP 3,700.00",,0%,,,
health&beauty,Oppo Medical Arch Support - One Size,EGP 280.00,,0%,,,
health&beauty,Silicone Syrup 2 Pcs,EGP 120.00,EGP 150.00,20%,,,1 out of 5(1)
health&beauty,Sure check One Step Pregnance Test,EGP 105.00,EGP 150.00,30%,,,
health&beauty,"Rana Store New Design Digital Bathroom Scale, Body Scale, Weight Scale, Digital Weighing Scale, Electronic Scale, Home Use, 180kg, Round Electronic Scales",EGP 399.00,,0%,,,
health&beauty,Diving Breathing Exercise Device Sport Lung Trainer Breathing Trainer for Household Healthy Care Accessories.,EGP 390.00,,0%,,,
health&beauty,Pulse Oximeter With PI Rate Color LCD,EGP 599.00,"EGP 1,500.00",60%,,,4 out of 5(36)
health&beauty,Shoe Deodorization Spray - 100 ml,EGP 95.00,EGP 124.00,23%,,,3 out of 5(1)
health&beauty,Herbaland Kids KIDS CALCIUM& D3 60 GUMMIES,"EGP 1,002.00","EGP 1,412.00",29%,,,
health&beauty,Ultralife Digital Scale 180 Kg,EGP 660.00,,0%,,,
health&beauty,Gel Socks Helps Repair Dry Cracked Skins,EGP 156.80,EGP 204.00,23%,,,
health&beauty,Crest  protection calci-dent fresh toothpaste,EGP 225.00,,0%,,,
health&beauty,"Talking Digital Wrist Blood Pressure Monitor, Large LCD Display, 5-Year Warranty","EGP 1,000.00",,0%,,,
health&beauty,Beurer PS160 Bathroom Scale - 180 Kg,"EGP 1,999.00",,0%,,,4.6 out of 5(10)
health&beauty,"Zoetis Simparica TRIO the Complete Flea, Tick, and Heartworm Prevention for Dogs 10-20 kg",EGP 722.00,"EGP 1,100.00",34%,,,
health&beauty,Pet Grooming Glove - Gentle Shedding Hair Remover Brush,EGP 150.00,,0%,,,4.5 out of 5(2)
health&beauty,Granzia Digital Thermometer Water Resistant with Last Reading Memory,EGP 175.00,,0%,,,
health&beauty,Scale Bathroom Digital Wireless Monitor Composition Body,EGP 489.00,"EGP 1,575.00",69%,,,
health&beauty,Body thermometer,EGP 552.50,EGP 650.00,15%,,,
health&beauty,Pure Pure Blood Pressure Monitor with USB Charger,"EGP 1,180.00","EGP 3,000.00",61%,,,4 out of 5(3)
health&beauty,Insole for Men and Women Memory Foam,EGP 104.00,,0%,,,
health&beauty,Bluetooth Electronic LED Digital Body Fat Scale,EGP 390.00,EGP 750.00,48%,,,4.1 out of 5(15)
health&beauty,or And Protector For The Treatment Of Toe Bunion Pain,EGP 162.40,"EGP 1,575.00",90%,,,4 out of 5(3)
health&beauty,Granzia Digital Blood Pressure Monitor - Syncotens,"EGP 1,490.00",,0%,,,
health&beauty,Granzia Blood Pressure Monitor - Blue,"EGP 1,399.00","EGP 3,500.00",60%,,,4.5 out of 5(11)
health&beauty,"Doppelherz aktiv Doppelherz Belle Hairnakin – Supplement for Hair, Skin & Nails 30 tablets made in germany","EGP 1,050.00","EGP 1,250.00",16%,,,
health&beauty,Pure Pure Fully Automatic Blood Pressure Monitor,"EGP 1,084.00","EGP 2,500.00",57%,,,
health&beauty,K9 K 9 Joint Supplement for Dogs – 90 Tablets,EGP 506.00,,0%,,,
health&beauty,Heel Cup Centreal - P440,EGP 395.00,,0%,,,5 out of 5(1)
health&beauty,Meditech Spirometer,"EGP 30,000.00",,0%,,,
health&beauty,Emoform  Mouthrinse,EGP 93.00,,0%,,,
health&beauty,Rossmax Blood pressure monitor,"EGP 1,750.00",,0%,,,
health&beauty,Granzia Digital Blood Pressure Monitor - Facilita,"EGP 1,070.00",,0%,,,1.5 out of 5(2)
health&beauty,Beurer Thermometer FT09 Digital,EGP 399.00,,0%,,,
health&beauty,DIGITAL BLOOD PRESSURE MONITOR,"EGP 1,750.00",,0%,,,
health&beauty,BM40 Blood Pressure Gauge,"EGP 3,000.00",,0%,,,
health&beauty,Bluetooth Electronic LED Digital Body Fat Scale,EGP 500.00,,0%,,,3.7 out of 5(23)
health&beauty,Rossmax WF260 Body Fat Monitor With Scale,"EGP 1,899.00","EGP 3,000.00",37%,,,4.1 out of 5(14)
health&beauty,Granzia Blood Pressure Monitor - USBAltezza+Glucometer Bianca,"EGP 1,183.00","EGP 3,500.00",66%,,,3.9 out of 5(37)
health&beauty,Bluetooth Electronic LED Digital Body Fat Scale,EGP 645.00,,0%,,,1 out of 5(1)
health&beauty,Heels - boost your shoes with comfortable heel platforms designed for both men and women to relieve pressure lining to care for high heels for women and men (4 pcs),EGP 353.34,,0%,,,
health&beauty,Bravecto Anti-Tick and Flea Treatment for Dogs 20-40 Kg,"EGP 2,472.00",,0%,,,5 out of 5(1)
health&beauty,Drontal  6 Round Tapeworm Tablets for Dogs,EGP 396.00,EGP 500.00,21%,,,
health&beauty,Gel Air Insole Active,EGP 139.00,EGP 234.00 - EGP 448.50,69%,,,4 out of 5(1)
health&beauty,"Women's' Heel Protectors With High Heel Inserts, 1 Pair",EGP 116.00,EGP 149.00,22%,,,5 out of 5(1)
health&beauty,Spring Valley Melatonina Kids 1 mg- zero sugar  60 Gummies,"EGP 1,477.00","EGP 1,640.00",10%,,,
health&beauty,"Foot Odor Eliminator - Absorbs Sweat and Freshens Feet for Comfortable All-Day Wear Perfect for Athletes, Active Lifestyles, and Shoe Confidence Without Embarrassment (20 piece)",EGP 362.26,,0%,,,
health&beauty,Granzia Professional Cardiology Stethoscope - Maestro,"EGP 1,100.00","EGP 1,800.00",39%,,,5 out of 5(1)
health&beauty,Nano Glass Foot File Callus Remover,EGP 75.22,,0%,,,
health&beauty,Plus Deworming Tablet for Dogs 1 pcs,EGP 430.00,,0%,,,5 out of 5(1)
health&beauty,Eva NATURAL GLOW LIGHTENING CREAM FOR SENSITIVE AREAS 50 G,EGP 105.00,EGP 140.00,25%,,,3.6 out of 5(5)
health&beauty,"Foot Pain Relief Pads - Self Adhesive Heel Pads Designed to Fit All Shoe Styles, Provide Comfort and Protection from Blisters and Friction for Daily Use Savings Account Colors (4 Pack)",EGP 355.00,,0%,,,
health&beauty,Granzia Digital Blood Pressure Monitor - Leganza,"EGP 1,290.00",,0%,,,4 out of 5(4)
health&beauty,Baby Scale – High Precision Infant Weight Scale With LCD Display,"EGP 2,200.00",,0%,,,
health&beauty,Granzia Digital Blood Pressure Monitor - Tripioni,"EGP 1,325.00",,0%,,,4 out of 5(1)
health&beauty,pedic Bunion Corrector (2 Pcs),EGP 245.00,EGP 345.00,29%,,,
health&beauty,Silicone Sports Shock Absorption Insole Unisex(L),EGP 299.00,,0%,,,
health&beauty,Omron GT-720 Gentle Contactless Thermometer - White,"EGP 1,999.00","EGP 4,000.00",50%,,,5 out of 5(1)
health&beauty,BRAV digital Thermometer,EGP 420.00,EGP 500.00,16%,,,
health&beauty,"Cardoo Scale – 19 Body Metrics, Heart Rate, AI Insights – White","EGP 1,999.00","EGP 2,500.00",20%,,,
health&beauty,Riester Stethoscope,"EGP 3,800.00",,0%,,,
health&beauty,Diet For A Slim Body,EGP 184.00,,0%,,,
health&beauty,"Silicone Heel Protectors, Gel Heel Cups for Heel Pain, Breathable Heel Cushions for Back of Heel, Plantar Fasciitis Relief for Men and Women, Blister Prevention for All Shoes",EGP 150.00,,0%,,,
health&beauty,Bravecto Anti-Tick and Flea Prevention Tablet for Dogs 40-56 Kg,"EGP 2,760.00",,0%,,,
health&beauty,Beurer IH60 Nebulizer,"EGP 6,900.00",,0%,,,
health&beauty,Granzia DIGITAL WEIGHT SCALE,EGP 650.00 - EGP 700.00,,0%,,,
health&beauty,Bluetooth Electronic LED Digital Body Fat Scale,EGP 333.00,EGP 790.00,58%,,,
health&beauty,Ultralife Automatic Blood Pressure Monitor,"EGP 1,320.00","EGP 2,500.00",47%,,,
health&beauty,Rossmax WB101 Body Scale - 180 Kg,EGP 866.00,"EGP 1,000.00",13%,,,
health&beauty,Toe Corrector Toe Shoe Pads - 2 Pieces,EGP 134.90,EGP 600.00,78%,,,
health&beauty,Granzia Classico Stethoscope - Grey,EGP 194.90,"EGP 1,000.00",81%,,,4.1 out of 5(8)
health&beauty,Brushes Relieve On Joints And Tendons(XXL 44/45/46),EGP 299.00,,0%,,,
health&beauty,Ht Ht Diabetic Medical Shoe for Diabetics and Swelling of the Foot - Size 46,EGP 993.00,"EGP 1,171.00",15%,,,
health&beauty,Granzia Blood Pressure Monitor - Palmotens-S,EGP 625.00,,0%,,,5 out of 5(2)
health&beauty,Granzia Blood Pressure Monitor - USBAltezza + Blood Glucose Meter White.,"EGP 1,425.00","EGP 3,500.00",59%,,,
health&beauty,Yuwell Sphygmomanometer & Stethoscope,"EGP 3,850.00","EGP 4,500.00",14%,,,5 out of 5(1)
health&beauty,Ducray Anacaps Reactiv for Reactive Hair Loss - 30 Capsules,"EGP 3,125.00",,0%,,,
health&beauty,Rossmax EB200 Stethoscope,EGP 205.00,EGP 900.00,77%,,,
health&beauty,Medel THERMO Digital Thermometer,EGP 95.00,EGP 200.00,53%,,,3 out of 5(1)
health&beauty,"Toe Protectors - Silicone Toe Protectors for Sensitive Toes, Soft Gel Toe Caps for Maximum Comfort, Great to Use as Toe Shields and Separate Toe Bandages (10 Pack)",EGP 261.72,,0%,,,
health&beauty,Gel Silicone Bunion Toe Corrector,EGP 69.00,EGP 250.00,72%,,,3.4 out of 5(10)
health&beauty,VitaCare Max Omega - Premium Omega-3 Fish Oil Supplement,EGP 660.00,,0%,,,
health&beauty,Rossmax EB200 Stethoscope,EGP 200.00,,0%,,,
health&beauty,Full Length Silicone Anti Friction Gel Moisturizing Sock,EGP 150.00,,0%,,,
health&beauty,Dsp Degital Scale - Body -180KG -KD7013,EGP 950.00,"EGP 1,425.00",33%,,,
health&beauty,K9 K 9 Multivitamin Supplement 8 in 1 90 Tablets,EGP 506.00,,0%,,,
health&beauty,Upper Arm Blood Pressure Monitor KF-65B,"EGP 1,100.00",,0%,,,5 out of 5(1)
health&beauty,Homecare Portable Cardiology Stethoscope - Blue,EGP 199.00,EGP 230.00,13%,,,4 out of 5(4)
health&beauty,Medel THERMO DIGITAL THERMOMETER,EGP 202.00,EGP 347.00,42%,,,
health&beauty,A Pair Of Shoe Insoles - Comfortable Memory Foam Inserts,EGP 164.00,EGP 195.00,16%,,,3.4 out of 5(5)
health&beauty,Spirit Professional Stethoscope,"EGP 2,539.00","EGP 3,800.00",33%,,,4.1 out of 5(9)
health&beauty,"Talking Digital Wrist Blood Pressure Monitor, Large LCD Display, 5-Year Warranty","EGP 1,100.00",,0%,,,
health&beauty,Pedo Berry Automatic Blood Pressure Device,"EGP 1,049.00","EGP 1,500.00",30%,,,
health&beauty,K9 K 9 Calcium Supplement for Dogs 90 Tablets,EGP 506.00,,0%,,,
health&beauty,"Padded Shoe Labels - Enjoy the comfort of padded shoe labels that protect your shoes while adding a stylish touch, perfect for enhancing the longevity and appearance of your shoes.(4 Pack)",EGP 255.00,,0%,,,
health&beauty,Air Mattress for Bedsores by Prima,"EGP 2,450.00",,0%,,,
health&beauty,Beurer FT 65 Multi-functional Thermometer - White,"EGP 1,850.00","EGP 3,000.00",38%,,,3.8 out of 5(13)
health&beauty,Gel Moisturizing Socks - Simon,EGP 99.00,,0%,,,2.3 out of 5(3)
health&beauty,2pcs Silicone Moisturizing Gel Heel Socks for Cracked Foot Skin Care,EGP 250.00,,0%,,,4 out of 5(2)
health&beauty,Gel Air Insole,EGP 150.00 - EGP 177.00,"EGP 1,350.00",89%,,,4 out of 5(14)
health&beauty,pedic Insole With Transverse Arch Pad,EGP 245.00 - EGP 247.00,,0%,,,
health&beauty,Granzia Granzia Professional Stethoscope,EGP 450.00,,0%,,,
health&beauty,"Oralade Advanced RF+, Oral Rehydration Support - Fast Acting Isotonic Formula - Kidney and Urinary Support - Natural Chicken Flavour - Highly Palatable - For all Ages - 330ml",EGP 650.00,EGP 777.00,16%,,,
health&beauty,Beurer BM40 Blood Pressure Monitor - White,"EGP 3,500.00",,0%,,,
health&beauty,Toe Separator With Ring,EGP 525.00,,0%,,,
health&beauty,Rossmax Glass Personal Scale - WB101,"EGP 1,150.00",,0%,,,5 out of 5(1)
health&beauty,ALPK2 Stethoscope for Blood Pressure Monitoring,EGP 200.00,,0%,,,4 out of 5(3)
health&beauty,Planet HEAITH CLASSIC SCALE 180 KG,"EGP 1,029.00","EGP 1,575.00",35%,,,
health&beauty,Feet Medical Silicone Brushes,EGP 180.00,,0%,,,5 out of 5(1)
health&beauty,Planet  HEALTH 2IN1 INFRARED THERMOMETER,"EGP 1,235.00","EGP 1,890.00",35%,,,
health&beauty,Pure Pure Fully Automatic Blood Pressure Monitor,"EGP 1,199.00","EGP 1,500.00",20%,,,
health&beauty,Medel THERMOMETER NO CONTACT FOR HEAD,"EGP 1,210.00","EGP 1,401.00",14%,,,
health&beauty,Round Digital Scale - 180kg,EGP 325.00,EGP 444.00,27%,,,4.2 out of 5(73)
health&beauty,Toes Separator - Five-toes Separators,EGP 98.00,EGP 250.00,61%,,,4.3 out of 5(8)
health&beauty,Set Corrector Big Toe - Toe Protector and Straightener for Pain Relief,EGP 127.90,"EGP 1,080.00",88%,,,
health&beauty,Yuwell Sphygmomanometer & Stethoscope,"EGP 5,200.00","EGP 7,500.00",31%,,,3 out of 5(3)
health&beauty,Foot Protector From Shoes,EGP 114.11,EGP 200.00,43%,,,4 out of 5(1)
health&beauty,Methylcobal 500 mcg Vitamin B12 for nerve support and anemia treatment 30tablets,EGP 860.00,EGP 945.00,9%,,,
health&beauty,Toes Separator - Five-toes Separators,EGP 65.00,EGP 150.00,57%,,,3.7 out of 5(3)
health&beauty,Spirit Professional Spirit Stethoscope,"EGP 2,750.00","EGP 3,200.00",14%,,,
health&beauty,LUMONY® Shoes Protection Guards for Sneakers Air Force 1 Pairs Shoe anti-wrinkle shoes Protection inside the shoes for support protection safety Guard,EGP 590.00,EGP 999.00,41%,,,
health&beauty,Heel Foot Full Length Silicone Socks - 2 Pcs = 4 Pair,EGP 119.00,EGP 200.00,41%,,,
health&beauty,How to Overcome Menstrual Problems,EGP 147.00,,0%,,,
health&beauty,"Heel Cushions - Self Adhesive Comfort Shoe Pads for Pain Relief and Enhance Comfort for Both Men and Women, Perfect for High Heels, Leather Shoes, Savings Account Colors (6 Pack)",EGP 455.00,,0%,,,
health&beauty,Medel DIGITAL BLOOD PRESSURE CONTROL WOUHOUT CHARG,"EGP 2,520.00","EGP 3,888.00",35%,,,
health&beauty,Insole,EGP 260.00,,0%,,,
health&beauty,eufy eufy By Anker Smart Scale P1 Bluetooth Body Fat Scale - White,"EGP 5,900.00","EGP 15,840.00",63%,,,
health&beauty,Ox Bile Capsules 500mg Per Serving (120 Capsules) - Gluten Free & Non-GMO,"EGP 6,799.00","EGP 9,800.00",31%,,,
health&beauty,Medel ELITE DIGITAL BLOOD PRESSURE MONITOR CHARGER,"EGP 4,032.00","EGP 4,629.00",13%,,,
health&beauty,Omega Care Finger Pulse Oximeter,EGP 930.00,"EGP 2,000.00",54%,,,4.5 out of 5(8)
health&beauty,Ultralife Digital Scale 180 kg,EGP 630.00,"EGP 1,500.00",58%,,,
health&beauty,Granzia Blood Pressure Monitor - Smarta TopLine,"EGP 1,480.00",,0%,,,5 out of 5(1)
health&beauty,Foot Corrector For The Right & Left Foot - One Piece,EGP 145.00,EGP 300.00,52%,,,
health&beauty,Digital Scale - (1056/30)  180 Kg,EGP 365.00,,0%,,,
health&beauty,Heel Protection For Women's Shoes High Heel Foot Grips Pain Relief Pad,EGP 129.00,EGP 199.00,35%,,,4 out of 5(1)
health&beauty,Spirit Professional Stethoscope,"EGP 2,539.00","EGP 3,800.00",33%,,,4 out of 5(2)
health&beauty,"Shoe Deodorizer Pods - Conveniently Infuse Shoes with a Long-Lasting Freshness, Perfect for Daily Use to Eliminate Smell and Moisture, Keeping Feet and Shoes Happy (10 piece)",EGP 272.72,,0%,,,
health&beauty,Granzia  Blood Pressure Monitor - Tripioni,"EGP 1,350.00",,0%,,,
health&beauty,sided foot file for removing dead skin and exfoliating heels with a comfortable handle,EGP 120.00,,0%,,,
health&beauty,Granzia  Blood Pressure Monitor - Astro,"EGP 1,700.00",,0%,,,
health&beauty,"live4gadgets Digital Scale, Portable Weighing Scale 0.01 g-200 g, High Precision Mini Pocket Scale for Gold, Jewellery, Digital Kitchen Scales Food Herb and Coffee with Back-Lit LCD Display",EGP 368.55,,0%,,,
health&beauty,Bravecto Anti-Tick and Flea Treatment for Dogs 4.5-10 Kg,"EGP 2,070.00",,0%,,,
health&beauty,MARY & MAY Tranexamic Acid + Glutathione Eye Cream 30g – Brightening & Anti-Dark Circle Care,"EGP 2,199.00",,0%,,,
health&beauty,K9 K 9 Kitten Supplement 60 Tablets,EGP 506.00,,0%,,,
health&beauty,Scale Bathroom Digital Wireless - Bluetooth 1 Pcs,"EGP 1,400.00",,0%,,,5 out of 5(2)
health&beauty,Pedo Digital pressure monitor ultra health,EGP 850.00,,0%,,,
health&beauty,Silicone Socks Are Comfortable For Feet,EGP 99.00,,0%,,,5 out of 5(2)
health&beauty,Rossmax EB600 Stethoscope - Black,"EGP 1,645.00","EGP 2,000.00",18%,,,4.7 out of 5(7)
health&beauty,Heel Cushions for Foot Pain Relief - 2 Pcs,EGP 59.00,,0%,,,3 out of 5(2)
health&beauty,Beurer GS 215 Rome Glass Bathroom Scale-180kg,"EGP 1,499.00",,0%,,,
health&beauty,Spirit Professional Stethoscope,"EGP 2,645.00","EGP 4,000.00",34%,,,5 out of 5(2)
health&beauty,Beurer Bm 40 Blood Pressure Monitor With Adapter - White,"EGP 3,250.00",,0%,,,
health&beauty,"Force Factor, Berberine, 500 mg, 60 Vegetarian Capsules Supports Blood Sugar and Glucose Metabolism","EGP 2,600.00","EGP 2,950.00",12%,,,
health&beauty,Spirit Professional Stethoscope,"EGP 2,640.00","EGP 4,000.00",34%,,,
health&beauty,Diabetes (Medical Reference Book),EGP 150.00,,0%,,,
health&beauty,Granzia Prestige Electronic Personal Scale - 180KG,EGP 669.00,"EGP 1,500.00",55%,,,
health&beauty,Scale with Bluetooth for Accurate Health Monitoring,EGP 605.00,EGP 800.00,24%,,,
health&beauty,"Set Corrector Big Toe, Toe Protector, Toe Straightener Care Foot Skin Pads",EGP 122.00,EGP 200.00,39%,,,
health&beauty,Rossmax Weight Scale WB101,EGP 999.00,"EGP 1,100.00",9%,,,
health&beauty,Gel Insoles - 2 Pcs,EGP 109.00,EGP 800.00,86%,,,5 out of 5(1)
health&beauty,"Silicone Heel Protectors for Shoes, Gel Heel Cups & Cushion Inserts for Women & Men, Cushioned Sole Cups for Plantar Fasciitis for Cracked Footbed Relief & Blister Prevention",EGP 99.00,EGP 400.00,75%,,,
health&beauty,Salter Glass Analyser Digital Bathroom Scales - Silver - White - 9137SVWH3R,"EGP 1,550.00","EGP 1,975.00",22%,,,5 out of 5(1)
health&beauty,Mesh nebulizer,"EGP 1,999.00",,0%,,,
health&beauty,"Gifticious Digital Personal Scale with High Precision, Sensitive LCD Display, Sleek and Easy-to-Use Design from Black Horse",EGP 500.00,,0%,,,
health&beauty,"Foot Pads Pair of Forefoot Pads, Metatarsal Pads for Foot Pain Relief and Outdoor Running 1 Pair, Black",EGP 119.99,EGP 230.00,48%,,,2 out of 5(1)
health&beauty,"Loose Shoe Solutions - Effortless Cushion Inserts Designed to Secure Fit and Reduce Pain from Loose Footwear, Great for Everyday Use and Sporty Sneakers (Model B - 3Pair)",EGP 299.90,,0%,,,
health&beauty,"Comfort Fit Liners - Premium Inserts for Your Shoes, Providing Essential Support and Cushioning, Perfect for Those with Larger Shoe Sizes Looking for Enhanced Stability (Model B - 3Pair)",EGP 309.12,,0%,,,
health&beauty,Yuwell Sphygmomanometer & Stethoscope,"EGP 3,900.00","EGP 4,500.00",13%,,,4.5 out of 5(2)
health&beauty,A Pair Of Gel Filled Heel Protectors For Heels And Heels,EGP 115.00,EGP 149.00,23%,,,3 out of 5(1)
health&beauty,Foot Pain Relief Socks - 2 Pieces,EGP 444.00,,0%,,,
health&beauty,Granzia BF200 Body Fat & Hydration Monitor Scale - 150Kg,"EGP 1,475.00",,0%,,,
health&beauty,Foot Care Silicone Insole - 1 Pair,EGP 93.00,EGP 250.00,63%,,,5 out of 5(1)
health&beauty,Gel Insoles Maximum Comfort and Comfort/Sizes 32 to 48 for Children and Adults (38-42),EGP 199.00,EGP 600.00,67%,,,
health&beauty,for large Dogs (20-40 Kg) X 1 Tablet,"EGP 2,200.00","EGP 2,600.00",15%,,,
health&beauty,Ankle Protector - 3 Pcs,EGP 105.00,EGP 250.00,58%,,,1 out of 5(1)
health&beauty,Medizana Air Mattress,"EGP 1,601.00",,0%,,,
health&beauty,Granzia BF333 Body Fat & Hydration Monitor Scale - 180Kg,"EGP 2,140.00","EGP 2,200.00",3%,,,4.3 out of 5(36)
health&beauty,Heel Protector for Blister Moisturizing - Cushion Gel for Plantar Fasciitis Pain Relief,EGP 199.00,EGP 450.00,56%,,,
health&beauty,Heel Foam Pads (2 Pieces),EGP 118.00,EGP 200.00,41%,,,4.5 out of 5(4)
health&beauty,Sonotech Fetal Heart Monitor Doppler 5W - Wireless Probe,"EGP 6,840.00",,0%,,,
health&beauty,"Toe Protectors - Silicone Toe Protectors for Sensitive Toes, Soft Gel Toe Caps for Maximum Comfort, Great to Use as Toe Shields and Separate Toe Bandages (20 Pack)",EGP 358.07,,0%,,,
health&beauty,Ankle Pad - 1 Pcs,EGP 169.60,"EGP 1,424.00",88%,,,
health&beauty,K9 K 9 Dog Multivitamin Supplement 90 Tablets,EGP 506.00,,0%,,,
health&beauty,Ball of Foot Cushions (2PCS) Metatarsal Pads - Soft Gel Foot Pads for Pain Relief,EGP 110.00,,0%,,,2.5 out of 5(2)
health&beauty,Omron  Electronic Blood Pressure Monitor,"EGP 2,200.00","EGP 2,800.00",21%,,,
health&beauty,K9 K 9 Protein Supplement for Dogs – 90 Tablets,EGP 506.00,,0%,,,
health&beauty,"Heel Pad, Unisex, Brown 1 Pcs",EGP 75.00,EGP 222.00,66%,,,
health&beauty,Medel Digital thermometer,EGP 165.00,,0%,,,
health&beauty,"Now Food NAC, N Acetyl L Cysteine, 600 mg, Selenium 90 Vegetarian Capsules","EGP 2,350.00","EGP 2,500.00",6%,,,
health&beauty,Dsp KD-7001 Floor Electronic Scales - 180kgs,"EGP 1,200.00",,0%,,,2 out of 5(2)
health&beauty,"Heel Cushions - Self Adhesive Comfort Shoe Pads for Pain Relief and Enhance Comfort for Both Men and Women, Perfect for High Heels, Leather Shoes, Savings Account Colors (4 Pack)",EGP 355.00,,0%,,,
health&beauty,Rossmax HA500 Non Contact Temple Thermometer - White,"EGP 1,494.00","EGP 2,000.00",25%,,,
health&beauty,Promed Personal Scale - 180 Kg,"EGP 1,000.00",,0%,,,5 out of 5(1)
health&beauty,Gel Protective Socks - Comfort for Your Heels,EGP 99.00,EGP 300.00,67%,,,
health&beauty,Silicone Gel Running Sport Insoles Orthotic Arch Support Anti-Slip Shoe Pad (L) - 1 Pair,EGP 159.99,,0%,,,
health&beauty,Eva Corrective Care Breakout Solution 20ml – Acne-Prone Skin Treatment,EGP 450.00,,0%,,,
health&beauty,Beurer PS 160 Personal Bathroom Scale - 180 Kg,"EGP 1,899.00","EGP 3,000.00",37%,,,4.1 out of 5(12)
health&beauty,"Toe Caps - Soft Silicone Toe Protectors Cute Gel Toe Protectors Designed to Protect Your Toes, Perfect for Use as Toe Protectors and Individual Toe Bandages (10 Pcs)",EGP 260.22,,0%,,,
health&beauty,Valgus Protector - 2 Pcs,EGP 145.00,EGP 250.00,42%,,,3.9 out of 5(46)
health&beauty,New Heel Crack Guard Foot Full Length + Silicon Gel Heel Protector,EGP 149.00,EGP 200.00,26%,,,3.6 out of 5(5)
health&beauty,"Scale for Weight, Fat, Muscle, Bone, Body Water",EGP 410.00,,0%,,,
health&beauty,ena IUD,"EGP 2,350.00","EGP 3,250.00",28%,,,
health&beauty,Glass Crystal Digital Scale 150 K,"EGP 1,600.00","EGP 2,500.00",36%,,,
health&beauty,Riester blood pressure,"EGP 4,500.00",,0%,,,
health&beauty,Diet For A Slim Body,EGP 184.00,,0%,,,
health&beauty,Pedo Pedo Automatic Blood Pressure Monitor,"EGP 1,199.00",,0%,,,
health&beauty,Granzia Astro Arm Blood Pressure Monitor,"EGP 1,350.00",,0%,,,
health&beauty,Beurer GS 215 San Francisco Glass Bathroom Scale-180kg,"EGP 1,499.00",,0%,,,5 out of 5(1)
health&beauty,California Gold Nutrition Organic Matcha Green Tea Powder,"EGP 1,970.00","EGP 2,600.00",24%,,,
health&beauty,Bravecto 1000mg Fluralaner Antiparasitic Chewable Tablets for Large Dogs (20-40kg)1 tablets,"EGP 2,950.00","EGP 3,500.00",16%,,,
health&beauty,Beurer BM 27 Limited Edition Upper Arm Blood Pressure Monitor,"EGP 1,900.00",,0%,,,
health&beauty,Rossmax Blood Pressure Monitor  X5,"EGP 3,480.00","EGP 5,000.00",30%,,,5 out of 5(1)
health&beauty,M6 Comfort,"EGP 6,330.00",,0%,,,
health&beauty,Granzia digital blood pressure monitor altezza,"EGP 2,200.00",,0%,,,
health&beauty,Beurer Em 49 Handheld Digital Tens,"EGP 4,499.00","EGP 4,999.00",10%,,,
health&beauty,Omega Care Omega Digital Blood Pressure Monitor (C02) With Backlit LED Screen,"EGP 1,800.00","EGP 2,500.00",28%,,,
health&beauty,Sided Foot File Scrubber Dead Skin & Callus Remover Feet Scraper Pedicure Tool with Wooden Handle,EGP 470.00,,0%,,,
health&beauty,Medizana MERCURY PRO Sphygmomanometer - Superior Accuracy Compression,"EGP 2,950.00",,0%,,,
health&beauty,Ultralife Digital Blood Pressure Monitor,"EGP 1,599.00","EGP 2,500.00",36%,,,
health&beauty,Meditech F02 Infrared Thermometer,"EGP 1,800.00",,0%,,,4.7 out of 5(3)
health&beauty,Granzia Prestige Digital Scale,EGP 700.00,EGP 999.00,30%,,,
health&beauty,Increase Lift Shoe Pad Taller Up To 5 Layers - Silicone Inserts,EGP 225.25,EGP 320.00,30%,,,
health&beauty,Brushes for Joint and Tendon Relief (L40/41),EGP 295.00,,0%,,,
health&beauty,Beurer bc28 blood pressure monitor wrist,"EGP 1,250.00","EGP 1,650.00",24%,,,
health&beauty,Gel Socks for Men & Women Soft Moisturizing Gel Socks for Dry Cracked Feet Moisturizing Moisturizing Socks Infused with Essential Oils & Vitamins (Gray)(2 Pack),EGP 149.00,EGP 400.00,63%,,,
health&beauty,"Now Food NAC, N Acetyl L Cysteine, 1000 mg, 60 Vegetarian Capsules","EGP 2,200.00","EGP 2,600.00",15%,,,
health&beauty,Rossmax Digital Upper Arm Blood Pressure Monitor,"EGP 1,219.00","EGP 2,500.00",51%,,,4.3 out of 5(32)
health&beauty,How Do You Get Over Menopause?,EGP 147.00,,0%,,,
health&beauty,Nobby Large Breed Tablet Above 25kg – Joint support formula for large and giant dog breeds.,"EGP 1,725.00",,0%,,,
health&beauty,Promed Personal Scale - 180 Kg,EGP 625.00,"EGP 1,500.00",58%,,,4.4 out of 5(5)
health&beauty,Granzia Digital Thermometer DT-03 – Water Resistant with Last Reading Memory,EGP 168.00,,0%,,,
health&beauty,Prime Digital Thermometer,EGP 75.00,,0%,,,1 out of 5(1)
health&beauty,"Running Shoe Insoles - Sticky Heel Pads for Sneakers, Small Size with Protective Insert to Help Relieve Pain and Enhance Comfort During Exercise (2 Pack)",EGP 227.60,,0%,,,
health&beauty,Dsp Degital Scale - Body -180KG -KD7018,EGP 960.00,"EGP 1,440.00",33%,,,
health&beauty,Spirit Professional Stethoscope,"EGP 2,640.00","EGP 4,500.00",41%,,,3 out of 5(2)
health&beauty,SHANGYANG SJM-T03 Non Contact Infrared Thermometer - White,EGP 900.00,,0%,,,
health&beauty,Digital Scale for Measuring Body Weight up to 180 Kilograms,EGP 360.00,,0%,,,
health&beauty,Forefoot Pads Silicone Toe Pad Toe Top Sock No Show Toe Liner Covers Not Slip Forefoot Metatarsal Socks,EGP 59.00,EGP 71.00,17%,,,1 out of 5(1)
health&beauty,Omega Care Digital Baby Scale,"EGP 1,550.00",,0%,,,
health&beauty,Granzia Finger Pulse Oximeter Pulsox-304,"EGP 1,550.00",,0%,,,1 out of 5(1)
health&beauty,Omron M3 Upper Arm Blood Pressure Monitor - Gray,"EGP 4,099.00","EGP 7,000.00",41%,,,
health&beauty,Drontal  2 Round Tapeworm Tablets for Dogs,EGP 250.00,EGP 300.00,17%,,,
health&beauty,Planet HEAITH ELEGANT SCALE 180 KG,"EGP 1,323.00","EGP 2,025.00",35%,,,
health&beauty,Pronto Professional Stethoscope,EGP 450.00,,0%,,,
health&beauty,Gel Insole Unisex,EGP 170.00,EGP 310.00,45%,,,
health&beauty,Arch Support Foot Brace,EGP 130.00,,0%,,,
health&beauty,Pulse Oximeter,EGP 700.00,,0%,,,4.4 out of 5(16)
health&beauty,Broken Big Toe Splint Brace left (pc),EGP 250.00,,0%,,,
health&beauty,Solac PD7636BATHROOM SCALE TEMPERED GLASS,"EGP 1,699.00","EGP 2,999.00",43%,,,
health&beauty,Pediatric Flat Foot Insole for Enhanced Comfort and Support,EGP 925.00,,0%,,,5 out of 5(1)
health&beauty,Foot Protector From Shoes,EGP 114.10,EGP 150.00,24%,,,5 out of 5(1)
health&beauty,Granzia Blood Pressure Monitor - Tensokit,"EGP 5,000.00",,0%,,,
health&beauty,How To Live With High Blood Pressure (3rd Edition),EGP 132.00,,0%,,,
health&beauty,"Self Adhesive Foot Support Pads - Innovative Heel Cushions to Enhance Comfort and Reduce Pain, Suitable for Different Types of Shoes, Ensuring a Secure Fit Savings Account Colors (4pcs)",EGP 355.00,,0%,,,
health&beauty,Gel Heel Cups (1 Pair/2pcs) - Blue,EGP 188.00,EGP 295.00,36%,,,
health&beauty,Medisana BU 510 Upper Arm Blood Pressure Monitor,"EGP 2,050.00",,0%,,,
health&beauty,Heel Socks,EGP 117.00,,0%,,,
health&beauty,Uriage DEPIDERM CORRECTIVE EYE CONTOUR CARE 15 ML,EGP 854.00,,0%,,,
health&beauty,Medizana Digital Personal Scale-180Kg,"EGP 1,200.00",,0%,,,
health&beauty,Gel Insoles for Maximum Comfort and Support (Sizes 32 to 48),EGP 235.00,EGP 350.00,33%,,,
health&beauty,Omron BLOOD PRESSURE MONITOR M3,"EGP 5,500.00",,0%,,,
health&beauty,Omega Digital Home Scale Analyzing Fat Water And Muscle (EGS 180) Load 180 KG,EGP 950.00,"EGP 1,250.00",24%,,,
health&beauty,Heel Cup for Enhanced Comfort and Support,EGP 695.00,,0%,,,5 out of 5(1)
health&beauty,Height Increasing Insoles for Comfort and Support,EGP 170.00,,0%,,,
health&beauty,Granzia Prestige Electronic Personal Scale - 180KG,EGP 670.00,,0%,,,3.7 out of 5(3)
health&beauty,Oview OVULATION TEST 5 TEST / PACKAGE,EGP 299.00,EGP 349.00,14%,,,
health&beauty,functional Bluetooth Scale Fat Scale Weight Scale,EGP 655.00,,0%,,,2 out of 5(4)
health&beauty,"Foot Pads Pair Of Forefoot Pads, Metatarsal Pads For Foot Pain Relief And Outdoor Running 1 Pair",EGP 119.99,EGP 230.00,48%,,,3 out of 5(1)
health&beauty,"Stuttering in Children, the Problem and the Solution",EGP 226.00,,0%,,,
health&beauty,Gel Active Insoles,EGP 149.00,EGP 199.00,25%,,,5 out of 5(1)
health&beauty,"21st Century HealthCare Digestive Enzymes, 60 capsules","EGP 1,850.00","EGP 2,600.00",29%,,,
health&beauty,""" SFG Cresence blood glucose meter""",EGP 499.00,,0%,,,
health&beauty,Rossmax X5 Automatic Blood Pressure Monitor,"EGP 3,475.00","EGP 5,000.00",31%,,,5 out of 5(1)
health&beauty,Drontal  4 Round Tapeworm Tablets for Dogs,EGP 315.00,EGP 400.00,21%,,,
health&beauty,2pcs Padded Shoes Sole - All Sizes,EGP 75.00,EGP 150.00,50%,,,
health&beauty,"LED Night Light Ultrasonic Pest Repeller - Enhance your space with our innovative device that combines effective pest control with a warm, inviting glow (2 Pack)",EGP 488.47,,0%,,,
health&beauty,Brushes Relieve On Joints And Tendons (XL 42/43),EGP 299.00,,0%,,,
health&beauty,Rossmax Automatic Blood Pressure Monitor Z5.,"EGP 3,900.00",,0%,,,
health&beauty,Prima Anti Decubitus Bubble Mattress With Adjustable Pump System,"EGP 2,500.00",,0%,,,4.9 out of 5(7)
health&beauty,LEBELAGE eye cream 40ml,EGP 700.00,,0%,,,
health&beauty,Granzia SPLASH Electronic Personal Scale - 200KG,EGP 800.00,,0%,,,
health&beauty,Planet Health 2 IN 1 infrared thermometer from forehead or ear,"EGP 1,260.00",,0%,,,
health&beauty,"Foot Pads Pair of Forefoot Pads, Metatarsal Pads for Foot Pain Relief and Outdoor Running - 3 Pairs",EGP 259.99,EGP 510.00,49%,,,
health&beauty,Rossmax GB Series AGC Aneroid Sphygmomanometer GB102--ring cuff with stethoscope,EGP 890.00,,0%,,,
health&beauty,LEBELAGE eye cream 40ml,EGP 700.00,,0%,,,
health&beauty,Cat And Kitten De-Worming Tablet - Effective Intestinal Worm Treatment,EGP 200.00,,0%,,,
health&beauty,Granzia Rebita Digital Personal Scale - 180 kg,EGP 665.00,"EGP 1,000.00",34%,,,
sports%20wear,Kids Sports Wear Melton. Cotton 100% Comfortable Activewear,EGP 620.00 - EGP 731.00,"EGP 1,000.00",38%,,,
sports%20wear,Diadora Sports Men Polo Shirt - White/BlueSky,EGP 490.00,,0%,,,4.3 out of 5(4)
sports%20wear,Glory Dry-Fit Tee - Red,EGP 475.00,,0%,,,
sports%20wear,ADIDAS IDAS ESSENTIALS 3-STRIPES BOYFRIEND T-SHIRT-BLACK/WHITE,"EGP 1,999.00",,0%,,,
sports%20wear,Nike W NSW SLIM CROP DIM E SPORTSWEAR T-Shirts - DARK BEETROOT,"EGP 1,915.00","EGP 2,259.00",15%,,,5 out of 5(1)
sports%20wear,Nike M Nkct Df Advtg Top Print - Men's Sports Top,"EGP 4,723.00","EGP 5,559.00",15%,,,
sports%20wear,Nileton Sportswear - Sport Top Long Sleeves - Royal Blue,EGP 365.00,EGP 750.00,51%,,,4.4 out of 5(12)
sports%20wear,Diadora Women Summer Milton Wide Leg – Pink,EGP 623.00,EGP 890.00,30%,,,
sports%20wear,ADIDAS ESSENTIALS LINEAR LOGO COTTON TIGHTS - IC3579,EGP 899.40,"EGP 1,499.00",40%,,,
sports%20wear,Defacto Regular Fit Hooded Soft Furry Basic Sweatshirt,EGP 799.00,EGP 999.00,20%,,,
sports%20wear,"Women's Athletic Track Pants, High-Waisted, with Side Stripes, Drawstring Closure, Straight Leg, Active Wear",EGP 350.00,EGP 550.00,36%,,,
sports%20wear,ADIDAS Women Tennis Club Tee Hf1784,"EGP 1,064.50","EGP 2,129.00",50%,,,
sports%20wear,Caesar Elastic Waist With Tab Black Sweatpants,EGP 188.00 - EGP 245.00,EGP 361.00 - EGP 399.00,53%,,,3.8 out of 5(10)
sports%20wear,ADIDAS X-CITY COOLER TEE HR3269,"EGP 1,574.30","EGP 2,249.00",30%,,,
sports%20wear,ADIDAS Aeroreact Training Light-Support Bra-HC5422,EGP 974.50,"EGP 1,949.00",50%,,,
sports%20wear,Diadora Men Cotton Polo Shirt - Petroleum,EGP 623.00,EGP 890.00,30%,,,4 out of 5(3)
sports%20wear,Gorilla TERRA STRIKE Pants,EGP 699.00,,0%,,,
sports%20wear,ADIDAS DESIGNED FOR TRAINING YOGA 7/8 TRAINING PANTS IB8978,"EGP 2,749.50","EGP 5,499.00",50%,,,
sports%20wear,Caesar Boys set Tracksuit – Burgundy,EGP 635.00,"EGP 1,020.00",38%,,,
sports%20wear,LC Waikiki Sleeveless Women Sweater - Versatile and Stylish Knitwear,EGP 249.00 - EGP 309.00,EGP 799.00,69%,,,4.3 out of 5(40)
sports%20wear,Andora Navy Blue Slash Pockets Elastic Waist Sweatpants,EGP 399.00,EGP 524.00,24%,,,4.5 out of 5(18)
sports%20wear,Caesar Hoodie With Pants Training Suit,EGP 484.00,EGP 720.00,33%,,,3.8 out of 5(13)
sports%20wear,LC Waikiki Crew Neck Long Sleeve Men's Tricot Sweater,EGP 379.00,"EGP 1,099.00",66%,,,4 out of 5(1)
sports%20wear,Winter Active Tracksuits - Multicolor,EGP 529.00 - EGP 549.00,EGP 999.00,47%,,,4 out of 5(46)
sports%20wear,Nike Nike Sports Shorts Men - M Nk Df Icon 6In Short FQ5527-411,"EGP 1,500.00","EGP 3,000.00",50%,,,
sports%20wear,Decathlon Men's Ski Base Layer Top - Bl 100 - Black,EGP 399.00,,0%,,,4.6 out of 5(16)
sports%20wear,LC Waikiki Elastic Waist Women's Thick Jogger Sweatpants,EGP 319.00,EGP 799.00,60%,,,3.9 out of 5(8)
sports%20wear,Andora Black Slash Pockets Elastic Waist Sweatpants,EGP 399.00,EGP 524.00,24%,,,4.2 out of 5(44)
sports%20wear,Caesar Detailed Casual Sweatpants With 2 Line - Blue,EGP 245.00,EGP 314.00,22%,,,3.3 out of 5(25)
sports%20wear,Caesar Boys Training Suit With Pocket,EGP 381.00,EGP 650.00,41%,,,4.5 out of 5(185)
sports%20wear,Nileton Sportswear - Sport Leggings Pants With Pocket - Black,EGP 375.00,EGP 750.00,50%,,,4.6 out of 5(425)
sports%20wear,Caesar Boys Training Suit With Pocket,EGP 395.00,EGP 650.00,39%,,,4.4 out of 5(118)
sports%20wear,Defacto Printed Elastic Waist Leg Pocketed Jogger Sweatpants,EGP 549.00,"EGP 1,199.00",54%,,,
sports%20wear,American Eagle Vintage Varsity Sweatpant,EGP 800.00,"EGP 4,000.00",80%,,,4.9 out of 5(9)
sports%20wear,Nike Nike Yoga Luxe Women's Long-Sleeve Top DA0719-010,"EGP 1,050.00","EGP 1,750.00",40%,,,5 out of 5(1)
sports%20wear,LC Waikiki Patterned Girl Booties Socks 5-Pack,EGP 109.00,EGP 249.00,56%,,,5 out of 5(2)
sports%20wear,Defacto Slim Fit Sports Premium Shorts,EGP 337.00,EGP 599.00,44%,,,
sports%20wear,Caesar Hoodie With Pants Training Suit - Multicolor,EGP 484.00,EGP 720.00,33%,,,3.9 out of 5(78)
sports%20wear,Caesar Detailed Casual Sweatpants,EGP 415.00,EGP 595.00,30%,,,4.2 out of 5(17)
sports%20wear,ADIDAS ADIDAS Essentials 3-Stripes Open-Hem Fleece Joggers,"EGP 3,199.00",,0%,,,5 out of 5(4)
sports%20wear,Nileton Hip Cover With Sleeves - Black - For Women,EGP 265.00,EGP 480.00,45%,,,4.7 out of 5(113)
sports%20wear,ADIDAS IDAS Essentials Feelcozy Fleece Cargo Joggers,"EGP 1,924.00 - EGP 2,027.00","EGP 3,599.00",47%,,,4 out of 5(3)
sports%20wear,LC Waikiki Girl Trainer Socks 5-Pack,EGP 99.00,EGP 249.00,60%,,,5 out of 5(3)
sports%20wear,Winter Active Tracksuits - Multicolor,EGP 729.00 - EGP 749.00,"EGP 1,499.00",51%,,,5 out of 5(1)
sports%20wear,LC Waikiki Women's Elastic Waist Tracksuit Bottom,EGP 219.00,EGP 499.00,56%,,,4.3 out of 5(23)
sports%20wear,Caesar Detailed Casual Sweat Pant With Zipper in Darkgreen,EGP 231.00 - EGP 421.00,EGP 399.00 - EGP 558.00,42%,,,4 out of 5(40)
sports%20wear,ADIDAS ADIDAS Essentials Small Logo Feel Cozy Open-Hem Joggers Sportswear Pants - Black,"EGP 2,799.00",,0%,,,4.5 out of 5(6)
sports%20wear,Caesar Hoodie With Pants Training Suit - Multicolor,EGP 455.00 - EGP 484.00,EGP 720.00,37%,,,3.5 out of 5(55)
sports%20wear,Caesar Boys Training Suit With Pocket,EGP 380.00 - EGP 650.00,EGP 650.00,42%,,,4.3 out of 5(137)
sports%20wear,Caesar Boys Training Suit With Pocket,EGP 389.00,EGP 650.00,40%,,,4.3 out of 5(109)
sports%20wear,Winter Active Tracksuits - Multicolor,EGP 729.00,"EGP 1,499.00",51%,,,5 out of 5(3)
sports%20wear,LC Waikiki Polka Dot Girl Booties Socks - 5 Pieces,EGP 109.00,EGP 229.00,52%,,,3 out of 5(2)
sports%20wear,LC Waikiki Woman Jogger Sweatpants - Comfortable Casual Activewear,EGP 279.00,EGP 699.00,60%,,,4.6 out of 5(7)
sports%20wear,Wear Summer Sweatpants - Multicolore,EGP 379.00 - EGP 399.00,EGP 899.00,58%,,,4.6 out of 5(9)
sports%20wear,Caesar Girls Sport Training Suit,EGP 353.00,EGP 820.00,57%,,,4.6 out of 5(7)
sports%20wear,Glory Ascend Tee (Glory In The Climb) - Black*gray,EGP 525.00,,0%,,,
sports%20wear,LC Waikiki Women's Elastic Waist Sport Leggings,EGP 239.00,EGP 599.00,60%,,,4 out of 5(4)
sports%20wear,Caesar Men's front zip sports training Suit,EGP 475.00,EGP 990.00,52%,,,
sports%20wear,LC Waikiki Elastic Waist Women's Jogger Sweatpants,EGP 279.00,EGP 699.00,60%,,,5 out of 5(1)
sports%20wear,Caesar Girls Sport Trainnig Suit,EGP 353.00,EGP 820.00,57%,,,4.2 out of 5(5)
sports%20wear,Diadora Men's Cotton Hoodie - Blue,EGP 833.00,"EGP 1,190.00",30%,,,4 out of 5(6)
sports%20wear,Winter Active Tracksuits - Multicolor,EGP 689.00,"EGP 1,399.00",51%,,,5 out of 5(3)
sports%20wear,Winter Active Tracksuits - Multicolor,EGP 689.00,"EGP 1,399.00",51%,,,5 out of 5(4)
sports%20wear,Caesar Hoodie With Pants Training Suit And Lined Design,EGP 491.00,EGP 720.00,32%,,,4 out of 5(9)
sports%20wear,ADIDAS IDAS Train Essentials Training T-Shirt Training T-Shirts - Blue,"EGP 1,599.00",,0%,,,4.4 out of 5(8)
sports%20wear,ADIDAS IDAS Essentials Linear Cotton Leggings Sportswear Tights - Black,"EGP 1,999.00",,0%,,,
sports%20wear,Diadora Men's Cotton Hoodie with Half Zip - Grey/Black,EGP 903.00,"EGP 1,290.00",30%,,,4.3 out of 5(11)
sports%20wear,Caesar Hoodie With Pants Training Suit - Red * Black,EGP 484.00,EGP 720.00,33%,,,4.3 out of 5(51)
sports%20wear,LC Waikiki Women's Elastic Waist Sport Leggings,EGP 239.00,EGP 599.00,60%,,,5 out of 5(2)
sports%20wear,Caesar Boys Training Suit With Pocket.,EGP 680.00,EGP 848.00,20%,,,4.2 out of 5(12)
sports%20wear,Caesar Girls Sport Training Suit,EGP 353.00,EGP 820.00,57%,,,5 out of 5(4)
sports%20wear,Winter Active Tracksuits - Multicolor,EGP 689.00 - EGP 699.00,"EGP 1,399.00",51%,,,2.5 out of 5(2)
sports%20wear,Caesar Men's Plain Wool pullover with Diamond Design,EGP 248.00,EGP 620.00,60%,,,3.8 out of 5(4)
sports%20wear,Caesar Hoodie With Pants Training Suit And Lined Design,EGP 491.00,EGP 720.00,32%,,,4.3 out of 5(6)
sports%20wear,Defacto Fall In Love Viscose Top - Stylish Women's Casual Wear,EGP 199.00,EGP 399.00,50%,,,
sports%20wear,Winter Active Tracksuits - Multicolor,EGP 529.00 - EGP 549.00,EGP 999.00,47%,,,4.2 out of 5(13)
sports%20wear,Winter Active Tracksuits - Multicolor,EGP 729.00,"EGP 1,499.00",51%,,,4.5 out of 5(4)
sports%20wear,Nileton Sportswear - Sport Top Long Sleeves – Black,EGP 365.00,EGP 750.00,51%,,,4.6 out of 5(65)
sports%20wear,LC Waikiki Slim Fit Men's Thick Sweatpants,EGP 389.00,"EGP 1,099.00",65%,,,4.3 out of 5(10)
sports%20wear,Caesar Boys' sports tracksuit with chest print,EGP 509.00,EGP 549.00,7%,,,4.2 out of 5(6)
sports%20wear,Caesar Detailed Casual Sweatpants,EGP 415.00,EGP 595.00,30%,,,3.8 out of 5(52)
sports%20wear,"Caesar Boys' winter tracksuit, velvet lining on the back and a zipper on the chest.",EGP 491.00,"EGP 1,200.00",59%,,,
sports%20wear,Caesar Boys Training Suit with Pockets and Lined Design,EGP 386.00,EGP 650.00,41%,,,4.2 out of 5(53)
sports%20wear,Caesar Men's sports tracksuit,EGP 526.00,EGP 990.00,47%,,,1 out of 5(1)
sports%20wear,Caesar Hoodie With Pants Training Suit,EGP 864.00,"EGP 1,023.00",16%,,,3.3 out of 5(19)
sports%20wear,Winter Active Tracksuits - Multicolor,EGP 689.00 - EGP 709.00,"EGP 1,399.00",51%,,,4.3 out of 5(3)
sports%20wear,Winter Active Tracksuits - Multicolor,EGP 529.00,EGP 999.00,47%,,,3 out of 5(2)
sports%20wear,Diadora Men Sport Lightweight Shorts - Grey,EGP 384.30,EGP 549.00,30%,,,4.4 out of 5(8)
sports%20wear,Caesar Men's front zip sports training Suit,EGP 475.00,EGP 990.00,52%,,,
sports%20wear,Defacto Women's Jogger Trousers - Comfortable Thick Sweatshirt Fabric with Pockets,EGP 369.00,EGP 799.00,54%,,,4.3 out of 5(11)
sports%20wear,Caesar Hoodie With Pants Training Suit And Lined Design,EGP 864.00,"EGP 1,023.00",16%,,,4 out of 5(23)
sports%20wear,LC Waikiki Elastic Waist Women's Jogger Sweatpants,EGP 289.00,EGP 699.00,59%,,,5 out of 5(1)
sports%20wear,Caesar Detailed Casual Sweatpants - Black,EGP 245.00,EGP 399.00,39%,,,3.9 out of 5(96)
sports%20wear,LC Waikiki Women's Elastic Waist Sweatpants,EGP 189.00,EGP 499.00,62%,,,4.3 out of 5(3)
sports%20wear,Caesar Hoodie With Pants Training Suit - Burgundy,EGP 752.00,EGP 916.00,18%,,,4 out of 5(101)
sports%20wear,H.Brand Winter Active Tracksuits - Multicolor,EGP 879.00 - EGP 899.00,"EGP 1,799.00",51%,,,
sports%20wear,LC Waikiki Woman Jogger Sweatpants,EGP 279.00,EGP 699.00,60%,,,4.4 out of 5(5)
sports%20wear,LC Waikiki Elastic Waist Women's Jogger Sweatpants,EGP 289.00,EGP 699.00,59%,,,4.5 out of 5(2)
sports%20wear,Winter Active Tracksuits - Black,EGP 569.00,EGP 999.00,43%,,,4.2 out of 5(65)
sports%20wear,LC Waikiki Elastic Waist Printed Women's Tracksuit Bottoms,EGP 349.00,EGP 699.00,50%,,,4 out of 5(1)
sports%20wear,Caesar Girls' winter Melton tracksuit with chest print,EGP 497.00,EGP 950.00,48%,,,5 out of 5(1)
sports%20wear,Decathlon Run Warm Men's Long-Sleeved Running T-Shirt Black,EGP 799.00,,0%,,,4.8 out of 5(4)
sports%20wear,Caesar Men's Plain Wool pullover with Diamond Design,EGP 248.00,EGP 620.00,60%,,,5 out of 5(1)
sports%20wear,LC Waikiki Woman Jogger Sweatpants - Comfortable Casual Sportswear,EGP 349.00,EGP 699.00,50%,,,3.7 out of 5(3)
sports%20wear,VIOLA Sports Bra And Chest Braces,EGP 550.00,,0%,,,4.4 out of 5(31)
sports%20wear,Caesar Boys' printed t-shirt and shorts set,EGP 236.00,EGP 520.00,55%,,,5 out of 5(9)
sports%20wear,Caesar Women's Two-piece Sports Tracksuit - Half Neck Zipper Activewear,EGP 451.00,EGP 850.00,47%,,,4.9 out of 5(9)
sports%20wear,Caesar Hoodie with Pants Training Suit and Lined Design,EGP 864.00,"EGP 1,023.00",16%,,,4 out of 5(7)
sports%20wear,Caesar Boys Training Suit with Pockets and Lined Design,EGP 680.00,EGP 848.00,20%,,,4.2 out of 5(27)
sports%20wear,Caesar Printed Girls Training Suit With Pocket,EGP 402.00,EGP 650.00,38%,,,4.7 out of 5(15)
sports%20wear,Caesar Boys Training Suit With Pockets And Lined Design,EGP 386.00,EGP 650.00,41%,,,4.4 out of 5(7)
sports%20wear,Caesar Boys Training Suit With Pocket.,EGP 680.00,EGP 848.00,20%,,,4 out of 5(141)
sports%20wear,Vanilla Sport Wear Pajama Melton 3 Pieces,EGP 807.50,"EGP 1,500.00",46%,,,5 out of 5(1)
sports%20wear,Caesar Hoodie With Pants Training Suit And Lined Design,EGP 864.00,"EGP 1,023.00",16%,,,3.4 out of 5(17)
sports%20wear,Caesar Hoodie With Pants Training Suit,EGP 484.00,EGP 720.00,33%,,,3.9 out of 5(13)
sports%20wear,Caesar Men's Plain Wool pullover with Diamond Design,EGP 248.00,EGP 620.00,60%,,,5 out of 5(2)
sports%20wear,Winter Active Tracksuits - Multicolor,EGP 689.00,"EGP 1,399.00",51%,,,4 out of 5(6)
sports%20wear,Caesar Printed Training Suit for Men - Stylish Sportswear,EGP 573.00,EGP 690.00,17%,,,4.1 out of 5(31)
sports%20wear,Caesar Boys' printed t-shirt and shorts set,EGP 236.00,EGP 520.00,55%,,,4.1 out of 5(9)
sports%20wear,Nileton Sportswear - Sport Leggings Pants With Pocket & Dantel,EGP 425.00,EGP 890.00,52%,,,4.6 out of 5(51)
sports%20wear,Cld Men Cotton Sweatpants,EGP 450.00,,0%,,,
sports%20wear,ADIDAS IDAS Camo Shape Graphic T-Shirt,"EGP 1,599.00",,0%,,,4.4 out of 5(7)
sports%20wear,Air Walk Sportive Tracksuit With One Stripe Designed Jacket - Black & Red,EGP 499.00,EGP 699.00,29%,,,4.3 out of 5(29)
sports%20wear,ADIDAS IDAS Train Essentials Training T-Shirt,"EGP 1,599.00",,0%,,,3.8 out of 5(4)
sports%20wear,Nileton Half Zipper Sport Top Long Sleeves - Dark Grey,EGP 375.00,EGP 785.00,52%,,,4.2 out of 5(19)
sports%20wear,Caesar Men's Plain Wool pullover with Diamond Design,EGP 248.00,EGP 620.00,60%,,,
sports%20wear,LC Waikiki Women's Thick Sweatpants with Elastic Waist - Navy,EGP 239.00,EGP 599.00,60%,,,4.2 out of 5(5)
sports%20wear,LC Waikiki Women's Elastic Waist Sweatpants,EGP 269.00,EGP 699.00,62%,,,5 out of 5(3)
sports%20wear,Glory Whispering Thunder Tee (Unlesh The Storm Within) - Orange,EGP 495.00,,0%,,,
sports%20wear,Caesar Hoodie With Pants Training Suit,EGP 491.00,EGP 720.00,32%,,,4.1 out of 5(15)
sports%20wear,Caesar Boys Training Suit With Pocket,EGP 386.00,EGP 650.00,41%,,,5 out of 5(4)
sports%20wear,Cld Men Cotton Sweatpants,EGP 450.00,,0%,,,
sports%20wear,Decathlon Men's Fitness Jogging Bottoms 100 - Black,EGP 699.00,,0%,,,4.5 out of 5(6)
sports%20wear,ADIDAS ADIDAS Train Essentials Feelready Logo Training T-Shirt - White,"EGP 2,399.00",,0%,,,5 out of 5(1)
sports%20wear,Caesar Boys Training Suit with Pockets and Lined Design,EGP 386.00,EGP 650.00,41%,,,4.4 out of 5(27)
sports%20wear,Caesar Boys Training Suit With Pocket.,EGP 389.00,EGP 650.00,40%,,,4.1 out of 5(24)
sports%20wear,LC Waikiki Crew Neck Long Sleeve Men's Tricot Sweater - Ecru,EGP 349.00,"EGP 1,099.00",68%,,,4 out of 5(1)
sports%20wear,Black Sweatpants for Men - Comfortable Casual Wear,EGP 500.00 - EGP 600.00,EGP 700.00 - EGP 900.00,33%,,,4.7 out of 5(3)
sports%20wear,Glory Whispering Thunder Tee - Unleash The Storm Within - Gray,EGP 495.00,,0%,,,5 out of 5(1)
sports%20wear,Caesar Hoodie With Pants Training Suit And Lined Design,EGP 491.00,EGP 720.00,32%,,,4.5 out of 5(2)
sports%20wear,H.Brand Winter Active Tracksuits - Multicolor,EGP 879.00 - EGP 899.00,"EGP 1,799.00",51%,,,
sports%20wear,LC Waikiki Women's Elastic Waist Sweatpants,EGP 289.00 - EGP 359.00,EGP 699.00,59%,,,4.2 out of 5(5)
sports%20wear,Diadora Men Sport Hoodie Training Suit - BlueSky,"EGP 1,393.00","EGP 1,990.00",30%,,,
sports%20wear,H.Brand Winter Active Tracksuits - Multicolor,EGP 879.00 - EGP 889.00,"EGP 1,799.00",51%,,,3.3 out of 5(10)
sports%20wear,Street Wear  Winter Sweatpants - Multicolore,EGP 289.00,EGP 599.00,52%,,,4.3 out of 5(78)
sports%20wear,Caesar Hoodie With Pants Training Suit,EGP 484.00,EGP 720.00,33%,,,3.5 out of 5(36)
sports%20wear,Carina (Cookies) Slim Fit Cotton Leggings Short,EGP 145.00,EGP 170.00,15%,,,
sports%20wear,"Caesar Boys' winter tracksuit, velvet lining on the back and a zipper on the chest.",EGP 491.00,"EGP 1,200.00",59%,,,
sports%20wear,LC Waikiki Slim Fit Men's Jogger Sweatpants,EGP 559.00,"EGP 1,999.00",72%,,,4 out of 5(1)
sports%20wear,LC Waikiki Women's Straight Elastic Waist Seamless Tights,EGP 289.00,EGP 799.00,64%,,,5 out of 5(3)
sports%20wear,LC Waikiki Women's Elastic Waist Plain Cargo Sweatpants,EGP 549.00,"EGP 1,999.00",73%,,,5 out of 5(1)
sports%20wear,Defacto NBA Chicago Bulls Standard Fit Shorts - Beige,EGP 399.00,EGP 799.00,50%,,,
sports%20wear,Caesar Hoodie With Pants Training Suit,EGP 484.00,EGP 720.00,33%,,,4 out of 5(23)
sports%20wear,Caesar Hoodie With Pants Training Suit And Lined Design,EGP 491.00,EGP 720.00,32%,,,3.7 out of 5(13)
sports%20wear,Diadora Men Cargo Cotton Pants - Black,EGP 623.00,EGP 890.00,30%,,,3.7 out of 5(3)
sports%20wear,Glory Whispering Thunder Tee - Unleash The Storm Within - Purple,EGP 495.00,,0%,,,
sports%20wear,Caesar Men's plain tracksuit with chest print,EGP 599.00,EGP 990.00,39%,,,
sports%20wear,Caesar Men's wool pullover with a linear design on the sleeves,EGP 248.00,EGP 620.00,60%,,,5 out of 5(1)
sports%20wear,Masters Men Elastic Waist With Drawstring Pants & Side Pockets - Navy Blue,EGP 350.00,,0%,,,4.4 out of 5(41)
sports%20wear,Winter Cotton Women's Sweatpants Numeric Print Waistband Loose Long,EGP 499.99,EGP 999.00,50%,,,
sports%20wear,Glory Ascend Tee (Glory In The Climb) - White*F-Yellow,EGP 525.00,,0%,,,
sports%20wear,ADIDAS ADIDAS Essentials Big Logo Cotton Leggings Sportswear Tights - Black,"EGP 1,999.00",,0%,,,3.5 out of 5(2)
sports%20wear,LC Waikiki Elastic Waist Women's Thick Sweatpants,EGP 279.00,EGP 599.00,53%,,,3.4 out of 5(5)
sports%20wear,Caesar Boys Training Suit With Pocket,EGP 386.00,EGP 650.00,41%,,,4.5 out of 5(14)
sports%20wear,"Women's Athletic Track Pants, High-Waisted, with Side Stripes, Drawstring Closure, Straight Leg, Active Wear",EGP 350.00,EGP 550.00,36%,,,
sports%20wear,Caesar Boys Training Suit With Pockets And Lined Design,EGP 386.00,EGP 650.00,41%,,,3.9 out of 5(41)
sports%20wear,Nileton Sportswear - Sport Leggings Pants With Pocket - Eggplant,EGP 375.00,EGP 750.00,50%,,,4.7 out of 5(57)
sports%20wear,Caesar Printed Girls Training Suit,EGP 389.00,EGP 650.00,40%,,,4.5 out of 5(37)
sports%20wear,Cld Men Cotton Sweatpants,EGP 450.00,,0%,,,
sports%20wear,Shechick Iconic Sliver Grey Over Sized Hoodie,EGP 499.00,EGP 999.00,50%,,,
sports%20wear,Glory Dry Fit Tee - Black,EGP 475.00,,0%,,,4 out of 5(1)
sports%20wear,LC Waikiki Patterned Girl Booties Socks 5-Pack,EGP 109.00,EGP 229.00,52%,,,2.5 out of 5(2)
sports%20wear,Glory Dry-Fit Tee - Gray,EGP 475.00,,0%,,,
sports%20wear,Andora Black Elastic Waist Hooded Tracksuit for Men,EGP 899.00,"EGP 1,349.00",33%,,,3.3 out of 5(6)
sports%20wear,ADIDAS IDAS Codes Collegiate Linear Graphic Tee - Cgreen,"EGP 1,999.00",,0%,,,4.5 out of 5(4)
sports%20wear,LC Waikiki Men's Short Printed Swimwear,EGP 199.00,EGP 699.00,72%,,,4.7 out of 5(3)
sports%20wear,Nileton Sportswear - Sport Leggings Pants With Pocket - Printed,EGP 395.00,EGP 850.00,54%,,,4.8 out of 5(46)
sports%20wear,"Caesar Boys' winter tracksuit, velvet lining on the back and a zipper on the chest.",EGP 491.00,"EGP 1,200.00",59%,,,5 out of 5(1)
sports%20wear,Winter Active Tracksuits - Multicolor,EGP 729.00,"EGP 1,499.00",51%,,,3.3 out of 5(3)
sports%20wear,Caesar Hoodie With Pants Training Suit,EGP 484.00,EGP 720.00,33%,,,3.6 out of 5(14)
sports%20wear,Nileton Half Zipper Sport Top Long Sleeves - Fuchsia,EGP 375.00,EGP 785.00,52%,,,4.5 out of 5(13)
sports%20wear,ADIDAS IDAS CODES CAMO GRAPHIC T-SHIRT-OLISTR,"EGP 1,599.00",,0%,,,5 out of 5(3)
sports%20wear,Caesar Girls Sport Training Suit,EGP 353.00,EGP 820.00,57%,,,3.5 out of 5(2)
sports%20wear,Vanilla Sport Wear Pajama Melton 3 Pieces,EGP 722.50,"EGP 1,000.00",28%,,,
sports%20wear,Caesar Women's tracksuit with velvet lining and linear designs,EGP 628.00,"EGP 1,600.00",61%,,,5 out of 5(1)
sports%20wear,ADIDAS IDAS Train Essentials Feelready Training T-Shirt,"EGP 1,999.00",,0%,,,5 out of 5(2)
sports%20wear,Focus Men Trainning Suit-Grey/White,EGP 749.00,,0%,,,
sports%20wear,Caesar Men's Milton winter tracksuit with a striped design on the pants,EGP 750.00,"EGP 1,420.00",47%,,,
sports%20wear,Caesar Boys Training Suit with Hoodie and Pockets,EGP 358.00 - EGP 386.00,EGP 650.00,45%,,,4.1 out of 5(32)
sports%20wear,Diadora Men Cotton Jogger Pants - Dark Grey,EGP 678.30,EGP 969.00,30%,,,5 out of 5(3)
sports%20wear,LC Waikiki Elastic Waist Barbie Printed Women's Jogger Sweatpants,EGP 399.00,EGP 799.00,50%,,,5 out of 5(2)
sports%20wear,ADIDAS IDAS Men Climacool Training Camo Logo Graphic T-Shirt -White,"EGP 1,999.00",,0%,,,5 out of 5(2)
sports%20wear,Diadora Men Sport Training Suit - Navy,"EGP 1,323.00","EGP 1,890.00",30%,,,5 out of 5(1)
sports%20wear,Diadora Men Sport Hoodie Training Suit - White,"EGP 1,393.00","EGP 1,990.00",30%,,,
sports%20wear,Caesar Men's Milton winter tracksuit with a striped design on the pants,EGP 750.00,"EGP 1,420.00",47%,,,
sports%20wear,Caesar Women's Two-piece Sports Tracksuit with Half Neck and Zipper,EGP 451.00,EGP 850.00,47%,,,
sports%20wear,LC Waikiki Women's Elastic Waist Regular Jogger Sweatpants - New Black,EGP 239.00,EGP 549.00,56%,,,3 out of 5(4)
sports%20wear,Diadora Sports T-Shirt SS For Men - Neon Green,EGP 490.00,,0%,,,4.3 out of 5(37)
sports%20wear,Diadora Men Cotton Jogger Pants - Black,EGP 678.30,EGP 969.00,30%,,,3 out of 5(2)
sports%20wear,Caesar Printed Girls Meleton Training Suit,EGP 395.00,EGP 650.00,39%,,,5 out of 5(1)
sports%20wear,LC Waikiki Women's Elastic Waist Sweatpants,EGP 259.00 - EGP 339.00,EGP 699.00,63%,,,5 out of 5(1)
sports%20wear,Winter Active Tracksuits - Multicolor,EGP 729.00,"EGP 1,499.00",51%,,,4 out of 5(3)
sports%20wear,Caesar Boys Training Suit With Pockets And Lined Design,EGP 680.00,EGP 848.00,20%,,,4 out of 5(31)
sports%20wear,ADIDAS Train Essentials Feelready Training T-Shirt-CGREEN/WHITE,"EGP 1,999.00",,0%,,,4.7 out of 5(3)
sports%20wear,Defacto Boxy Fit Printed Sweatshirt,EGP 799.00,EGP 999.00,20%,,,
sports%20wear,Defacto Girl Wide Leg Trousers,EGP 349.00,EGP 599.00,42%,,,
sports%20wear,Nike M  Nk Club Knit Jogger,"EGP 4,021.00","EGP 4,729.00",15%,,,5 out of 5(1)
sports%20wear,Defacto NBA Boston Celtics Oversize Fit Crew Neck Embroidery T-Shirt,EGP 249.00,EGP 599.00,58%,,,5 out of 5(2)
sports%20wear,Glory Dry-Fit Tee - White,EGP 475.00,,0%,,,
sports%20wear,LC Waikiki Woman Jogger Sweatpants,EGP 389.00,EGP 699.00,44%,,,5 out of 5(2)
sports%20wear,Defacto Slim Fit Ribbed Sports Crop Top for Women - Ecru,EGP 149.00,EGP 399.00,63%,,,4.8 out of 5(5)
sports%20wear,Defacto Fall In Love Viscose Top,EGP 249.00,EGP 399.00,38%,,,
sports%20wear,Nike M NSW M90 12MO FUTURA SPORTSWEAR T-Shirts - BLACK,"EGP 2,138.00 - EGP 2,362.00","EGP 2,709.00",21%,,,5 out of 5(5)
sports%20wear,"Caesar Boys' winter tracksuit with a velvet lining, front zipper, and prints",EGP 509.00,"EGP 1,200.00",58%,,,5 out of 5(1)
sports%20wear,ADIDAS IDAS Tlrd Impact Training High Support Bra - Black,"EGP 3,999.00",,0%,,,5 out of 5(4)
sports%20wear,ADIDAS IDAS Camo Shape Graphic T-Shirt,"EGP 1,599.00",,0%,,,5 out of 5(2)
sports%20wear,Defacto Standard Fit Elastic Waist Basic Thick Jogger Sweatpants,EGP 599.00,EGP 799.00,25%,,,
sports%20wear,Caesar Detailed Casual Sweatpants,EGP 211.00,EGP 399.00,47%,,,4.7 out of 5(9)
sports%20wear,LC Waikiki Crew Neck Plain Short Sleeve Women's Sports T-Shirt,EGP 149.00,EGP 399.00,63%,,,
sports%20wear,Caesar Hoodie With Pants Training Suit and Lined Design,EGP 864.00,"EGP 1,023.00",16%,,,4.1 out of 5(19)
sports%20wear,Nike M NP DF FLEX VENT MAX  TRAINING Mens Shorts,"EGP 4,308.00","EGP 5,069.00",15%,,,5 out of 5(1)
sports%20wear,LC Waikiki Women's Elastic Waist Sweatpants,EGP 249.00,EGP 699.00,64%,,,4.7 out of 5(3)
sports%20wear,Defacto NBA Brooklyn Nets Oversize Fit Crop Shorts - Anthracite,EGP 399.00,EGP 799.00,50%,,,
sports%20wear,Winter Cotton Women's Sweatpants Numeric Print Waistband Loose Long,EGP 499.99,EGP 999.00,50%,,,5 out of 5(1)
sports%20wear,LC Waikiki Elastic Waist Women's Jogger Sweatpants,EGP 279.00,EGP 699.00,60%,,,4.5 out of 5(4)
sports%20wear,Shechick High Collar Black Chic Crop Top,EGP 395.00,EGP 789.00,50%,,,2 out of 5(1)
sports%20wear,Vona Vona Soft Printed Bras for Women - Pack of 4,EGP 279.99,EGP 520.00 - EGP 524.00,47%,,,4.2 out of 5(22)
sports%20wear,Defacto Boxy Fit Embroidered Sweatshirt,EGP 999.00,"EGP 1,299.00",23%,,,
sports%20wear,Caesar Hoodie with Pants Training Suit and Lined Design,EGP 491.00,EGP 720.00,32%,,,2.5 out of 5(4)
sports%20wear,Caesar Boys Training Suit with Pockets and Lined Design,EGP 680.00,EGP 848.00,20%,,,4.1 out of 5(33)
sports%20wear,Winter Active Tracksuits - Multicolor,EGP 729.00 - EGP 749.00,"EGP 1,499.00",51%,,,
sports%20wear,LC Waikiki High Collar Striped Oversize Women's Knitwear Sweater,EGP 349.00,EGP 699.00,50%,,,5 out of 5(1)
sports%20wear,Caesar Girls' winter Melton tracksuit with linear designs,EGP 564.00,EGP 950.00,41%,,,
sports%20wear,Nileton Sportswear - Sport Leggings Pants With Pocket,EGP 375.00,EGP 750.00,50%,,,4.4 out of 5(14)
sports%20wear,ADIDAS Climacool One Rep at a Time Training Graphic T-Shirt,"EGP 2,399.00",,0%,,,3.5 out of 5(2)
sports%20wear,Decathlon Running Socks Run 100 3pack - Blister Protection and Comfort,EGP 249.00,,0%,,,3.8 out of 5(8)
sports%20wear,LC Waikiki Basic Girls' Booties Socks 5 Pack,EGP 129.00,EGP 199.00,35%,,,5 out of 5(1)
sports%20wear,ADIDAS IDAS ESSENTIALS SMALL LOGO SINGLE JERSEY TEE-PURRUB/BLACK,"EGP 1,599.00",,0%,,,4.8 out of 5(5)
sports%20wear,ADIDAS ADIDAS Train Essentials Feelready Novelty T-Shirt,"EGP 1,999.00",,0%,,,
sports%20wear,LC Waikiki Comfortable Fit Men's Jogger Sweatpants,EGP 509.00,"EGP 1,299.00",61%,,,
sports%20wear,Winter Active Tracksuits - Multicolor,EGP 729.00 - EGP 749.00,"EGP 1,499.00",51%,,,3 out of 5(1)
sports%20wear,Fg Black Melton Women's Tracksuit Decorated With Leather Pieces,EGP 750.00,,0%,,,3.7 out of 5(3)
sports%20wear,Nike M Nk Club Knit Jogger,"EGP 4,729.00",,0%,,,5 out of 5(1)
sports%20wear,LC Waikiki Women's Wide Leg Straight With Elastic Waist Sweatpants,EGP 269.00,EGP 449.00,40%,,,4.7 out of 5(7)
sports%20wear,Nileton Sport Top Slim Fit Long Sleeves - Sport T-shirt Crew Neck,EGP 365.00,EGP 650.00,44%,,,3 out of 5(2)
sports%20wear,Caesar Detailed Casual Sweatpants,EGP 275.00,EGP 361.00,24%,,,4.6 out of 5(5)
sports%20wear,Nike M Nsw Tee Ls Os Oc Pk2 Sportswear Tops - Black,"EGP 3,543.00","EGP 4,169.00",15%,,,5 out of 5(2)
sports%20wear,Caesar Detailed Casual Sweatpants With Bottom Zipper,EGP 245.00,EGP 399.00,39%,,,3.7 out of 5(3)
sports%20wear,Caesar Hoodie With Pants Training Suit - Dark Yellow,EGP 484.00,EGP 720.00,33%,,,4.1 out of 5(68)
sports%20wear,Caesar Hoodie With Pants Training Suit,EGP 484.00,EGP 720.00,33%,,,3.9 out of 5(37)
sports%20wear,ADIDAS Train Essentials Feelready Training T-Shirt,"EGP 1,999.00",,0%,,,5 out of 5(2)
sports%20wear,Nileton Sportswear - Sport Leggings Pants With Pocket - Dark Green,EGP 375.00,EGP 750.00,50%,,,4.5 out of 5(32)
sports%20wear,ADIDAS IDAS ESSENTIALS SMALL LOGO SINGLE JERSEY TEE-OLISTR/BLACK,"EGP 1,599.00",,0%,,,
sports%20wear,Diadora Sportiv Pants For Men - Navy,EGP 872.00,"EGP 1,090.00",20%,,,3.7 out of 5(3)
sports%20wear,ADIDAS ADIDAS Essentials Small Logo Single Jersey T-Shirt,"EGP 855.00 - EGP 2,434.00","EGP 2,566.00",67%,,,
sports%20wear,Defacto Regular Fit Cargo Pants,"EGP 1,299.00",,0%,,,
sports%20wear,LC Waikiki Short Pattern Men's Swimwear,EGP 179.00,EGP 449.00,60%,,,4.3 out of 5(15)
sports%20wear,ADIDAS IDAS Powerreact Graphic Bra Training Bra - Black,"EGP 1,999.00",,0%,,,4.7 out of 5(3)
sports%20wear,ADIDAS IDAS ESSENTIALS THREE STRIPES SINGLE JERSEY TEE-OLISTR/BLACK,"EGP 1,999.00",,0%,,,5 out of 5(1)
sports%20wear,Caesar Boys Training Suit with Pocket,EGP 395.00,EGP 650.00,39%,,,4.3 out of 5(93)
sports%20wear,Caesar Printed Girls Training Suit with Pocket,EGP 402.00,EGP 650.00,38%,,,4.1 out of 5(16)
sports%20wear,ADIDAS IDAS Train Essentials Training Polo Shirt,"EGP 2,799.00",,0%,,,2.5 out of 5(2)
sports%20wear,Caesar Women Wide Sweatpants,EGP 248.00,EGP 450.00,45%,,,4.2 out of 5(37)
sports%20wear,Diadora Men's Cotton Hoodie - Navy,EGP 833.00,"EGP 1,190.00",30%,,,3.7 out of 5(3)
sports%20wear,H.Brand Winter Active Tracksuits - Multicolor,"EGP 1,159.00 - EGP 1,179.00","EGP 2,399.00",52%,,,
sports%20wear,Caesar Women Casual Sweatpants - Comfortable and Stylish,EGP 211.00,EGP 450.00,53%,,,4 out of 5(6)
sports%20wear,Diadora Plain Polo Shirt - Petroleum Grey,"EGP 1,090.00",,0%,,,4 out of 5(2)
sports%20wear,Nike M NSW M90 12MO FUTURA SPORTSWEAR T-Shirts - DEEP ROYAL BLUE,"EGP 2,250.00 - EGP 2,298.00","EGP 3,000.00",25%,,,4.7 out of 5(3)
sports%20wear,Andora Elastic Waist With Drawstring Gabardine Sweatpants - Beige,EGP 549.00,EGP 825.00,33%,,,4.1 out of 5(16)
sports%20wear,Caesar Women Sport T-Shirt With Long Sleeves,EGP 173.00,EGP 214.00 - EGP 238.00,27%,,,3.8 out of 5(6)
sports%20wear,Caesar Women's 2-piece Sports Tracksuit With Hood,EGP 794.00,EGP 956.00,17%,,,3 out of 5(1)
sports%20wear,Caesar Men's Plain Wool pullover with Diamond Design,EGP 248.00,EGP 620.00,60%,,,
sports%20wear,Caesar Boys WinterTraining Suit,EGP 620.00,"EGP 1,160.00",47%,,,5 out of 5(2)
sports%20wear,Caesar Girls' winter tracksuit with velvet lining and striped design,EGP 468.00,"EGP 1,200.00",61%,,,
sports%20wear,Diadora Men Sport Training Suit - Navy/Blue,"EGP 1,953.00","EGP 2,790.00",30%,,,
sports%20wear,Decathlon Running Socks Run 100 3-pack - Black,EGP 249.00,,0%,,,3.9 out of 5(12)
sports%20wear,Sweatpants - Gray - 100% Cotton,EGP 500.00 - EGP 600.00,EGP 800.00,38%,,,
sports%20wear,Trendyol Mint Oversize Wide Cut Textured Wide Leg Sweatpants,"EGP 1,085.00","EGP 2,069.00",48%,,,
sports%20wear,Caesar Printed Training Suit For Mens,"EGP 1,011.00","EGP 1,163.00",13%,,,4.3 out of 5(52)
sports%20wear,Defacto Regular Fit With Cargo Pocket Trousers,"EGP 1,299.00",,0%,,,
sports%20wear,Caesar Hoodie With Pants Training Suit,EGP 484.00,EGP 720.00,33%,,,3.7 out of 5(6)
sports%20wear,Diadora Men Sport Short - Black,EGP 349.30,EGP 499.00,30%,,,4.7 out of 5(7)
sports%20wear,ADIDAS Essentials French Terry 3-Stripes Shorts - black,"EGP 2,299.00",,0%,,,5 out of 5(3)
sports%20wear,Caesar Hoodie With Pants Training Suit,EGP 491.00,EGP 720.00,32%,,,4 out of 5(5)
sports%20wear,"Caesar Men's winter sports tracksuit, velvet interior",EGP 619.00,"EGP 1,420.00",56%,,,
sports%20wear,LC Waikiki Elastic Waist Women's Thick Jogger Sweatpants,EGP 319.00,EGP 799.00,60%,,,5 out of 5(1)
sports%20wear,ADIDAS IDAS Camo Shape Graphic T-Shirt,"EGP 1,599.00",,0%,,,4 out of 5(4)
sports%20wear,Trendyol Black Warm Winter High Waist Carrot Fit Sports Knitted Sweatpants,EGP 939.00,"EGP 1,789.00",48%,,,5 out of 5(1)
sports%20wear,Diadora Men's Cotton Sweatshirt - Black,EGP 699.30,EGP 999.00,30%,,,4.9 out of 5(7)
sports%20wear,ADIDAS ADIDAS Lounge Still Life Lemons Graphic T-Shirt,"EGP 1,599.00",,0%,,,4 out of 5(4)
sports%20wear,Diadora Men's Cotton Hoodie - Black,"EGP 1,290.00",,0%,,,
sports%20wear,Diadora Men Buffer Jacket - Navy & Blue,"EGP 3,990.00",,0%,,,3 out of 5(4)
sports%20wear,Nike M Nsw Club Hoodie Fz Bb,"EGP 5,362.00","EGP 6,309.00",15%,,,4.5 out of 5(2)
sports%20wear,Caesar Hoodie With Pants Training Suit - Red,EGP 864.00,"EGP 1,023.00",16%,,,3.8 out of 5(33)
sports%20wear,Caesar Women Sport Training Suit with Printed Photos,EGP 451.00,EGP 850.00,47%,,,4 out of 5(3)
sports%20wear,ADIDAS IDAS Essentials Color Pop French Terry Joggers,"EGP 3,599.00",,0%,,,5 out of 5(1)
sports%20wear,Reebok Identity Small 1/1 Pant - Black,"EGP 2,832.00","EGP 3,329.00",15%,,,
sports%20wear,Caesar Mens Training Suit For Mens,EGP 911.00,"EGP 1,250.00",27%,,,4.7 out of 5(6)
sports%20wear,Nike M NK DF WC 2 TRAINING T-Shirts - WHITE,"EGP 1,915.00 - EGP 2,259.00","EGP 2,259.00",15%,,,5 out of 5(1)
sports%20wear,ADIDAS ADIDAS JK2250 AL AHLY 2024 HOME JERSEY MEN,"EGP 5,268.00 - EGP 5,293.00","EGP 5,499.00",4%,,,4.4 out of 5(9)
sports%20wear,Red Circle Elastic Waist Hooded Comfy Pants Set - Black,"EGP 1,000.00","EGP 1,500.00",33%,,,
sports%20wear,Diadora Men Cotton Jogger Pants - Grey,EGP 678.30,EGP 969.00,30%,,,
sports%20wear,Caesar Women Sport T-Shirt with Long Sleeves - Comfortable Activewear,EGP 211.00,EGP 330.00,36%,,,5 out of 5(1)
sports%20wear,Caesar Women Sport T-shirt With Long Sleeves,EGP 211.00,EGP 330.00,36%,,,2 out of 5(2)
sports%20wear,LC Waikiki Women's Elastic Waist Sport Leggings,EGP 239.00 - EGP 299.00,EGP 599.00,60%,,,4.7 out of 5(3)
sports%20wear,Red Circle Dark Grey Sweatpants with Slash Pockets - Regular Fit,EGP 400.00,EGP 600.00,33%,,,4 out of 5(1)
sports%20wear,Defacto Standard Fit Sports Shorts,EGP 249.00,EGP 599.00,58%,,,
sports%20wear,Trendyol Black Regular/Normal Cut Label Applique Rubber Leg Sweatpants,"EGP 1,065.00","EGP 2,029.00",48%,,,
sports%20wear,Winter Active Tracksuits - Multicolor,EGP 729.00 - EGP 749.00,"EGP 1,499.00",51%,,,
sports%20wear,ADIDAS IDAS Own The Run Shorts Running Shorts - Black,"EGP 2,199.00",,0%,,,
sports%20wear,Red Circle Elastic Waist Hooded Comfy Pants Set - Dark Olive,"EGP 1,000.00","EGP 1,500.00",33%,,,
sports%20wear,Diadora Plain Polo Shirt - Olive,EGP 545.00,"EGP 1,090.00",50%,,,4.5 out of 5(2)
sports%20wear,Diadora Men's Cotton Sweatshirt - Black,EGP 833.00,"EGP 1,190.00",30%,,,5 out of 5(1)
sports%20wear,Diadora Men Sport Hoodie Training Suit - Grey,"EGP 1,393.00","EGP 1,990.00",30%,,,
sports%20wear,Red Circle Elastic Waist Hooded Comfy Pants Set - Light Olive,"EGP 1,000.00","EGP 1,500.00",33%,,,
sports%20wear,Andora Royal Blue Elastic Wais Hooded Tracksuit,EGP 899.00,"EGP 1,349.00",33%,,,4.5 out of 5(2)
sports%20wear,Diadora Men Swim Short - Blue,EGP 483.00,EGP 690.00,30%,,,4.7 out of 5(3)
sports%20wear,Caesar Printed Girls Training Suit,EGP 395.00,EGP 650.00,39%,,,3.8 out of 5(21)
sports%20wear,Shechick Perfect Fit Black Sweatpants,EGP 429.00,EGP 859.00,50%,,,5 out of 5(1)
sports%20wear,Nileton Sport Jacket - Long Sleeve Top Full Zipper T-shirt For Women,EGP 395.00,EGP 950.00,58%,,,
sports%20wear,Caesar Hoodie With Pants Training Suit,EGP 864.00,"EGP 1,023.00",16%,,,4.4 out of 5(33)
sports%20wear,ADIDAS ADIDAS Core Chest Stripe Polo Shirt Golf Polo Shirts - Black,"EGP 3,599.00",,0%,,,5 out of 5(2)
sports%20wear,Caesar Boys WinterTraining Suit,EGP 620.00,"EGP 1,160.00",47%,,,5 out of 5(3)
sports%20wear,Diadora Cotton Men Training Suit - Black/Grey,"EGP 1,323.00","EGP 1,890.00",30%,,,3.5 out of 5(2)
sports%20wear,Nike M NK DF LS AOP DYE TRAINING T-Shirts - BLACK/(SUMMIT WHITE),"EGP 2,713.00","EGP 3,189.00",15%,,,5 out of 5(1)
sports%20wear,Trendyol Stone Men's Regular/Normal Cut Cargo Pocket Elastic Leg Sweatpants TMNAW20EA0072,"EGP 1,056.00","EGP 2,009.00",47%,,,4.5 out of 5(2)
sports%20wear,American Eagle Dreamy Drape Denim Shirt,"EGP 2,000.00","EGP 4,000.00",50%,,,
sports%20wear,Nileton Half Zipper Sport Top Long Sleeves - Royal Blue,EGP 375.00,EGP 785.00,52%,,,4.5 out of 5(15)
sports%20wear,Trendyol Gray Melange Thick Basic Knitted Sweatpants with Fleece Inside,"EGP 1,090.00","EGP 2,079.00",48%,,,5 out of 5(1)
sports%20wear,Nileton Sport Top Slim Fit Long Sleeves - Sport T-shirt Crew Neck,EGP 365.00,EGP 699.00,48%,,,5 out of 5(3)
sports%20wear,H.Brand Winter Active Tracksuits - Multicolor,EGP 879.00 - EGP 889.00,"EGP 1,799.00",51%,,,5 out of 5(2)
sports%20wear,LC Waikiki Women's Elastic Waist Sweatpants - Light Brown,EGP 249.00,EGP 799.00,69%,,,5 out of 5(13)
sports%20wear,Caesar Boys Training Suit Printed (Smile),EGP 395.00,EGP 650.00,39%,,,3.7 out of 5(51)
sports%20wear,Caesar Men's oversized plain tracksuit,EGP 736.00,"EGP 1,200.00",39%,,,
sports%20wear,Caesar Hoodie With Pants Training Suit,EGP 484.00,EGP 720.00,33%,,,4.2 out of 5(9)
sports%20wear,Caesar Elastic Waist With Line Baggy Sweatpants - Blue,EGP 245.00,EGP 399.00,39%,,,3.7 out of 5(28)
sports%20wear,Caesar Detailed Casual Sweatpants Baggy - Blue,EGP 297.00,EGP 450.00,34%,,,4.2 out of 5(45)
sports%20wear,Caesar Boys Training Suit With Pocket.,EGP 395.00,EGP 650.00,39%,,,4.4 out of 5(21)
sports%20wear,Vona Vona Soft Printed Bras for Women - Color May Vary,EGP 159.99,EGP 319.98,50%,,,3.9 out of 5(34)
sports%20wear,Defacto Standard Fit Sports Polo T-Shirt,EGP 399.00,EGP 699.00,43%,,,
sports%20wear,Caesar Women's 2-piece Sports Tracksuit With Hood,EGP 418.00 - EGP 451.00,EGP 850.00,51%,,,3.5 out of 5(2)
sports%20wear,ADIDAS Train Essentials Feelready Novelty T-Shirt,"EGP 1,999.00",,0%,,,5 out of 5(1)
sports%20wear,Defacto Fall In Love Lace Push Up Bra.,EGP 499.00,"EGP 1,299.00",62%,,,
sports%20wear,Andora Sporty Chic Hooded Tracksuit - Green,EGP 799.00,"EGP 1,200.00",33%,,,
sports%20wear,"Women's Winter Warm Leggings, Free Size,  From 60 To 100 Kg",EGP 485.00,EGP 555.00,13%,,,
sports%20wear,ADIDAS IDAS Run It Brand Love T-Shirt,"EGP 2,399.00",,0%,,,3.5 out of 5(2)
sports%20wear,Origami DARK GREEN COTTN SPORT WEAR,EGP 899.00,"EGP 1,499.00",40%,,,
sports%20wear,Caesar Boys WinterTraining Suit,EGP 620.00,"EGP 1,160.00",47%,,,5 out of 5(2)
sports%20wear,Trendyol Navy Blue Regular Cut Sweatpants TMNAW25EA00025,"EGP 1,170.00","EGP 2,229.00",48%,,,3 out of 5(1)
sports%20wear,Caesar Printed Girls Meleton Training Suit,EGP 395.00,EGP 650.00,39%,,,4.7 out of 5(3)
sports%20wear,Nike M NSW SPU SS SPORTSWEAR T-Shirts - WHITE/(BLACK),"EGP 2,482.00 - EGP 2,606.00","EGP 2,979.00",17%,,,1 out of 5(1)
sports%20wear,Nike M Nsw Club Dt Tee Sportswear Tops,"EGP 2,067.00 - EGP 2,429.00","EGP 2,429.00",15%,,,5 out of 5(2)
sports%20wear,Caesar Printed Training Suit For Mens,EGP 573.00,EGP 690.00,17%,,,4.8 out of 5(8)
sports%20wear,Diadora Slim Warm Half Zipped Sweatshirt - Navy,EGP 890.00,,0%,,,4.5 out of 5(8)
sports%20wear,Andora Elastic Waist With Drawstring Gabardine Sweatpants - Dark Grey,EGP 549.00,EGP 825.00,33%,,,3.8 out of 5(14)
sports%20wear,Caesar Girls' winter tracksuit with velvet lining and striped design,EGP 624.00,"EGP 1,200.00",48%,,,
sports%20wear,Vona Vona Soft Printed Bras For Women - Color May Vary,EGP 159.99,EGP 319.98,50%,,,3.8 out of 5(37)
sports%20wear,LC Waikiki Women's Elastic Waist Regular Sweatpants,EGP 289.00,EGP 699.00,59%,,,4 out of 5(1)
sports%20wear,Diadora Sportiv Pants for Men - Grey,EGP 872.00,"EGP 1,090.00",20%,,,4.9 out of 5(7)
sports%20wear,Trendyol Navy Blue Ribbed Wide Straight Knit Sweatpants with Pockets,"EGP 1,038.00","EGP 1,799.00",42%,,,4 out of 5(1)
sports%20wear,Caesar Printed Cotton Girls Training Suit,EGP 641.00,"EGP 1,200.00",47%,,,5 out of 5(1)
sports%20wear,Diadora Men's Cotton Sweatshirt - Olive,EGP 833.00,"EGP 1,190.00",30%,,,
sports%20wear,LC Waikiki Women's Elastic Waist Regular Jogger Sweatpants,EGP 389.00,"EGP 1,099.00",65%,,,5 out of 5(1)
sports%20wear,H.Brand Winter Active Tracksuits - Multicolor,EGP 879.00,"EGP 1,799.00",51%,,,4.5 out of 5(16)
sports%20wear,Diadora Men Sport Hoodie Training Suit - Burgundy,"EGP 1,393.00","EGP 1,990.00",30%,,,
sports%20wear,Decathlon Women's High-Waisted Cardio Fitness Leggings - Black,EGP 429.00,EGP 599.00,28%,,,5 out of 5(2)
sports%20wear,Caesar Girls Sport Training Suit,EGP 353.00,EGP 820.00,57%,,,5 out of 5(2)
sports%20wear,Decathlon Women's Tapered Fitness Joggers 120 - Black,"EGP 1,399.00",,0%,,,4.9 out of 5(17)
sports%20wear,Diadora Slim Warm Half Zipped Sweatshirt - Black,EGP 890.00,,0%,,,4.6 out of 5(7)
sports%20wear,"Women's Athletic Track Pants, High-Waisted, with Side Stripes, Drawstring Closure, Straight Leg, Active Wear",EGP 350.00,EGP 550.00,36%,,,
sports%20wear,Caesar Boys Training Suit With Hoodie And Pockets,EGP 386.00,EGP 650.00,41%,,,4.3 out of 5(31)
sports%20wear,Nike M Nsw Tee M90 Oc Pk 2 Sportswear Tops,"EGP 2,606.00","EGP 3,069.00",15%,,,5 out of 5(1)
sports%20wear,Wear Summer Sweatpants - Multicolore,EGP 379.00 - EGP 399.00,EGP 899.00,58%,,,3 out of 5(2)
sports%20wear,Andora Self Patteren Hooded Sweatshirt With Regualr Fit Pants Light Gray Training Suit,EGP 750.00,"EGP 1,125.00",33%,,,
sports%20wear,LC Waikiki Women's Elastic Waist Straight Sweatpants,EGP 319.00,EGP 999.00,68%,,,5 out of 5(1)
sports%20wear,Caesar Women's Cut Sports T-Shirt With Side Pockets,EGP 128.00,EGP 280.00,54%,,,5 out of 5(1)
sports%20wear,Glory Whispering Thunder Tee - Unleash The Storm Within - Turquoise,EGP 495.00,,0%,,,
sports%20wear,LC Waikiki Women's Elastic Waist Sweatpants - Dark Dusty Rose,EGP 269.00,EGP 699.00,62%,,,3.8 out of 5(4)
sports%20wear,Caesar Women's tracksuit with velvet lining and linear designs,EGP 628.00,"EGP 1,600.00",61%,,,
sports%20wear,Defacto Chicago Bulls Licensed Long Sleeve Sweatshirt,EGP 999.00,"EGP 1,499.00",33%,,,
sports%20wear,ADIDAS IDAS Men Golf Culture Graphic T-Shirt -Green,"EGP 2,599.00",,0%,,,5 out of 5(2)
sports%20wear,Caesar Women Sport T-shirt With Half Sleeves,EGP 190.00,EGP 290.00,34%,,,4.5 out of 5(2)
sports%20wear,Fit Freak Training Bell Sleeve Top In Black,EGP 350.00,EGP 400.00,13%,,,
sports%20wear,Caesar Boys Training Suit Printed (Smile),EGP 389.00,EGP 650.00,40%,,,4.1 out of 5(15)
sports%20wear,Defacto Regular Fit Tied Waist Elasticate Hem Basic Jogger Sweatpants,EGP 799.00,,0%,,,
sports%20wear,ADIDAS POWERREACT TRAINING MEDIUM-SUPPORT TECHFIT BRA HN7273,EGP 819.00,"EGP 2,699.00",70%,,,
sports%20wear,Defacto Biker Sports Leggings,EGP 129.00,EGP 599.00,78%,,,
sports%20wear,"Caesar Men's winter sports tracksuit, velvet interior",EGP 619.00,"EGP 1,420.00",56%,,,
sports%20wear,Nileton Sportswear - Sport Top Long Sleeves - Pink,EGP 365.00,EGP 750.00,51%,,,4.3 out of 5(32)
sports%20wear,Diadora Girls Cotton Printed Suit - MultiColour,EGP 833.00,"EGP 1,190.00",30%,,,5 out of 5(2)
sports%20wear,Diadora Men Sport Short - Navy,EGP 483.00,EGP 690.00,30%,,,5 out of 5(1)
sports%20wear,Caesar Girls' winter Melton tracksuit with chest print,EGP 497.00,EGP 950.00,48%,,,4.5 out of 5(2)
sports%20wear,Caesar Girl Training Suit With Pocket Printed DO - Yellow,EGP 305.00,EGP 450.00,32%,,,4.5 out of 5(4)
sports%20wear,Caesar Girls Sport Trainnig Suit,EGP 353.00,EGP 820.00,57%,,,4.5 out of 5(6)
sports%20wear,Diadora Men Sport Hoodie Training Suit - Grey,"EGP 1,323.00","EGP 1,890.00",30%,,,
sports%20wear,Diadora Men Cotton Jogger Pants - Navy,EGP 678.30,EGP 969.00,30%,,,
sports%20wear,ADIDAS IDAS ESSENTIALS SMALL LOGO COTTON T-SHIRT-PURRUB/BLACK,"EGP 1,599.00",,0%,,,5 out of 5(1)
sports%20wear,Caesar Girls Sport Training Suit,EGP 353.00,EGP 820.00,57%,,,3.5 out of 5(2)
sports%20wear,Kalia - (2) Sport Bras For Woman,EGP 179.99,EGP 359.98,50%,,,4.9 out of 5(11)
sports%20wear,Caesar Wide Women Pants,EGP 294.00,EGP 550.00,47%,,,3.8 out of 5(5)
sports%20wear,LC Waikiki Women's Elastic Waist Regular Jogger Sweatpants,EGP 259.00,EGP 599.00,57%,,,4.3 out of 5(3)
sports%20wear,Trendyol Ecru Cotton Wide Leg Thin Knitted Sports Sweatpants,"EGP 1,023.00","EGP 1,949.00",48%,,,5 out of 5(1)
sports%20wear,Trendyol Grey Regular/Normal Cut Elastic Legs Inside Polar Fleece/Warm Sweatpants TMNAW22EA0346,"EGP 1,133.00","EGP 2,159.00",48%,,,
sports%20wear,Lasso Printed Bra 365 - For Women,EGP 135.00 - EGP 140.00,EGP 400.00 - EGP 600.00,77%,,,4.7 out of 5(3)
sports%20wear,Caesar Printed Girls Training Suit,EGP 395.00,EGP 650.00,39%,,,4.4 out of 5(35)
sports%20wear,Nileton Sportswear - Sport Top Long Sleeves – Dark Grey,EGP 365.00,EGP 750.00,51%,,,4.7 out of 5(36)
sports%20wear,ADIDAS ADIDAS Campeon 25 Jersey Football Jerseys - White,"EGP 2,599.00",,0%,,,
sports%20wear,Focus Men's Casual Modern Cotton Trung - Black,EGP 499.00,,0%,,,3.6 out of 5(5)
sports%20wear,Nike M Nsw Tee Os Nike Air Sportswear Tops - Medium Olive,"EGP 3,543.00","EGP 4,169.00",15%,,,
sports%20wear,Nike M NP DF TIGHT LS TRAINING T-Shirts - IRON GREY/BLACK/(BLACK),"EGP 2,394.00","EGP 2,819.00",15%,,,5 out of 5(1)
sports%20wear,aZeeZ Black Cotton Jogger Pants - Stylish and Comfortable Sportswear,EGP 650.00,,0%,,,3.7 out of 5(3)
sports%20wear,Diadora Men's Cotton Hoodie - Grey,EGP 833.00,"EGP 1,190.00",30%,,,5 out of 5(1)
sports%20wear,Red Circle Light Grey Sweatpants with Slash Pockets for Men,EGP 400.00,EGP 600.00,33%,,,
sports%20wear,Caesar Women Training Suit with Pockets and Hoodie,EGP 527.00,EGP 662.00,20%,,,4.3 out of 5(7)
sports%20wear,Women Seamless Wirefree Bra - Black,EGP 99.00,EGP 140.00,29%,,,4 out of 5(64)
sports%20wear,Trendyol Black Regular Cut Striped Zipper Pocket Elastic Leg Jogger Sweatpants,"EGP 1,127.00","EGP 2,149.00",48%,,,
sports%20wear,Caesar Likra Training Suit With Long Zipper,EGP 561.00,EGP 750.00,25%,,,4.7 out of 5(7)
sports%20wear,H.Brand Winter Active Tracksuits - Multicolor,"EGP 1,159.00 - EGP 1,179.00","EGP 2,399.00",52%,,,
sports%20wear,Diadora Men's Cotton Hoodie - Black,EGP 903.00,"EGP 1,290.00",30%,,,3 out of 5(4)
sports%20wear,Fg Fg Milton Women's Slingshot,EGP 900.00,,0%,,,
sports%20wear,Shechick Unfinished Brown Cropped Hoodie,EGP 415.00,EGP 829.00,50%,,,
sports%20wear,LC Waikiki Elastic Waist Plain Interlock Women's Sweatpants,EGP 289.00 - EGP 319.00,EGP 899.00,68%,,,
sports%20wear,ADIDAS ADIDAS Train Essentials Feelready Training T-Shirt,"EGP 1,999.00",,0%,,,
sports%20wear,Caesar Boys' athletic tracksuit with front zipper and cutouts,EGP 452.00,EGP 750.00,40%,,,
sports%20wear,Diadora Men Cargo Cotton Jogger Pants - Navy,EGP 623.00,EGP 890.00,30%,,,1.5 out of 5(2)
sports%20wear,Diadora Plain Polo Shirt - Blue Sky,"EGP 1,090.00",,0%,,,5 out of 5(3)
sports%20wear,LC Waikiki Standard Fit Men's Sweatpants - Comfortable and Stylish,EGP 399.00,EGP 899.00,56%,,,5 out of 5(2)
sports%20wear,aZeeZ Black Wide Leg High Waist Jogger - Women Pants,EGP 559.00 - EGP 650.00,,0%,,,3.5 out of 5(2)
sports%20wear,Caesar Boys Training Suit With Pocket.,EGP 389.00,EGP 650.00,40%,,,4.1 out of 5(45)
sports%20wear,Nike M NSW PREM ESSNTL SUST SPORTSWEAR T-Shirts - RATTAN,"EGP 2,394.00 - EGP 2,819.00","EGP 2,819.00",15%,,,
sports%20wear,Defacto Girl Printed Elastic Waist Jogger Sweatpants,EGP 799.00,,0%,,,5 out of 5(2)
sports%20wear,Diadora Sportive Men Polo Shirt - Kiwi,EGP 790.00,,0%,,,3.3 out of 5(3)
sports%20wear,Nike M NK DF SLUB HBR TRAINING T-Shirts - WHITE,"EGP 2,234.00","EGP 2,629.00",15%,,,
sports%20wear,SweatPants - Beige - 100% Cotton,EGP 500.00 - EGP 600.00,EGP 800.00 - EGP 900.00,38%,,,5 out of 5(1)
sports%20wear,Diadora Men's Cotton Hoodie - Turquoise Green,EGP 903.00,"EGP 1,290.00",30%,,,4.3 out of 5(3)
sports%20wear,Decathlon Men's Surfing Short-sleeved Water T-shirt - Anti-UV - Black,EGP 599.00,,0%,,,4.2 out of 5(9)
sports%20wear,Caesar Detailed Mens Casual Sweat Pant with Side Pocket,EGP 232.00,EGP 399.00,42%,,,4 out of 5(3)
sports%20wear,Diadora Men Sportive T-SHIRT - BlueSky,EGP 315.00,EGP 450.00,30%,,,4.2 out of 5(31)
sports%20wear,Nike M Nk Df Tee Dye Ho23 Training Tops,"EGP 2,362.00","EGP 2,779.00",15%,,,
sports%20wear,Nileton Sportswear - Crop Sport Top Long Sleeves – Black,EGP 275.00,EGP 650.00,58%,,,4.6 out of 5(13)
sports%20wear,Andora Soft Printed Cotton Pants - Black,EGP 399.00,EGP 675.00,41%,,,3.3 out of 5(7)
sports%20wear,Diadora Men Cotton Sweatpant Pants - Navy,EGP 903.00,"EGP 1,290.00",30%,,,
sports%20wear,Caesar Detailed Casual Sweatpants with Zipper in Sides,EGP 245.00,EGP 399.00,39%,,,3.9 out of 5(18)
sports%20wear,LC Waikiki Elastic Waist Women's Jogger Sweatpants - New Black,EGP 309.00,EGP 799.00,61%,,,5 out of 5(3)
sports%20wear,LC Waikiki Slim Fit Men's Sweatpants,EGP 409.00,"EGP 1,699.00",76%,,,
sports%20wear,Trendyol Navy Blue Regular Cut Anti-Pilling Fleece Sweatpants,"EGP 1,065.00","EGP 2,029.00",48%,,,3 out of 5(1)
sports%20wear,Trendyol Black Thick Basic Knitted Sweatpants with Fleece Inside,"EGP 1,090.00","EGP 2,079.00",48%,,,
sports%20wear,Diadora Men Sport Training Suit - Bluesky,"EGP 1,393.00","EGP 1,990.00",30%,,,
sports%20wear,Decathlon Run Warm Women's Long-Sleeved T-Shirt Zip - Black,EGP 799.00,,0%,,,5 out of 5(7)
sports%20wear,Caesar Men's plain tracksuit with front zipper,EGP 599.00,EGP 990.00,39%,,,5 out of 5(2)
sports%20wear,Defacto Regular Fit Long Sleeve Hoodie,EGP 999.00,,0%,,,
sports%20wear,Diadora Men Sport Training Suit - Navy/Blue,"EGP 3,990.00",,0%,,,
sports%20wear,Caesar Men's oversized plain tracksuit,EGP 736.00,"EGP 1,200.00",39%,,,
sports%20wear,Defacto NBA Brooklyn Nets Crop T-Shirt,EGP 299.00,EGP 499.00,40%,,,
sports%20wear,Nileton Sportswear - Sport Top Long Sleeves – Fuchsia,EGP 365.00,EGP 750.00,51%,,,4.4 out of 5(25)
sports%20wear,Trendyol Brown Loose Jogger Thin Knitted Sweatpants,EGP 956.00,"EGP 1,819.00",47%,,,
sports%20wear,Defacto Girl Printed Elastic Waist Jogger Sweatpants,EGP 399.00,EGP 799.00,50%,,,
sports%20wear,Decathlon Women's Short Running Leggings - Black,EGP 899.00,,0%,,,
sports%20wear,VIOLA Sports Bra And Chest Braces,EGP 700.00,,0%,,,
sports%20wear,Defacto Boxy Fit Vikings Valhalla Printed Long Sleeve Sweatshirt,EGP 999.00,"EGP 1,499.00",33%,,,
sports%20wear,Nike W Nsw Tee Essntl Lbr Sportswear Tops,"EGP 3,346.00","EGP 3,939.00",15%,,,5 out of 5(1)
sports%20wear,ADIDAS ADIDAS Campeon 25 Jersey,"EGP 2,599.00",,0%,,,5 out of 5(1)
sports%20wear,Nike M NK DF HBR NOVELTY TRAINING T-Shirts - AQUARIUS BLUE,"EGP 2,011.00","EGP 2,369.00",15%,,,
sports%20wear,Defacto Harem Thin Sweatshirt Fabric Trousers,EGP 449.00,EGP 799.00,44%,,,
sports%20wear,LC Waikiki Plain Interlock Women's Cargo Sweatpants With Elastic Waist,EGP 369.00,"EGP 1,099.00",66%,,,4.3 out of 5(3)
sports%20wear,Caesar Girls' winter Melton tracksuit with linear designs,EGP 564.00,EGP 950.00,41%,,,5 out of 5(1)
sports%20wear,LC Waikiki Elastic Waist Women's Thick Jogger Sweatpants,EGP 299.00,EGP 799.00,63%,,,1.5 out of 5(2)
sports%20wear,Defacto Fall In Love Lace Uncovered Bra.,EGP 499.00,EGP 999.00,50%,,,
sports%20wear,ADIDAS IDAS 3-Stripes Polo Shirt,"EGP 1,924.00 - EGP 2,027.00","EGP 3,599.00",47%,,,
sports%20wear,2pcs Round Neck Long Sleeve Sweatshirt Printed And Sweatpants Winter Cotton Set Women's Casual Sweatsuits,EGP 999.99,"EGP 1,999.00",50%,,,
sports%20wear,Defacto Printed Flexible Textured Short Swim Shorts,EGP 369.00,EGP 899.00,59%,,,
sports%20wear,Atum Women's Limitless Leggings,EGP 999.00,,0%,,,
sports%20wear,Activ Self Patterned Shades Of Black Zipped Sweatshirt,EGP 729.00,"EGP 1,299.00",44%,,,
sports%20wear,Defacto Standard Fit Waist Leg Elastic Basic Thick Jogger Sweatpants,EGP 749.00,EGP 799.00,6%,,,
sports%20wear,Caesar Printed Girls Meleton Training Suit,EGP 395.00,EGP 650.00,39%,,,3.4 out of 5(5)
sports%20wear,Origami BLACK COTTON SPORT WEAR,"EGP 1,199.00","EGP 1,699.00",29%,,,
sports%20wear,Diadora Men Cotton Printed T-Shirt - Wht/Nvy,EGP 413.00,EGP 590.00,30%,,,3.7 out of 5(21)
sports%20wear,Defacto Standard Fit Crest Printed T-Shirt,EGP 191.00,EGP 499.00,62%,,,4.9 out of 5(7)
sports%20wear,Caesar Men's Biscuit Material Shorts - Comfortable and Stylish,EGP 239.00,EGP 580.00,59%,,,3.4 out of 5(5)
sports%20wear,Sweatpants - Light Gray - 100% Cotton,EGP 500.00,EGP 800.00,38%,,,
sports%20wear,Trendyol Anthracite Thessaloniki Comfortable Fit Pocket Knitted Sports Sweatpants,EGP 954.00,"EGP 1,819.00",48%,,,
sports%20wear,VIOLA Sports Bra And Chest Braces - Stylish Women's Activewear,EGP 700.00,,0%,,,
sports%20wear,Diadora Men Cargo Cotton Pants - Grey,EGP 623.00,EGP 890.00,30%,,,5 out of 5(3)
sports%20wear,Nileton Relaxed Fit T-shirt For Men – Cotton - Half Sleeves Crew Neck Tee,EGP 285.00,EGP 460.00,38%,,,4.4 out of 5(5)
sports%20wear,Origami Orange cotton sport wear,EGP 899.00,"EGP 1,499.00",40%,,,
sports%20wear,Caesar Men's wool pullover with a linear design on the sleeves,EGP 248.00,EGP 620.00,60%,,,4 out of 5(1)
sports%20wear,Caesar Printed Training Suit for Men - Stylish Activewear,EGP 573.00,EGP 690.00,17%,,,4.5 out of 5(27)
sports%20wear,Caesar Hoodie With Pants Training Suit - Stylish Sportswear for Men,EGP 484.00,EGP 720.00,33%,,,4.2 out of 5(14)
sports%20wear,Defacto Straight Fit Elastic Waist High Waist Thick Basic Sweatpants,EGP 749.00,EGP 799.00,6%,,,4 out of 5(1)
sports%20wear,H.Brand Street Wear Active Tracksuits - 100% Cotton for Men - Multicolore,EGP 739.00 - EGP 759.00,"EGP 1,499.00",51%,,,4.9 out of 5(8)
sports%20wear,H.Brand Winter Active Tracksuits - Multicolor,"EGP 1,159.00 - EGP 1,179.00","EGP 2,399.00",52%,,,
sports%20wear,Caesar Printed Cotton Girls Training Suit,EGP 641.00,"EGP 1,200.00",47%,,,5 out of 5(1)
sports%20wear,Diadora Men Classic Boxer Brief - Black,EGP 190.00,,0%,,,3.3 out of 5(8)
sports%20wear,LC Waikiki Women's Straight Elastic Waist Seamless Tights,EGP 199.00,EGP 699.00,72%,,,5 out of 5(1)
sports%20wear,Diadora Men's Cotton Hoodie - OffWhite,EGP 903.00,"EGP 1,290.00",30%,,,4 out of 5(1)
sports%20wear,Caesar Printed Girls Meleton Training Suit,EGP 395.00,EGP 650.00,39%,,,4 out of 5(4)
sports%20wear,Caesar Women's Two-piece Sports Tracksuit With A Half Neck And A Zipper In The Front,EGP 451.00,EGP 850.00,47%,,,
sports%20wear,ADIDAS ADIDAS Essentials 3-Stripes Fleece Loose-Fit Joggers Sportswear Pants - Black,"EGP 3,199.00",,0%,,,4.3 out of 5(3)
sports%20wear,ADIDAS ADIDAS Essentials Small Logo Cotton T-Shirt,"EGP 855.00 - EGP 2,434.00","EGP 2,566.00",67%,,,
sports%20wear,Caesar Sport T-Shirt With Short Set - Comfortable Kids' Activewear,EGP 187.00,EGP 320.00,42%,,,3 out of 5(2)
sports%20wear,Diadora Sportive Men Polo Shirt - Grey,EGP 512.50,"EGP 1,025.00",50%,,,5 out of 5(1)
sports%20wear,H.Brand Winter Active Tracksuits - Multicolor,EGP 879.00,"EGP 1,799.00",51%,,,4 out of 5(9)
sports%20wear,Reebok Reebok Cl Bv Pant 1/1 Pant - Black,"EGP 5,901.00","EGP 6,939.00",15%,,,4.7 out of 5(3)
sports%20wear,Diadora Men's Cotton Sweatshirt - Olive,EGP 833.00,"EGP 1,190.00",30%,,,5 out of 5(2)
sports%20wear,Trendyol Khaki Thessaloniki Comfort Fit Pocket Knitted Sports Sweatpants,EGP 958.00,"EGP 1,829.00",48%,,,5 out of 5(1)
sports%20wear,Defacto Slim Fit Sports Premium Shorts,EGP 303.00,EGP 699.00,57%,,,
sports%20wear,Sweatpants For Both Seasons - Grey - 100% Cotton,EGP 500.00,EGP 850.00,41%,,,5 out of 5(3)
sports%20wear,Caesar Sport Training Suit - Printed Wonderful,EGP 410.00,EGP 662.00,38%,,,3.5 out of 5(12)
sports%20wear,Caesar Men's plain tracksuit with chest print,EGP 599.00,EGP 990.00,39%,,,5 out of 5(1)
sports%20wear,Decathlon High Sports Socks RS 160 Tri-Pack - Grey,EGP 379.00,,0%,,,
sports%20wear,ADIDAS IDAS Essentials Small Logo Cotton T-Shirt,"EGP 855.00 - EGP 2,434.00","EGP 1,599.00 - EGP 2,434.00",47%,,,5 out of 5(1)
sports%20wear,ADIDAS IDAS Own the Run T-shirt - DKBLUE,"EGP 2,399.00",,0%,,,5 out of 5(2)
sports%20wear,Diadora Men Sport Pants - Grey,EGP 790.00,,0%,,,
sports%20wear,LC Waikiki Slim Fit Men's Jogger Sweatpants,EGP 409.00,"EGP 1,299.00",69%,,,1.7 out of 5(3)
sports%20wear,ADIDAS IDAS JK2254 AL AHLY 2024 AWAY JERSEY MEN,"EGP 5,226.00 - EGP 5,256.00","EGP 5,499.00",5%,,,5 out of 5(3)
sports%20wear,LC Waikiki Elastic Waist Plain Seamless Women's Tights,EGP 229.00,EGP 799.00,71%,,,
sports%20wear,Diadora Men's Cotton Hoodie - Black,EGP 903.00,"EGP 1,290.00",30%,,,5 out of 5(2)
sports%20wear,Diadora Plain Polo Shirt - Black,"EGP 1,090.00",,0%,,,5 out of 5(1)
sports%20wear,Caesar Hoodie With Pants Training Suit - Comfortable Activewear for Men,EGP 566.00,EGP 715.00,21%,,,4 out of 5(41)
sports%20wear,"Caesar Men's two-piece set, shorts and a T-shirt, made of biscuit fabric",EGP 482.00,EGP 950.00,49%,,,3.5 out of 5(2)
sports%20wear,Caesar Hoodie With Pants Training Suit – Stylish Activewear for Men,EGP 484.00,EGP 720.00,33%,,,3.4 out of 5(14)
sports%20wear,Defacto Girl Printed Jogger Sweatpants,EGP 639.00,EGP 799.00,20%,,,
sports%20wear,Defacto Standard Fit Elastic Waist Basic Thick Jogger Sweatpants,EGP 599.00,EGP 799.00,25%,,,4.5 out of 5(2)
sports%20wear,Diadora Men Sport Short - Black,EGP 973.00,"EGP 1,390.00",30%,,,1 out of 5(1)
sports%20wear,H.Brand Winter Active Tracksuits - Multicolor,EGP 879.00,"EGP 1,799.00",51%,,,5 out of 5(1)
sports%20wear,Caesar Detailed Casual Sweatpants,EGP 245.00,EGP 399.00,39%,,,3.6 out of 5(39)
sports%20wear,H.Brand 100% Cotton Hoodies for Men - Winter 2025 Collection,EGP 569.00,"EGP 1,199.00",53%,,,3.7 out of 5(3)
sports%20wear,Caesar Girls' winter tracksuit with velvet lining and striped design,EGP 624.00,"EGP 1,200.00",48%,,,5 out of 5(1)
sports%20wear,Caesar Men's 2-piece Sportswear Set,EGP 239.00,EGP 358.00,33%,,,4 out of 5(1)
sports%20wear,ADIDAS IDAS Aeroreact Graphic Bra Training Bra - Black,"EGP 1,799.00",,0%,,,4.5 out of 5(2)
sports%20wear,ADIDAS ADIDAS Train Essentials Training Feelready 3-Stripes T-Shirt,"EGP 2,399.00",,0%,,,
sports%20wear,Trendyol Black-Grey Melange Basic Jogger Sweatpants,"EGP 1,416.00","EGP 2,699.00",48%,,,
sports%20wear,Nileton Hip Cover With Sleeves - Eggplant - For Women.,EGP 265.00,EGP 450.00,41%,,,3.4 out of 5(5)
sports%20wear,Trendyol Black Cargo Pocket Loose Jogger Thick Knitted Sweatpants,"EGP 1,283.00","EGP 2,439.00",47%,,,
sports%20wear,Kipsta Football Socks Viralto Club - Navy Blue,EGP 399.00,EGP 499.00,20%,,,
sports%20wear,Caesar Hoodie With Pants Training Suit,EGP 484.00,EGP 720.00,33%,,,3.9 out of 5(14)
sports%20wear,Caesar Detailed MensCasual Sweat Pant,EGP 232.00,EGP 399.00,42%,,,3.5 out of 5(6)
sports%20wear,Defacto Slim Fit Sports Short Shorts,EGP 369.00,EGP 899.00,59%,,,
sports%20wear,Red Circle Elastic Waist Hooded Comfy Pants Set - Royal Blue,"EGP 1,000.00","EGP 1,500.00",33%,,,
sports%20wear,Fg Fg Milton Women's Slingshot,EGP 900.00,,0%,,,
sports%20wear,Defacto Standard Fit Heavy Fabric Shorts for Women - Navy,EGP 249.00,EGP 499.00,50%,,,5 out of 5(1)
sports%20wear,Trendyol Black Loose Jogger Thin Knitted Sweatpants - TWOAW22EA0041,EGP 980.00,"EGP 1,869.00",48%,,,5 out of 5(1)
sports%20wear,Shechick Two-Tones Pink Hoodie Tracksuit Set,EGP 979.00,"EGP 1,779.00",45%,,,
sports%20wear,Defacto Straight Fit Trousers - Women's Casual Wear,EGP 349.00,EGP 899.00,61%,,,
sports%20wear,"Women's Winter Warm Leggings, Free Size,  From 60 To 100 Kg.",EGP 375.00,EGP 555.00,32%,,,3.7 out of 5(3)
sports%20wear,Nileton Sportswear - Sport Tank Top Bold Strap - Eggplant,EGP 245.00,EGP 580.00,58%,,,4.9 out of 5(12)
sports%20wear,LC Waikiki Women's Elastic Waist Regular Jogger Sweatpants,EGP 309.00,EGP 699.00,56%,,,
sports%20wear,LC Waikiki Slim Fit Men Sports Shorts,EGP 419.00,"EGP 1,299.00",68%,,,5 out of 5(1)
sports%20wear,Diadora Men's Cotton Sweatshirt - Navy,EGP 833.00,"EGP 1,190.00",30%,,,5 out of 5(1)
sports%20wear,Red Circle Elastic Waist Hooded Comfy Pants Set - Light Grey,"EGP 1,000.00","EGP 1,500.00",33%,,,
sports%20wear,ADIDAS IDAS Essentials 3-Stripes Cotton T-Shirt Sportswear T-Shirts - Purple,"EGP 1,999.00",,0%,,,5 out of 5(1)
sports%20wear,Diadora Men Swim Short - Navy,EGP 335.30,EGP 479.00,30%,,,
sports%20wear,Diadora Men's Cotton Hoodie - Grey,EGP 903.00,"EGP 1,290.00",30%,,,4.3 out of 5(3)
sports%20wear,Nike M Nk Df Acd25 Ss Top Br Tees And T-Shirts - Black,"EGP 2,986.00","EGP 3,509.00",15%,,,
sports%20wear,ADIDAS IDAS Essentials Single Jersey Tapered Badge of Sport Joggers - dark grey heather,"EGP 2,627.00","EGP 2,999.00",12%,,,4.7 out of 5(7)
sports%20wear,Diadora Men's Cotton Sweatshirt - Olive,EGP 833.00,"EGP 1,190.00",30%,,,3 out of 5(1)
sports%20wear,Diadora Men's Cotton Hoodie - Black,EGP 903.00,"EGP 1,290.00",30%,,,3.5 out of 5(2)
sports%20wear,Diadora Men's Cotton Sweatshirt - Black,EGP 833.00,"EGP 1,190.00",30%,,,
sports%20wear,Reebok Gs Linear Read Tee Ss T.Shirt - White,"EGP 1,663.00","EGP 1,959.00",15%,,,3 out of 5(2)
sports%20wear,Decathlon Men's Long-sleeved Fitness T-shirt 100 - Gray,EGP 699.00,,0%,,,3.4 out of 5(5)
sports%20wear,Diadora Men Cotton Printed T-Shirt - Grey,EGP 413.00,EGP 590.00,30%,,,4.2 out of 5(5)
sports%20wear,Diadora Men's Cotton Sweatshirt - Olive,EGP 833.00,"EGP 1,190.00",30%,,,5 out of 5(1)
sports%20wear,"Nileton Sports Shorts for Men - side pocket drawstring athletic Shorts for Running, Gym and Workout Sport - Lightweight and breathable",EGP 295.00,EGP 475.00,38%,,,
sports%20wear,Diadora Men Sport Training Suit - White,"EGP 1,393.00","EGP 1,990.00",30%,,,
sports%20wear,Winter Warm Leggings - Free Size for 60 to 100 Kg,EGP 485.00,EGP 555.00,13%,,,
sports%20wear,Reebok Gs Side Vector Short Sleeve T-Shirt - Grey,"EGP 2,454.00","EGP 2,889.00",15%,,,4 out of 5(1)
sports%20wear,Shechick Iconic Brown Over Sized Hoodie,EGP 499.00,EGP 999.00,50%,,,
sports%20wear,Shechick Two-Tones Grey Hoodie Tracksuit Set,EGP 979.00,"EGP 1,779.00",45%,,,
sports%20wear,Winter Active Tracksuits - Multicolor,EGP 729.00 - EGP 749.00,"EGP 1,499.00",51%,,,
sports%20wear,Defacto Waist Wrap Leggings,EGP 134.00,EGP 299.00,55%,,,4.5 out of 5(2)
sports%20wear,Defacto Regular Fit Short Sleeve Polo Shirt,EGP 509.00,"EGP 1,299.00",61%,,,
sports%20wear,Caesar Sport Training Suit - Everyday Print,EGP 410.00,EGP 662.00,38%,,,4.1 out of 5(15)
sports%20wear,ADIDAS IDAS Essentials Small Logo Single Jersey T-Shirt,"EGP 854.00 - EGP 2,434.00","EGP 2,566.00",67%,,,5 out of 5(1)
sports%20wear,Defacto Slim Fit Crew Neck Printed Sports T-Shirt,EGP 399.00,EGP 799.00,50%,,,5 out of 5(1)
sports%20wear,Caesar Men's oversized plain tracksuit,EGP 736.00,"EGP 1,200.00",39%,,,
sports%20wear,Caesar Women Sport T-Shirt With Long Sleeves,EGP 173.00,EGP 214.00 - EGP 238.00,27%,,,3.4 out of 5(5)
sports%20wear,Defacto Boxy Fit Printed Sweatshirt,EGP 999.00,,0%,,,
sports%20wear,ADIDAS Climacool One Rep At A Time Training Graphic T-Shirt Training T-Shirts - Pink,"EGP 2,399.00",,0%,,,5 out of 5(2)
sports%20wear,Defacto NBA New York Knicks Licensed Long Sleeve Sweatshirt,"EGP 1,499.00",,0%,,,
sports%20wear,"Caesar Men's 2-piece Sports Suit, Shorts And A T-shirt",EGP 255.00,EGP 358.00,29%,,,4 out of 5(1)
sports%20wear,ADIDAS IDAS Drive Heather Polo Shirt Golf Polo Shirts - Green,"EGP 3,599.00",,0%,,,3 out of 5(1)
sports%20wear,Caesar Girls Sport Trainnig Suit,EGP 353.00,EGP 820.00,57%,,,2.5 out of 5(2)
sports%20wear,ADIDAS ADIDAS Train Essentials Feelready Novelty T-Shirt,"EGP 1,999.00",,0%,,,1 out of 5(1)
sports%20wear,ADIDAS IDAS Tennis Airchill Pro FreeLift T-Shirt,"EGP 3,691.00","EGP 4,999.00",26%,,,5 out of 5(1)
sports%20wear,Decathlon Women's Slim-fit Fitness Leggings 100 - Gray,EGP 499.00,,0%,,,1 out of 5(1)
sports%20wear,Defacto Oversize Fit Long Sleeve Pocket Sweatshirt,EGP 999.00,,0%,,,
sports%20wear,Caesar Boys Sport T-Shirt With Short Set,EGP 415.00,EGP 595.00,30%,,,
sports%20wear,Origami Limon cotton sport wear,"EGP 899.00 - EGP 1,199.00","EGP 1,499.00",40%,,,
sports%20wear,Diadora Men's Cotton Sweatshirt - Off-White,EGP 699.30,EGP 999.00,30%,,,3 out of 5(2)
sports%20wear,Caesar Boys Sport T-Shirt With Short Set - Multicolour,EGP 211.00,EGP 388.00,46%,,,
sports%20wear,Nike M Nsw Prem Essntl Sust Tee Sportswear Tops,"EGP 2,952.00","EGP 3,469.00",15%,,,3.7 out of 5(3)
sports%20wear,American Eagle Perfect Button-Up Shirt,"EGP 1,440.00","EGP 3,300.00",56%,,,
sports%20wear,Caesar Boys Training Suit With Hoodie And Pockets,EGP 386.00,EGP 650.00,41%,,,4.1 out of 5(40)
sports%20wear,Defacto Slim Fit Short Sleeve Waffle Polo Shirt,EGP 499.00,EGP 799.00,38%,,,
sports%20wear,Caesar Women Sport Training Suit with Printed Photos,EGP 451.00,EGP 850.00,47%,,,4 out of 5(2)
sports%20wear,ADIDAS ADIDAS Men Predator History Graphic T-Shirt -Red,"EGP 2,399.00",,0%,,,
sports%20wear,Diadora Men's Printed T-Shirt - Beige,EGP 559.30,EGP 799.00,30%,,,
sports%20wear,Red Circle Plain Zip Up Hooded Black Sweatshirt,EGP 720.00,"EGP 1,080.00",33%,,,
sports%20wear,Gorilla Olive X Pants,EGP 699.00,,0%,,,
sports%20wear,Nileton Relaxed Fit T-shirt For Men – Cotton - Half Sleeves Crew Neck Tee,EGP 285.00,EGP 460.00,38%,,,4.3 out of 5(18)
sports%20wear,Defacto Slim FiSlim Zippered Pique Sweatpants,EGP 799.00,"EGP 1,299.00",38%,,,
sports%20wear,Red Circle Self patterned Jacket With Hooded Collar And Elastic Waist Pants Blue Training Suit,"EGP 1,360.00","EGP 2,040.00",33%,,,
sports%20wear,Nike W Np 365 Tight 7/8 Hi Rise Training Bottoms,"EGP 4,527.00","EGP 5,319.00",15%,,,
sports%20wear,Diadora Sportive Pant For Men - Black,EGP 645.00,"EGP 1,290.00",50%,,,4.3 out of 5(19)
sports%20wear,Nike M Nk Df Acd25 Pant Kpz Br Apparel Bottoms - Photondustphotondust(Dynamicturq),"EGP 5,023.00","EGP 5,529.00",9%,,,
sports%20wear,Defacto Regular Fit Soft Lining Basic Sweatshirtt,EGP 999.00,,0%,,,
sports%20wear,Caesar Hoodie With Pants Training Suit,EGP 864.00,"EGP 1,023.00",16%,,,4.4 out of 5(15)
sports%20wear,Shechick Iconic White Over Sized Hoodie,EGP 499.00,EGP 999.00,50%,,,
sports%20wear,Defacto Girl Printed Jogger Sweatpants,EGP 399.00,EGP 799.00,50%,,,5 out of 5(1)
sports%20wear,Nike PSG M NK Photo Tee Football Tops,"EGP 2,362.00","EGP 2,779.00",15%,,,5 out of 5(1)
sports%20wear,Diadora Men Sport Short - Navy,EGP 349.30,EGP 499.00,30%,,,4.5 out of 5(11)
sports%20wear,Caesar Hoodie With Pants Training Suit,EGP 484.00,EGP 720.00,33%,,,4 out of 5(28)
sports%20wear,Nike W Nsw Tee Essntl Crp Icn Ftr Tees - Black,"EGP 2,043.00","EGP 2,999.00",32%,,,5 out of 5(1)
sports%20wear,Trendyol Black Contrast Stitched Sweatpants - Stylish Comfort for Women,"EGP 1,220.00","EGP 2,319.00",47%,,,
sports%20wear,ADIDAS ADIDAS Women Climacool Training Animal Logo Graphic Tee -Dark Grey,"EGP 1,999.00",,0%,,,5 out of 5(2)
sports%20wear,ADIDAS IDAS Essentials French Terry 3-Stripes Shorts - Medium Grey Heather,"EGP 2,242.00","EGP 2,299.00",2%,,,5 out of 5(2)
sports%20wear,ADIDAS IDAS Men Golf Culture Graphic T-Shirt -Black,"EGP 2,599.00",,0%,,,
sports%20wear,Diadora Men Cargo Cotton Jogger Pants - Black,EGP 623.00,EGP 890.00,30%,,,3.5 out of 5(2)
sports%20wear,Nike Academy Dri-FIT Tracksuit-DV9753-010,"EGP 3,649.00","EGP 7,250.00",50%,,,
sports%20wear,ADIDAS IDAS Train Essentials Feelready Logo Training T-Shirt,"EGP 2,399.00",,0%,,,3 out of 5(2)
sports%20wear,Caesar Hoodie With Pants Training Suit - Stylish and Comfortable,EGP 484.00,EGP 720.00,33%,,,3.9 out of 5(15)
sports%20wear,Comfit Long Sleeve T-shirt F Logo WoMen Aqua,EGP 500.00,,0%,,,5 out of 5(2)
sports%20wear,Caesar Printed Girls Training Suit With Pocket,EGP 402.00,EGP 650.00,38%,,,4.2 out of 5(27)
sports%20wear,Diadora Men's Cotton Hoodie - Pink,EGP 903.00,"EGP 1,290.00",30%,,,4 out of 5(1)
sports%20wear,Diadora Men's Zipped Hoodie Sweatshirt - Black,"EGP 1,183.00","EGP 1,690.00",30%,,,5 out of 5(1)
sports%20wear,Diadora Men Cotton Printed T-Shirt - White,EGP 413.00,EGP 590.00,30%,,,
sports%20wear,Decathlon High Sports Socks Tri-pack - Black,EGP 349.00,EGP 379.00,8%,,,3.5 out of 5(2)
sports%20wear,Caesar Mens Training Suit For Mens,EGP 911.00,"EGP 1,250.00",27%,,,
sports%20wear,Caesar Girls Training Suit With Pocket,EGP 381.00,EGP 650.00,41%,,,3.7 out of 5(18)
sports%20wear,ADIDAS ADIDAS Train Essentials Feelready Logo Training T-Shirt Training T-Shirts - White,"EGP 2,399.00",,0%,,,
sports%20wear,Red Circle Self patterned Jacket With Hooded Collar And Elastic Waist Pants Navy Training Suit,"EGP 1,360.00","EGP 2,040.00",33%,,,
sports%20wear,Diadora Men Sport Training Suit - Black/Red,"EGP 3,990.00",,0%,,,
sports%20wear,Defacto Slim Fit Crew Neck Ribbed Basic Tank Top,EGP 149.00,EGP 399.00,63%,,,5 out of 5(1)
sports%20wear,Caesar Women Training Suit with Pockets and Hoodie,EGP 527.00,EGP 662.00,20%,,,4.4 out of 5(9)
sports%20wear,Libra Tank Top Petrol Blue,EGP 590.00,,0%,,,
sports%20wear,Diadora Men's Zipped Hoodie SweatShirt - Grey,"EGP 1,183.00","EGP 1,690.00",30%,,,4 out of 5(3)
sports%20wear,ADIDAS IDAS Essentials 3-Stripes French Terry Cuffed Joggers,"EGP 3,199.00",,0%,,,3 out of 5(1)
sports%20wear,Diadora Men Sport Pants - Black,EGP 790.00,,0%,,,
sports%20wear,Caesar Mens Training Suit For Mens,EGP 911.00,"EGP 1,250.00",27%,,,
sports%20wear,ADIDAS IDAS Codes Camo Graphic T-Shirt,"EGP 1,599.00",,0%,,,3 out of 5(2)
sports%20wear,Diadora Men Polo Shirt - Jeansy,EGP 483.00,EGP 690.00,30%,,,5 out of 5(1)
sports%20wear,Defacto Slim Fit Flexible Leg Skuba Diving Fabric Jogger,EGP 599.00,"EGP 1,699.00",65%,,,
sports%20wear,Nike W Ny Df Flc Jogger 7/8 Training Bottoms,"EGP 3,723.00","EGP 4,379.00",15%,,,5 out of 5(3)
sports%20wear,Nike M Nsw Prem Essntl Sust Tee Sportswear Tops,"EGP 2,793.00","EGP 3,289.00",15%,,,5 out of 5(3)
sports%20wear,ADIDAS Essentials Small Logo Feel Cozy Open-Hem Pants JC5921,"EGP 2,999.00",,0%,,,
sports%20wear,Nike M NK DF PNT TAPER FA SWSH TRAINING Mens Shorts - MULTI,"EGP 4,021.00","EGP 4,729.00",15%,,,4.5 out of 5(4)
sports%20wear,Defacto Crop Top Bisiklet Yaka Sporcu Kısa Kollu Tişört,EGP 399.00,EGP 599.00,33%,,,
sports%20wear,Defacto Boy Batman Crew Neck Sleeveless T-Shirt,EGP 549.00,EGP 599.00,8%,,,
sports%20wear,Nileton Sportswear - Sport Leggings Pants - Dantel Above Knee - Black,EGP 385.00,EGP 850.00,55%,,,4.6 out of 5(67)
sports%20wear,Caesar Boys' printed t-shirt and shorts set,EGP 236.00,EGP 520.00,55%,,,5 out of 5(3)
sports%20wear,Diadora Men Sports T-Shirt - Dark Green,EGP 440.30,EGP 629.00,30%,,,3 out of 5(2)
sports%20wear,Defacto Slim Fit Scuba Fabric Elastic Waist Jogger Sweatpants,EGP 999.00,"EGP 1,399.00",29%,,,
sports%20wear,Imported Rosaline women's pants,EGP 349.00,,0%,,,5 out of 5(1)
sports%20wear,Nike Nike Challenger Men's Dri-FIT 23cm (approx.) Unlined Versatile Shorts dv9365-010,"EGP 2,400.00","EGP 3,000.00",20%,,,
sports%20wear,Diadora Men Sports T-Shirt - Black,EGP 440.30,EGP 629.00,30%,,,
sports%20wear,Caesar Women Sport T-Shirt with Long Sleeves - Stylish Activewear,EGP 211.00,EGP 330.00,36%,,,1 out of 5(1)
sports%20wear,Defacto NBA Los Angeles Lakers Oversize Fit T-Shirt,EGP 404.00,EGP 999.00,60%,,,5 out of 5(1)
sports%20wear,Defacto Regular Fit Elastic Waist Basic Folded Trousers - Grey,EGP 669.00,EGP 999.00,33%,,,
sports%20wear,Caesar Boys Training Suit Printed,EGP 402.00,EGP 650.00,38%,,,4.2 out of 5(91)
sports%20wear,Cld Men Cotton Sweatpants,EGP 450.00,,0%,,,
sports%20wear,Nike Nike Sportswear Men's Tank Top AR4991-013,"EGP 2,159.20","EGP 2,699.00",20%,,,
sports%20wear,Defacto Regular Fit Long Sleeve Sweatshirt,EGP 999.00,,0%,,,
sports%20wear,LC Waikiki Women's Elastic Waist Regular Sweatpants,EGP 269.00,EGP 699.00,62%,,,5 out of 5(2)
sports%20wear,ADIDAS IDAS Powerreact Graphic Bra Training Bra - White,"EGP 1,999.00",,0%,,,
sports%20wear,Caesar Elastic Waist Baggy Sweatpants with Metal Accessories - Black,EGP 245.00,EGP 399.00,39%,,,4.1 out of 5(39)
sports%20wear,Caesar Women's tracksuit with velvet lining and linear designs,EGP 628.00,"EGP 1,600.00",61%,,,
sports%20wear,Caesar Men's waterproof beach shorts,EGP 153.00,EGP 320.00,52%,,,3 out of 5(2)
sports%20wear,Nileton Sport Top Slim Fit Long Sleeves - Sport T-shirt Crew Neck,EGP 365.00,EGP 650.00,44%,,,
sports%20wear,Defacto Biker Sports Leggings,EGP 249.00,EGP 599.00,58%,,,
sports%20wear,LC Waikiki Slim Fit Men Sports Shorts,EGP 429.00,"EGP 1,699.00",75%,,,
sports%20wear,Diadora Men Sport Pants - Black,"EGP 1,155.00","EGP 1,650.00",30%,,,3 out of 5(1)
sports%20wear,Disney Mickey Mouse Graphic Active Bra - Stylish and Comfortable Sports Bra,EGP 359.00,EGP 600.00,40%,,,4.9 out of 5(14)
sports%20wear,Black Sweatpants - 100% Cotton,EGP 500.00,EGP 850.00,41%,,,4 out of 5(2)
sports%20wear,Caesar Women Sport Training Suit with Printed Photos,EGP 451.00,EGP 850.00,47%,,,4 out of 5(1)
sports%20wear,Defacto Oversize Fit Pique NBA Los Angeles Lakers Licensed Dress,EGP 509.00,"EGP 1,299.00",61%,,,
sports%20wear,Caesar Women's 2-piece Sports Tracksuit With Hood,EGP 451.00,EGP 850.00,47%,,,
sports%20wear,ADIDAS Adi Performance Heathered Polo Shirt IU4486,"EGP 1,949.25","EGP 2,599.00",25%,,,
sports%20wear,Diadora Men Training Suit - Black,"EGP 1,603.00","EGP 2,290.00",30%,,,4.3 out of 5(6)
sports%20wear,Caesar Hoodie With Pants Training Suit,EGP 484.00,EGP 720.00,33%,,,4.5 out of 5(8)
sports%20wear,Caesar Mens Hoodie With Pants Training Suit - Comfortable Activewear,EGP 864.00,"EGP 1,023.00",16%,,,5 out of 5(2)
sports%20wear,LC Waikiki Women's Elastic Waist Regular Sweatpants - Navy,EGP 219.00,EGP 549.00,60%,,,5 out of 5(3)
sports%20wear,Wide Leg Pants - Beige,EGP 229.00,,0%,,,
sports%20wear,Diadora Sportive Pant For Men - Navy,"EGP 1,043.00","EGP 1,490.00",30%,,,5 out of 5(1)
sports%20wear,Nike M Nk Df Miler Top Ss Running Tops - Sangria/Reflective Silver,"EGP 2,606.00","EGP 3,069.00",15%,,,4 out of 5(1)
sports%20wear,Fit Freak White Molded Cup Sports Bra,EGP 450.00,EGP 600.00,25%,,,
sports%20wear,Caesar Boys' sports tracksuit with chest print,EGP 599.00,EGP 650.00,8%,,,
sports%20wear,Caesar Women Sport T-shirt With Long Sleeves,EGP 211.00,EGP 330.00,36%,,,5 out of 5(1)
sports%20wear,Trendyol Indigo Faded Effect Thick Wide Leg Sweatpants,"EGP 1,406.00","EGP 2,679.00",48%,,,5 out of 5(1)
sports%20wear,Nike W Nsw Rched Wvn Pnt Sc Sportswear Bottoms,"EGP 5,957.00","EGP 7,009.00",15%,,,5 out of 5(1)
sports%20wear,Diadora Men Sport Training Suit - White,"EGP 1,995.00","EGP 2,850.00",30%,,,3.7 out of 5(3)
sports%20wear,LC Waikiki Woman Jogger Sweatpants - New Black,EGP 279.00,EGP 699.00,60%,,,5 out of 5(2)
sports%20wear,Diadora Men Polo Shirt - White,EGP 483.00,EGP 690.00,30%,,,5 out of 5(1)
sports%20wear,H.Brand Street Wear - Multicolor,EGP 859.00,"EGP 1,899.00",55%,,,4.4 out of 5(141)
sports%20wear,LC Waikiki Women's Elastic Waist Regular Sweatpants,EGP 269.00,EGP 699.00,62%,,,5 out of 5(1)
sports%20wear,Caesar Women Sport T-shirt With Half Sleeves - Grey,EGP 190.00,EGP 290.00,34%,,,5 out of 5(2)
sports%20wear,Defacto Boxy Fit Printed Long Sleeve Sweatshirt,EGP 999.00,,0%,,,
sports%20wear,Defacto Flexible Fabric Standard Fit Woven Shorts,EGP 509.00,"EGP 1,299.00",61%,,,
sports%20wear,Caesar Women Training Suit with Pockets and Hoodie,EGP 527.00,EGP 662.00,20%,,,4.1 out of 5(8)
sports%20wear,LC Waikiki Elastic Waist Plain Interlock Women's Sweatpants,EGP 289.00,EGP 899.00,68%,,,
sports%20wear,Diadora Men Cotton Printed T-Shirt - Grey,EGP 413.00,EGP 590.00,30%,,,5 out of 5(2)
sports%20wear,Caesar Boys' sports tracksuit with chest print,EGP 599.00,EGP 650.00,8%,,,
sports%20wear,ADIDAS Climacool Training Club 24/7 Graphic Tee - JM4902,"EGP 1,399.00","EGP 2,799.00",50%,,,
sports%20wear,Activ Self Patterned White & Sage Green Zipped Sweatshirt,EGP 729.00,"EGP 1,299.00",44%,,,
sports%20wear,Defacto Laser Cut Breathable Fabric Sports Bra,EGP 999.00,"EGP 1,299.00",23%,,,
sports%20wear,Defacto Fall In Love Empty Cup Non-Padding Strapless Basic Bra,EGP 699.00,,0%,,,
sports%20wear,ADIDAS ADIDAS AEROREADY Train Essentials 3-Stripes Joggers - black,"EGP 2,807.00","EGP 2,999.00",6%,,,5 out of 5(1)
sports%20wear,Caesar Boys Training Suit with Pockets and Lined Design,EGP 386.00,EGP 650.00,41%,,,4.2 out of 5(6)
sports%20wear,Nike M Nk Df Tee Slub Hbr Training Tops - Black,"EGP 2,755.00","EGP 3,239.00",15%,,,
sports%20wear,Shots top women cut,EGP 149.00 - EGP 151.00,,0%,,,
sports%20wear,Diadora Men Cotton Sweatpant Pants - Petroleum,EGP 833.00,"EGP 1,190.00",30%,,,5 out of 5(1)
sports%20wear,Trendyol Stone Basic Jogger Thick Inside Fleece Knitted Sweatpants,"EGP 1,190.00","EGP 2,029.00",41%,,,
sports%20wear,Caesar Printed Girls Meleton Training Suit,EGP 395.00,EGP 650.00,39%,,,3.8 out of 5(4)
sports%20wear,Diadora Men Swim Short - Navy,EGP 450.00,,0%,,,4.3 out of 5(20)
sports%20wear,"Caesar Boys' 2-piece tracksuit, half-sleeved T-shirt and shorts",EGP 211.00,EGP 390.00,46%,,,5 out of 5(3)
sports%20wear,Nileton Half Zipper Sport Top Long Sleeves - Navy,EGP 375.00,EGP 785.00,52%,,,4.7 out of 5(22)
sports%20wear,Puma 681490-01 ESS+ ANIMAL Tee - Black,"EGP 2,775.00","EGP 3,269.00",15%,,,
sports%20wear,Sweatpants - Navy Blue - 100% Cotton,EGP 500.00 - EGP 600.00,EGP 800.00 - EGP 900.00,38%,,,3 out of 5(4)
sports%20wear,Caesar Women's Two-piece Sports Tracksuit - Half Neck & Zipper,EGP 451.00,EGP 850.00,47%,,,
sports%20wear,Diadora Men Cotton Shorts with Side Pockets - Grey,EGP 482.30,EGP 689.00,30%,,,4.5 out of 5(6)
sports%20wear,Shechick Iconic Relaxing Black Set,EGP 789.00 - EGP 869.00,"EGP 1,579.00",50%,,,5 out of 5(1)
sports%20wear,Activ Long Sleeves Round Neck Sweatshirt - Grey,EGP 525.00,EGP 999.00,47%,,,4.5 out of 5(4)
sports%20wear,ADIDAS IDAS Essentials Big Logo Cotton Leggings,"EGP 1,999.00",,0%,,,
sports%20wear,Defacto Wide Leg Standard Length Sports Sweatpants,EGP 999.00,,0%,,,
sports%20wear,Caesar Girls Sport Training Suit,EGP 353.00,EGP 820.00,57%,,,4.7 out of 5(7)
sports%20wear,Defacto NBA Brooklyn Nets Oversize Fit Sports Sweatshirt,"EGP 1,699.00",,0%,,,
sports%20wear,Caesar Men's Milton winter tracksuit with a striped design on the pants,EGP 750.00,"EGP 1,420.00",47%,,,
sports%20wear,ADIDAS IDAS Messi Graphic T-Shirt,"EGP 2,256.00 - EGP 2,331.00","EGP 2,699.00",16%,,,5 out of 5(1)
sports%20wear,Diadora Men Sports Pants - Black,EGP 553.00,EGP 790.00,30%,,,4 out of 5(1)
sports%20wear,ADIDAS IDAS Men Golf Culture Graphic T-Shirt -White,"EGP 2,599.00",,0%,,,
sports%20wear,Defacto Standard Fit Short Sleeve T-Shirt,EGP 269.00,EGP 599.00,55%,,,
sports%20wear,LC Waikiki Women's Wide Leg Straight With Elastic Waist Sweatpants,EGP 359.00,"EGP 1,299.00",72%,,,5 out of 5(1)
sports%20wear,Tempo DRY+ Match Socks Zamalek Home,EGP 125.00,,0%,,,4 out of 5(1)
sports%20wear,Nike M NK DF SLUB HBR TRAINING T-Shirts - OIL GREEN,"EGP 2,234.00","EGP 2,629.00",15%,,,3 out of 5(1)
sports%20wear,Diadora Men Sport Training Suit - Navy,"EGP 1,995.00","EGP 2,850.00",30%,,,5 out of 5(1)
sports%20wear,Nike M NK DF BODY SHOP TRAINING T-Shirts - WHITE,"EGP 1,915.00","EGP 2,259.00",15%,,,5 out of 5(1)
sports%20wear,ADIDAS IDAS Campeon 25 Jersey Football Jerseys - White,"EGP 2,599.00",,0%,,,5 out of 5(1)
sports%20wear,Nileton Sportswear - Sport Top Half Sleeves – Royal Blue,EGP 335.00,EGP 680.00,51%,,,4.8 out of 5(6)
sports%20wear,Caesar Girls Sport Training Suit,EGP 353.00,EGP 820.00,57%,,,3 out of 5(2)
sports%20wear,Rotana Track Pants - Black,EGP 229.99,EGP 300.00,23%,,,4 out of 5(23)
sports%20wear,Nileton Sportswear - Sport Leggings Pants With Pocket - Baby Blue,EGP 375.00,EGP 750.00,50%,,,4.8 out of 5(6)
sports%20wear,Nike M NSW SW AIR L FIT  SPORTSWEAR T-Shirts - FIR,"EGP 2,513.00","EGP 2,959.00",15%,,,5 out of 5(2)
sports%20wear,Andora Self Patteren Hooded Sweatshirt With Regualr Fit Pants Olive Training Suit,EGP 750.00,"EGP 1,125.00",33%,,,5 out of 5(1)
sports%20wear,Shechick Iconic Relaxing Dark Grey Set,EGP 869.00,"EGP 1,579.00",45%,,,
sports%20wear,"Caesar Women's sports tracksuit, sporty fabric, with 4 stripes on the sleeves",EGP 407.00,EGP 950.00,57%,,,
sports%20wear,Diadora Sportive Short for Men - Black,EGP 343.00,EGP 490.00,30%,,,4.3 out of 5(13)
sports%20wear,Defacto Flexible Textured Swim Shorts,EGP 599.00,EGP 999.00,40%,,,
sports%20wear,Caesar Sport T-Shirt With Short Set – Stylish Activewear for Men,EGP 239.00,EGP 358.00,33%,,,4.2 out of 5(5)
sports%20wear,Caesar Girls Sport Training Suit - Multicolour Activewear Set,EGP 353.00,EGP 820.00,57%,,,3.7 out of 5(6)
sports%20wear,Defacto Flare Fit Soft Touch Premium Sports Trousers,EGP 999.00,,0%,,,
sports%20wear,Nike Nike Sportswear Favourites Older Kids' Graphic Leggings - Plum Eclipse/White,EGP 999.50,"EGP 2,699.00",63%,,,5 out of 5(1)
sports%20wear,Nike M Nsw Spu Ss Tee Sportswear Tops,"EGP 2,606.00","EGP 3,069.00",15%,,,
sports%20wear,Trendyol Black Regular/Normal Cut Elastic Legs Inside Polar Fleece/Warm Sweatpants TMNAW22EA0346,"EGP 1,095.00","EGP 2,089.00",48%,,,5 out of 5(1)
sports%20wear,Caesar Detailed Casual Sweatpants - Black,EGP 237.00,EGP 399.00,41%,,,3.6 out of 5(27)
sports%20wear,Decathlon Organic Cotton Long-sleeved Yoga T-shirt - Gray,EGP 799.00,,0%,,,
sports%20wear,Diadora Men's Cotton Hoodie With Half Zipp - Petrol/Black,EGP 903.00,"EGP 1,290.00",30%,,,5 out of 5(1)
sports%20wear,Caesar Boys WinterTraining Suit,EGP 620.00,"EGP 1,160.00",47%,,,
sports%20wear,Defacto Girl Standard Fit Elastic Waist Printed Jogger Sweatpants,EGP 479.00,EGP 799.00,40%,,,
sports%20wear,Nike M Nk Df Acd23 Top Ss Gx Hbr Tees And T-Shirts - Black,"EGP 2,986.00","EGP 3,509.00",15%,,,
sports%20wear,Defacto Girl Black Carrot Fit Elastic Waist Sweatpants,EGP 639.00,EGP 799.00,20%,,,
sports%20wear,Trendyol Dark Navy Blue Thessaloniki Comfort Fit Pocket Knitted Sports Sweatpants,"EGP 1,023.00","EGP 1,949.00",48%,,,5 out of 5(1)
sports%20wear,Diadora Men Sport Short - Grey,EGP 483.00,EGP 690.00,30%,,,3.7 out of 5(3)
sports%20wear,"Nike Nike Men's Dri-FIT 6"" Basketball Shorts FQ5527-100","EGP 1,500.00","EGP 3,000.00",50%,,,
sports%20wear,ADIDAS IDAS Essentials Big Logo Cotton T-Shirt,"EGP 1,999.00",,0%,,,
sports%20wear,Trendyol Indigo Limited Edition Oversize Wash Effect Sweatpants,"EGP 1,317.00","EGP 2,509.00",48%,,,1 out of 5(1)
sports%20wear,Decathlon Windbreaker Jacket - Softshell - Warm - Mt100 Windwarm - Men's - Black,"EGP 2,999.00",,0%,,,
sports%20wear,ADIDAS IDAS TRAIN ESSENTIALS 3-STRIPES T-SHIRT SET-BLACK/WHITE,"EGP 2,399.00",,0%,,,
sports%20wear,Nike M Nk Df Tee Ss Trail Running Tops - Midnight Navy,"EGP 2,298.00","EGP 2,709.00",15%,,,5 out of 5(1)
sports%20wear,Caesar Front Printed Sportive Tank Top,EGP 83.00,EGP 139.00,40%,,,3.8 out of 5(5)
sports%20wear,ADIDAS IDAS Football Graphic Tee Football T-Shirts - White,"EGP 2,399.00",,0%,,,5 out of 5(1)
sports%20wear,LC Waikiki Women's Elastic Waist Regular Sports Tights,EGP 199.00,EGP 399.00,50%,,,
sports%20wear,ADIDAS AEROREADY ESSENTIALS CHELSEA -STRIPES SHORTS IC1485,"EGP 1,349.40","EGP 2,249.00",40%,,,
sports%20wear,Diadora Men Sport Training Suit - Navy,"EGP 2,065.00","EGP 2,950.00",30%,,,
sports%20wear,Nike M NSW HEATWAVE PHOTO SPORTSWEAR T-Shirts - UNIVERSITY BLUE,"EGP 1,915.00","EGP 2,259.00",15%,,,
sports%20wear,Caesar Detailed Casual Sweatpants with Zipper Pockets and Silver Tape,EGP 245.00,EGP 399.00,39%,,,3.2 out of 5(6)
sports%20wear,Trendyol Anthracite Faded Wide Leg Sweatpants - TWOAW22EA0426,"EGP 1,627.00","EGP 2,099.00",22%,,,
sports%20wear,Defacto Girl Elastic Waist Leg Cargo Sweatpants,EGP 639.00,EGP 799.00,20%,,,
sports%20wear,ADIDAS IDAS Workout Essentials Training 3-Stripes Woven Shorts-SILGRN,"EGP 2,399.00",,0%,,,5 out of 5(1)
sports%20wear,"Caesar Men's 2-piece Sports Suit, Shorts And A T-shirt",EGP 255.00,EGP 358.00,29%,,,5 out of 5(1)
sports%20wear,Decathlon Men's Breathable Essential Fitness Hoodie - Black,"EGP 1,099.00","EGP 1,499.00",27%,,,
sports%20wear,Andora Light Purple Melton Elastic Sweatpants,EGP 449.00,EGP 675.00,33%,,,
sports%20wear,Defacto NBA Boston Celtics Ribbed Crop Top,EGP 149.00,EGP 399.00,63%,,,5 out of 5(2)
sports%20wear,"Caesar Boys' winter tracksuit, velvet lining on the back and a zipper on the chest.",EGP 491.00,"EGP 1,200.00",59%,,,
sports%20wear,Defect Women's Wide-leg Sweatpants With Elastic Waist,EGP 693.00,EGP 990.00,30%,,,
sports%20wear,Diadora Men Cotton Sweatpant Pants - Navy,EGP 699.30,EGP 999.00,30%,,,5 out of 5(2)
sports%20wear,Caesar Boys Sport T-Shirt With Short Set,EGP 236.00,EGP 520.00,55%,,,3 out of 5(1)
sports%20wear,Trendyol Indigo Basic Jogger Sweatpants - Fleece Lined and Comfortable,"EGP 1,190.00","EGP 2,029.00",41%,,,
sports%20wear,American Eagle Bestie Long-Sleeve Button-Up Shirt,"EGP 1,650.00","EGP 3,300.00",50%,,,
sports%20wear,Shechick Iconic Purple Sweatpants,EGP 429.00,EGP 859.00,50%,,,
sports%20wear,Diadora Men Sports T-Shirt - Navy,EGP 343.00,EGP 490.00,30%,,,5 out of 5(1)
sports%20wear,H.Brand 100% Cotton Hoodies for Men - Winter 2026 Collection,EGP 569.00 - EGP 589.00,"EGP 1,199.00",53%,,,
sports%20wear,Caesar Women Sport T-shirt With Half Sleeves,EGP 190.00,EGP 290.00,34%,,,3 out of 5(1)
sports%20wear,Defacto Biker Sports Leggings - Women's Activewear,EGP 299.00,EGP 899.00,67%,,,
sports%20wear,Caesar Boys Winter Training Suit,EGP 620.00,"EGP 1,160.00",47%,,,5 out of 5(2)
sports%20wear,Defacto Standard Fit Crest Printed T-Shirt,EGP 199.00,EGP 399.00,50%,,,4.8 out of 5(9)
sports%20wear,Nike M Nk Df Uv Miler Ss Running Tops,"EGP 2,362.00","EGP 2,779.00",15%,,,4.5 out of 5(2)
sports%20wear,Defacto Standard Fit Short Leg Shorts for Women - Beige,EGP 189.00,EGP 599.00,68%,,,5 out of 5(2)
sports%20wear,Fit Freak Training Bell Sleeve Top in Black,EGP 350.00,EGP 400.00,13%,,,4.5 out of 5(26)
sports%20wear,Defacto Girl Basic Thick Jogger Sweatpants,EGP 479.00,EGP 799.00,40%,,,
sports%20wear,Diadora Men Cotton Sweatpant Pants - Grey,EGP 903.00,"EGP 1,290.00",30%,,,
sports%20wear,ADIDAS Train Essentials Feelready Logo Training T-Shirt,"EGP 2,399.00",,0%,,,
sports%20wear,Nileton Sportswear - Sport Top Long Sleeves – Mint Green,EGP 365.00,EGP 750.00,51%,,,4.6 out of 5(18)
sports%20wear,Defacto Biker Sports Leggings,EGP 299.00,EGP 899.00,67%,,,
sports%20wear,Fg Milton Women's Slingshot,EGP 900.00,,0%,,,
sports%20wear,LC Waikiki Women's Elastic Waist Regular Sweatpants,EGP 319.00,EGP 799.00,60%,,,5 out of 5(1)
sports%20wear,LC Waikiki Women's Elastic Waist Sweatpants - Dark Grey,EGP 279.00,EGP 699.00,60%,,,5 out of 5(4)
sports%20wear,Diadora Men Sports Printed T-Shirt - Dark Green,EGP 343.00,EGP 490.00,30%,,,3.1 out of 5(8)
sports%20wear,Caesar Boys Training Suit With Pocket.,EGP 395.00,EGP 650.00,39%,,,4.2 out of 5(55)
sports%20wear,Vona Vona Soft Printed Bras for Women - Comfortable and Stylish Everyday Wear,EGP 159.99,EGP 319.98,50%,,,3.8 out of 5(5)
sports%20wear,"Caesar Girls' sports tracksuit, made of sporty fabric, with a zipper in the front",EGP 398.00,EGP 820.00,51%,,,
sports%20wear,Wear - Multicolore,EGP 498.00 - EGP 508.00,EGP 899.00,45%,,,4.6 out of 5(57)
sports%20wear,Nike Nike Clothing Sweatshirts Sportswear Essential HF5320-010,"EGP 2,800.00","EGP 3,500.00",20%,,,
sports%20wear,Trendyol Stone Premium Soft Fabric Pocket Wideleg Sweatpants,"EGP 1,358.00","EGP 2,579.00",47%,,,
sports%20wear,Defacto Girl Jogger School Sweatpants,EGP 479.00,EGP 799.00,40%,,,
sports%20wear,ADIDAS IDAS Messi Name And Number Graphic T-Shirt Football T-Shirts - Black,"EGP 2,599.00",,0%,,,1 out of 5(1)
sports%20wear,Puma 681537-02 SQUAD Graphic Tee - White,"EGP 2,775.00","EGP 3,269.00",15%,,,5 out of 5(1)
sports%20wear,Caesar Boys' printed t-shirt and shorts set,EGP 236.00,EGP 520.00,55%,,,4.5 out of 5(2)
sports%20wear,Diadora Men Sport Training Suit - Navy/SkyBlue,"EGP 1,425.00","EGP 2,850.00",50%,,,4 out of 5(1)
sports%20wear,LC Waikiki Slim Fit Men's Jogger Sweatpants,EGP 419.00,EGP 799.00,48%,,,
sports%20wear,Diadora Sportive Shorts for Men - Black,EGP 413.00,EGP 590.00,30%,,,4.2 out of 5(9)
sports%20wear,Nike M Nk Df Tee Flash Hbr Training Tops,"EGP 2,952.00","EGP 3,469.00",15%,,,
sports%20wear,Defacto Boxy Fit Long Sleeve Printed Hooded Sweatshirt,"EGP 1,499.00",,0%,,,
sports%20wear,Disney Mickey Mouse Women SweatShirt Jacket,EGP 599.00,EGP 929.00,36%,,,
sports%20wear,Diadora Men Cotton Short with Side Pockets - Navy,EGP 482.30,EGP 689.00,30%,,,4.9 out of 5(12)
sports%20wear,Nike M Nsw Tee M90 12Mo Futura Sportswear Tops,"EGP 2,362.00","EGP 2,779.00",15%,,,
sports%20wear,ADIDAS AEROIMPACT TRAINING LIGHT-SUPPORT BRA HE9065,EGP 699.00,"EGP 2,349.00",70%,,,
sports%20wear,Defacto Comfort Fit Printed Long Sleeve Sweatshirt,EGP 749.00,EGP 999.00,25%,,,
sports%20wear,Diadora Men Sport Training Suit - Grey,"EGP 4,600.00",,0%,,,
sports%20wear,Caesar Hoodie With Pants Training Suit And Lined Design,EGP 491.00,EGP 720.00,32%,,,3.8 out of 5(13)
sports%20wear,Caesar Women Sport T-shirt With Half Sleeves,EGP 190.00,EGP 290.00,34%,,,2.5 out of 5(2)
sports%20wear,Nike M Nsw Club Dt Tee - Black/Photo Blue Men's Sportswear T-Shirt,"EGP 2,067.00","EGP 2,429.00",15%,,,5 out of 5(1)
sports%20wear,Trendyol Khaki Regular/Normal Cut Ribbed Sweatpants,"EGP 1,170.00","EGP 2,229.00",48%,,,
sports%20wear,Casual Lounge Set,EGP 750.00,,0%,,,
sports%20wear,Defacto Standard Fit NBA Los Angeles Lakers Licensed Skirt,EGP 399.00,EGP 699.00,43%,,,
sports%20wear,"Caesar Men's two-piece set, shorts and a T-shirt, made of biscuit fabric",EGP 482.00,EGP 950.00,49%,,,5 out of 5(1)
sports%20wear,Activ Self Patterned White & Navy Blue Zipped Sweatshirt,EGP 729.00,"EGP 1,299.00",44%,,,
sports%20wear,American Eagle Long-Sleeve Cable Knit Sweater Mini Dress,"EGP 2,500.00","EGP 5,000.00",50%,,,
sports%20wear,Nike M Nsw Tee New Dna Lbr Sportswear Tops,"EGP 2,681.00","EGP 3,159.00",15%,,,
sports%20wear,Nike Nike ACADEMY SHIRT DV9750-463 - Royal Blue Men's Sports Shirt,"EGP 1,349.50","EGP 2,699.00",50%,,,
sports%20wear,Caesar Diving Pants with Pockets - Comfortable and Stylish,EGP 268.00,EGP 399.00,33%,,,3.6 out of 5(14)
sports%20wear,Shechick Iconic Dark Grey Sweatpants,EGP 429.00,EGP 859.00,50%,,,
sports%20wear,Diadora Men Sport Training Suit - Blue Sky,"EGP 1,393.00","EGP 1,990.00",30%,,,
sports%20wear,Caesar Women's Two-piece Sports Tracksuit With A Half Neck And A Zipper In The Front,EGP 794.00,EGP 956.00,17%,,,
sports%20wear,Caesar Boys Sport T-Shirt With Short Set,EGP 211.00,EGP 388.00,46%,,,4 out of 5(1)
sports%20wear,American Eagle Long-Sleeve Denim Button-Up Shirt,"EGP 1,650.00","EGP 3,300.00",50%,,,
sports%20wear,Red Circle Dark Navy Elastic Waist with Drawstring Girls and Boys Sweatpants,EGP 480.00,EGP 720.00,33%,,,
sports%20wear,Defacto Regular Fit Jogger Sweatpants With Lace Waist Pocket,EGP 499.00,"EGP 1,299.00",62%,,,
sports%20wear,Nike M Nsw Club Tee - Casual Wear for Men,"EGP 1,786.00","EGP 2,099.00",15%,,,5 out of 5(3)
sports%20wear,LC Waikiki Elastic Waist Women's Jogger Sweatpants - New Black,EGP 309.00,EGP 799.00,61%,,,4.7 out of 5(3)
sports%20wear,Caesar Men's waterproof beach shorts,EGP 153.00,EGP 320.00,52%,,,4 out of 5(5)
sports%20wear,H.Brand Summer Active Tracksuits Street Wear - Multicolor,EGP 458.00,EGP 899.00,49%,,,4.2 out of 5(13)
sports%20wear,DO DRESS ON Girl Leggins Pants,EGP 312.00 - EGP 388.00,EGP 390.00 - EGP 485.00,20%,,,5 out of 5(1)
sports%20wear,ADIDAS IDAS Essentials Linear French Terry Cuffed Joggers,"EGP 2,590.00","EGP 2,999.00",14%,,,5 out of 5(2)
sports%20wear,ADIDAS ADIDAS Train Essentials Boxy Workout Tank Top,"EGP 855.00 - EGP 2,434.00","EGP 1,599.00 - EGP 2,434.00",47%,,,
sports%20wear,"Caesar Men's winter sports tracksuit, velvet interior",EGP 619.00,"EGP 1,420.00",56%,,,
sports%20wear,Nike M NK DF SSNL YOGA SS TRAINING T-Shirts - BLACK,"EGP 1,915.00","EGP 2,259.00",15%,,,4.5 out of 5(2)
sports%20wear,Caesar Women Training Suit with Pockets and Hoodie,EGP 942.00,"EGP 1,097.00",14%,,,3.6 out of 5(7)
sports%20wear,ADIDAS Train Essentials Big Logo Performance Training T-Shirt,"EGP 855.00 - EGP 2,434.00","EGP 1,599.00 - EGP 2,434.00",47%,,,
sports%20wear,ADIDAS IDAS Essentials Single Jersey Tapered Badge of Sport Joggers,"EGP 2,590.00","EGP 2,999.00",14%,,,5 out of 5(3)
sports%20wear,Defacto NBA Los Angeles Lakers Standard Fit Shorts,EGP 399.00,"EGP 1,299.00",69%,,,
sports%20wear,Trendyol Black Diver/Scuba Fabric Knitted Sports Sweatpants,EGP 855.00,"EGP 1,629.00",48%,,,5 out of 5(1)
sports%20wear,Nileton Crop Sports Tank Top – Sleeveless Crew Neck Top - Non Padded,EGP 209.00,EGP 450.00,54%,,,1 out of 5(1)
sports%20wear,ADIDAS ADIDAS Essentials Single Jersey Tapered Badge of Sport Joggers,"EGP 2,590.00","EGP 2,999.00",14%,,,5 out of 5(2)
sports%20wear,"Caesar Men's 2-piece Sports Suit, Shorts And A T-shirt",EGP 255.00,EGP 358.00,29%,,,4 out of 5(1)
sports%20wear,ADIDAS IDAS Lounge Piqué Terry T-Shirt,"EGP 1,993.00","EGP 1,999.00",1%,,,5 out of 5(2)
sports%20wear,LC Waikiki Crew Neck Plain Short Sleeve Women's T-Shirt,EGP 149.00,EGP 549.00,73%,,,
sports%20wear,ADIDAS ADIDAS Own The Run Shorts Running Shorts - Blue,"EGP 2,199.00",,0%,,,
sports%20wear,Caesar BoysSport T-Shirt With Short Set,EGP 415.00,EGP 595.00,30%,,,4 out of 5(1)
sports%20wear,Decathlon Men's Long-sleeved Fitness T-shirt 100 - Black,EGP 699.00,,0%,,,5 out of 5(2)
sports%20wear,ADIDAS Essentials Big Logo French Terry Shorts - legend ink,"EGP 2,242.00","EGP 2,249.00",1%,,,3.8 out of 5(4)
sports%20wear,ADIDAS ADIDAS Campeon 25 Jersey Football Jerseys - Blue,"EGP 2,599.00",,0%,,,
sports%20wear,Diadora Girls Cotton Set - Lime Green,EGP 349.50,EGP 699.00,50%,,,3.8 out of 5(4)
sports%20wear,ADIDAS IDAS ESSENTIALS 3-STRIPES COTTON T-SHIRT-CLPINK/WHITE,"EGP 1,999.00",,0%,,,5 out of 5(1)
sports%20wear,Caesar Women Sport T-shirt With Long Sleeves,EGP 211.00,EGP 330.00,36%,,,
sports%20wear,Diadora Printed Girls Cotton Sweatpant - Mint,EGP 272.30,EGP 389.00,30%,,,5 out of 5(6)
sports%20wear,Shechick Basic Cotton Joggers Sweatpants Popping Orange,EGP 325.00,EGP 650.00,50%,,,
sports%20wear,ADIDAS IDAS Essentials 3-Stripes Boyfriend T-Shirt,"EGP 1,999.00",,0%,,,5 out of 5(1)
sports%20wear,American Eagle Perfect Button-Up Shirt,"EGP 1,650.00","EGP 3,300.00",50%,,,
sports%20wear,Diadora Sportiv Pants For Men - Black,EGP 872.00,"EGP 1,090.00",20%,,,3.8 out of 5(5)
sports%20wear,Nike W Nsw Rib Jrsy Pant - Stylish and Comfortable Sportswear for Women,"EGP 5,553.00","EGP 6,529.00",15%,,,
sports%20wear,Defacto Wide Wide Leg Scuba Dive Fabric Basic Trousers,EGP 399.00,EGP 999.00,60%,,,5 out of 5(1)
sports%20wear,Nileton Relaxed Fit T-shirt For Men – Cotton - Half Sleeves Crew Neck Tee,EGP 285.00,EGP 460.00,38%,,,4 out of 5(2)
sports%20wear,LC Waikiki Women's Elastic Waist Sweatpants,EGP 279.00,EGP 699.00,60%,,,4.4 out of 5(13)
sports%20wear,H.Brand Street Wear - Multicolor,EGP 869.00,"EGP 1,899.00",54%,,,4.5 out of 5(39)
sports%20wear,Defacto Boxy Fit Vikings Printed Long Sleeve Sweatshirt,"EGP 1,499.00",,0%,,,
sports%20wear,Diadora Men Training Suit - Red,"EGP 1,603.00","EGP 2,290.00",30%,,,
sports%20wear,Defacto Crew Neck Sports Crop Top,EGP 249.00,EGP 599.00,58%,,,
sports%20wear,ADIDAS IDAS ADIDAS MARVEL IRON-MAN T-SHIRT SET-PURRUB/WHITE,"EGP 3,599.00",,0%,,,
sports%20wear,Caesar Mens Elastic Waist Sweatpants - Comfortable and Stylish,EGP 289.00,EGP 461.00,37%,,,4.4 out of 5(5)
sports%20wear,Shechick Black ActiveFit Sports Bra,EGP 399.00 - EGP 409.00,EGP 639.00,38%,,,
sports%20wear,Rotana Woman Sports Leggings - Comfortable and Versatile Activewear,EGP 229.99,EGP 300.00,23%,,,5 out of 5(4)
sports%20wear,Nike M Nsw Tee Icon Futura Apparel Tops - Black/(White),"EGP 2,362.00","EGP 2,599.00",9%,,,5 out of 5(2)
sports%20wear,Shechick Iconic Brown Sweatpants,EGP 429.00,EGP 859.00,50%,,,
sports%20wear,ADIDAS ADIDAS Men Predator History Graphic T-Shirt -Black,"EGP 2,399.00",,0%,,,
sports%20wear,Defacto Standard Fit Zippered Leg Jogger Premium Sweatpants,EGP 599.00,"EGP 1,299.00",54%,,,
sports%20wear,Caesar Detailed Casual Sweatpants,EGP 245.00,EGP 361.00,32%,,,
sports%20wear,H.Brand Oversized Active Tracksuits - 100% Cotton for Men - Multicolore,EGP 739.00 - EGP 769.00,"EGP 1,499.00",51%,,,4.5 out of 5(4)
sports%20wear,Defacto Biker Waist Wrap Leggings,EGP 299.00,EGP 999.00,70%,,,5 out of 5(1)
sports%20wear,Decathlon Hendaia Eco NT Boardshorts - Turquoise,EGP 419.00,,0%,,,5 out of 5(3)
sports%20wear,YC Neoprene Braces Sports Football Men Vest,EGP 150.00 - EGP 170.00,EGP 500.00,70%,,,4.1 out of 5(34)
sports%20wear,Nike W NSW AIR BF SPORTSWEAR T-Shirts - CORAL CHALK,"EGP 2,713.00","EGP 3,189.00",15%,,,4.7 out of 5(3)
sports%20wear,Nike M NSW SOLE CRAFT PKT SPORTSWEAR T-Shirts - WHITE,"EGP 2,394.00","EGP 2,819.00",15%,,,
sports%20wear,Defacto Boy 2 piece Regular Fit Tank Top,EGP 549.00,EGP 599.00,8%,,,
sports%20wear,Nileton Sport Top Curved Hem Long Sleeves - Sport T-shirt Crew Neck,EGP 375.00,EGP 750.00,50%,,,5 out of 5(5)
sports%20wear,Nike W Nsw Nk Mdrn Flc Ft Hr Pant - Women's Sportswear Bottoms,"EGP 5,399.00","EGP 6,349.00",15%,,,
sports%20wear,Diadora Men Cotton Printed T-Shirt - Black,EGP 413.00,EGP 590.00,30%,,,5 out of 5(4)
sports%20wear,Defacto Crew Neck Striped Crop Top T-Shirt,EGP 191.00,EGP 499.00,62%,,,5 out of 5(1)
sports%20wear,H.Brand Winter Active Tracksuits - Multicolor,EGP 879.00,"EGP 1,799.00",51%,,,4 out of 5(2)
sports%20wear,Defacto Crop Top Bisiklet Yaka Basic Düz Sporcu Kısa Kollu Tişört,EGP 149.00,EGP 349.00,57%,,,
sports%20wear,Diadora Men Cotton Sweatpant Pants - DarkGreen,EGP 699.30,EGP 999.00,30%,,,4 out of 5(6)
sports%20wear,Caesar Girls Training Suit Printed (Smile),EGP 402.00,EGP 650.00,38%,,,4.2 out of 5(30)
sports%20wear,ADIDAS IDAS Essentials 3-Stripes Boyfriend T-Shirt,"EGP 1,999.00",,0%,,,5 out of 5(1)
sports%20wear,ADIDAS IDAS Climacool Training Animal Logo Graphic Tee Training T-Shirts - Beige,"EGP 1,999.00",,0%,,,5 out of 5(1)
sports%20wear,Defacto Standard Fit Sports T-Shirt,EGP 299.00,EGP 399.00,25%,,,
sports%20wear,Diadora Football Kit ( T-Shirt & Short ) - White/Green,EGP 600.00,EGP 750.00,20%,,,
sports%20wear,ADIDAS ADIDAS Train Essentials Training Feelready 7/8 Pants,"EGP 1,924.00 - EGP 2,027.00","EGP 3,599.00",47%,,,
sports%20wear,Nileton Sportswear - Sport Tank Top Bold Strap - Dark Grey,EGP 245.00,EGP 580.00,58%,,,4 out of 5(2)
sports%20wear,Nike Nike Sportswear Women's Mid-Rise Wide-Leg Sweatpants - FB2727-063,"EGP 2,499.00","EGP 5,000.00",50%,,,
sports%20wear,Diadora Men Printed Swim Short - Wht/Blc/Skyblue,EGP 335.30,EGP 479.00,30%,,,4.8 out of 5(8)
sports%20wear,Caesar Boys Sport T-Shirt With Short Set,EGP 236.00,EGP 520.00,55%,,,4 out of 5(5)
sports%20wear,ADIDAS IDAS Essentials French Terry Tapered Cuff Logo Joggers,"EGP 2,520.00","EGP 2,999.00",16%,,,3.7 out of 5(3)
sports%20wear,Nike M Nsw Club Tee Sportswear Tops,"EGP 2,125.00","EGP 2,499.00",15%,,,
sports%20wear,ADIDAS IDAS Signature Graphic Print Fleece Loose Joggers - black,"EGP 3,589.00",,0%,,,5 out of 5(3)
sports%20wear,Caesar Detailed Casual Sweatpants With Printed Side,EGP 245.00,EGP 399.00,39%,,,4.7 out of 5(3)
sports%20wear,Diadora Plain Polo Shirt - White,"EGP 1,090.00",,0%,,,3 out of 5(1)
sports%20wear,Red Circle Slash Pockets Regular Fit Black Sweatpants,EGP 400.00,EGP 600.00,33%,,,3 out of 5(1)
sports%20wear,ADIDAS ADIDAS Essentials Big Logo French Terry Shorts - medium grey heather,"EGP 2,299.00",,0%,,,5 out of 5(1)
sports%20wear,ADIDAS ESSENTIALS 3-STRIPES FRENCH PANTS IC8770,"EGP 1,449.50","EGP 2,899.00",50%,,,
sports%20wear,Nike M Nsw Spu Ss Tee Sportswear Tops,"EGP 2,606.00","EGP 3,069.00",15%,,,
sports%20wear,Diadora Men Swim Short - Black,EGP 450.00,,0%,,,4.4 out of 5(16)
sports%20wear,Trendyol Dark Navy Blue Diver/Scuba Fabric Knitted Sports Sweatpants,EGP 839.00,"EGP 1,599.00",48%,,,4.7 out of 5(3)
sports%20wear,Defacto Slim Fit Short Leg Sweatshirt Fabric Shorts,EGP 286.00,EGP 699.00,59%,,,5 out of 5(1)
sports%20wear,Nileton Relaxed Fit T-shirt For Men – Cotton - Half Sleeves Crew Neck Tee,EGP 285.00,EGP 460.00,38%,,,4.6 out of 5(8)
sports%20wear,Nike M Nk Df Uv Hyverse Ss Training Tops,"EGP 2,755.00","EGP 3,239.00",15%,,,
sports%20wear,Decathlon Mid-High Sports Socks Tri-Pack RS 160 - Grey,EGP 379.00,,0%,,,
sports%20wear,Diadora Men Sport Training Suit - Dark Green,"EGP 1,393.00","EGP 1,990.00",30%,,,
sports%20wear,American Eagle Go Big Oversized Shirt,"EGP 1,650.00","EGP 3,300.00",50%,,,
sports%20wear,Nike M Nk Df Pnt Taper Fa Swsh Training Bottoms,"EGP 4,468.00","EGP 5,259.00",15%,,,
sports%20wear,Caesar Women's Melton cotton tracksuit with a velvet lining and front zipper,"EGP 1,111.00","EGP 1,800.00",38%,,,
sports%20wear,Red Circle Black Elastic Waist Comfy Sweatpants,EGP 400.00,EGP 600.00,33%,,,3 out of 5(1)
sports%20wear,LC Waikiki Women's Elastic Waist Regular Jogger Sweatpants - Light Rose,EGP 529.00,"EGP 1,299.00",59%,,,4.5 out of 5(2)
sports%20wear,Diadora Men Sportive T-SHIRT - Orange,EGP 315.00,EGP 450.00,30%,,,4.4 out of 5(7)
sports%20wear,Caesar Boys Winter Training Suit,EGP 620.00,"EGP 1,160.00",47%,,,
sports%20wear,Nike M NSW BIG SWOOSH SPORTSWEAR T-Shirts - Brown,"EGP 2,234.00","EGP 2,629.00",15%,,,
sports%20wear,Nike M Nk Df Tee Dfc Crew Solid Training Tops,"EGP 2,659.00","EGP 2,929.00",9%,,,
sports%20wear,Diadora Men Sport Short - Black/Grey,EGP 413.00,EGP 590.00,30%,,,
sports%20wear,Defacto Boxy Fit Half Zippered Scuba Fabric Sweatshirt,"EGP 1,299.00","EGP 1,499.00",13%,,,
sports%20wear,Decathlon Women's Fitness Cardio Cropped Leggings - Black,EGP 599.00,,0%,,,4.7 out of 5(3)
sports%20wear,Diadora Printed Girls Cotton Sweatpant - Pink,EGP 272.30,EGP 389.00,30%,,,5 out of 5(5)
sports%20wear,Nike Nike Sportswear Classics High-Waisted Graphic Leggings DV7795-010,"EGP 1,875.00","EGP 3,750.00",50%,,,4.5 out of 5(2)
sports%20wear,"Caesar Girls' sports tracksuit, made of sporty fabric, with a zipper in the front",EGP 398.00,EGP 820.00,51%,,,
sports%20wear,ADIDAS IDAS Club 3-Stripes Tennis Polo Shirt,"EGP 2,799.00",,0%,,,5 out of 5(2)
sports%20wear,Defacto Standard Fit Scuba Diving Fabric Sports Joggers,EGP 599.00,EGP 999.00,40%,,,
sports%20wear,LC Waikiki Short Pattern Men's Swimwear,EGP 209.00,EGP 449.00,53%,,,4.8 out of 5(4)
sports%20wear,Diadora Printed Girls Cotton Leggings - Fuchsia,EGP 343.00,EGP 490.00,30%,,,5 out of 5(3)
sports%20wear,Fit Freak Black Warm-up Modest Top,EGP 600.00,EGP 700.00,14%,,,4.7 out of 5(25)
sports%20wear,Caesar Packet Detailed Casual Sweat Pant in Dark Grey,EGP 245.00,EGP 399.00,39%,,,3.9 out of 5(41)
sports%20wear,Caesar Boys Training Suit with Pockets and Lined Design,EGP 386.00,EGP 650.00,41%,,,4.3 out of 5(9)
sports%20wear,ADIDAS Train Essentials Feelready Novelty T-Shirt Training T-Shirts - Pink,"EGP 1,999.00",,0%,,,
sports%20wear,Defacto Standard Fit Jogger Sweatpants,"EGP 1,199.00","EGP 1,499.00",20%,,,
sports%20wear,Nike M NSW PREM ESSNTL SUST SPORTSWEAR T-Shirts,"EGP 2,394.00","EGP 2,819.00",15%,,,5 out of 5(2)
fashion,Skechers Skech-Air Dynamight 2.0 Sneakers - Black Blue,"EGP 7,067.00 - EGP 8,304.00","EGP 8,309.00",15%,,,5 out of 5(4)
fashion,"Testa Toro M2 Men’s Retro Lock Sneaker – Ventilated Synthetic Upper, Cushioned Comfort, Low Profile Design",EGP 668.00,EGP 699.00,4%,,,3.7 out of 5(3)
fashion,"A set of (12) Turkish scarf hijab pins, safe for scarfs",EGP 80.00,EGP 90.00,11%,,,
fashion,Women Waist Chain Beach Bikini Body Chain Shell Pendant,EGP 190.00,"EGP 1,277.36",85%,,,4.3 out of 5(11)
fashion,6 Turkish Hijab Veil Pins - Elegant Black and White Design,EGP 39.90,EGP 70.00,43%,,,4.6 out of 5(21)
fashion,ADIDAS IDAS Men Questar 3 Running Shoes -Black,"EGP 5,999.00",,0%,,,4.3 out of 5(6)
fashion,Basic Fashion Leather Flat Sneakers For Men - White,EGP 498.00,EGP 679.00,27%,,,3.2 out of 5(5)
fashion,Bracelets Cherry Beaded Necklace,EGP 42.00,EGP 150.00,72%,,,4.3 out of 5(15)
fashion,Desert Men's Sportive Knit Sneakers – Stylish Printed Design,EGP 528.00,EGP 666.00 - EGP 699.00,24%,,,4.3 out of 5(4)
fashion,18K Gold Plated Stainless Steel Mesh Link Bracelet Italian Stainless Steel Bismarck Braided Herringbone Bracelet 8mm Christmas Valentine's Day Gift for Women Shiny Surface,EGP 255.00,,0%,,,
fashion,Desert Men's Minimalist Lace-up Black Flat Sneakers,EGP 449.00,EGP 679.00,34%,,,3.8 out of 5(108)
fashion,fluffy women accessories Women’s Bracelet Braided Rope Chain - Elegant Touch,EGP 168.00,EGP 240.00,30%,,,
fashion,SHEIN 3pcs Glamorous Cubic Zirconia Water-drop Jewelry Set,EGP 357.00,EGP 500.00,29%,,,4 out of 5(2)
fashion,3Diamonds Aquarius Zodiac Sign Silver Ring – Platinum and Rhodium Plated Elegant Gift for Women Horoscope Jewelry,EGP 85.00,EGP 150.00,43%,,,
fashion,Activ Leather Navy Perforated Side Sneakers,"EGP 1,615.00","EGP 2,999.00",46%,,,5 out of 5(1)
fashion,Pharaonic Magical HORUS Eye Earrings - Silver,EGP 96.00,EGP 135.00,29%,,,4 out of 5(6)
fashion,3Diamonds Platinum & Rhodium Plated Silver Bracelet & Ring Set with Geometric Zircon Design – Luxury Anti-Tarnish Jewelry for Women,EGP 313.65,EGP 462.00,32%,,,5 out of 5(1)
fashion,fluffy women accessories Women’s Bracelet Layered Detail Evil Eye Classic,EGP 238.00,EGP 340.00,30%,,,
fashion,Activ Nubuck Lace Up Sneakers - Blue & Navy Blue,"EGP 2,249.00","EGP 2,999.00",25%,,,4 out of 5(4)
fashion,Activ Lace-Up Mesh Pickle Green & Black Sneakers,"EGP 1,799.00","EGP 2,999.00",40%,,,
fashion,3Diamonds Luxury Gold-Plated Necklace with Micro Zircon – Elegant Gift for Women,EGP 250.00,EGP 580.00,57%,,,
fashion,925 Italian Silver Chain,"EGP 1,200.00",,0%,,,4.6 out of 5(5)
fashion,"Set Of 3 Earrings (The Lady Earrings, Ancient Wind Earrings & Crescent Moon Earrings)",EGP 149.00,EGP 190.00,22%,,,
fashion,Andora Boys Hooded Long Sleeves Plain Side Pockets Sweatshirt - Grey,EGP 399.00,EGP 599.00,33%,,,
fashion,A Set Of Necklace And 2 Bracelets Made Of Stainless Steel,EGP 245.00,EGP 380.00,36%,,,5 out of 5(4)
fashion,3Diamonds Twins Ring Platinum Plated For Women With Zircon Stone - Silver,EGP 480.25,EGP 706.00,32%,,,
fashion,3 Hand Bracelets with Diverse Designs – A Stylish Touch for Every Day,EGP 229.50,EGP 230.00,1%,,,
fashion,Bohemian Vintage Bracelet for Women – Gold Metal Resin Stones Charm Statement Jewelry,EGP 540.00,EGP 650.00,17%,,,
fashion,fluffy women accessories Solid Gold Bracelet with Elegant Floral Design,EGP 168.00,EGP 240.00,30%,,,
fashion,fluffy women accessories Clover Star Earrings,EGP 210.00,EGP 300.00,30%,,,
fashion,O Accessories Necklace Chain Silver _ Turquoise Stone,EGP 92.00,EGP 150.00,39%,,,5 out of 5(1)
fashion,3Diamonds Butterfly Platinum And Rhodium Plated Earrings With Zircon Stones,EGP 209.00,EGP 261.00,20%,,,
fashion,OneHand Hoodie Melton Cotton For Kids - Olive,EGP 350.00 - EGP 395.00,EGP 945.00,63%,,,
fashion,"fluffy women accessories Women’s Necklace Layered Butterfly Pendant, Delicate Style",EGP 266.00,EGP 380.00,30%,,,
fashion,Handmade Necklaces FI6 - Unique Chinese Gold Jewelry,EGP 333.00,EGP 650.00,49%,,,
fashion,Polymer Clay Multicolor Gold Circle Hoop Earrings,EGP 85.00,,0%,,,
fashion,3Diamonds Platinum Plated Ring for Women with Zircon Stone - Silver,EGP 283.00,EGP 354.00,20%,,,
fashion,3Diamonds Gold Plated Bracelet and Ring Set for Women,EGP 501.50,EGP 738.00,32%,,,
fashion,fluffy women accessories Gold Circular Design Earrings,EGP 266.00,EGP 380.00,30%,,,
fashion,A Beautiful Necklace Of Off White Beads With Beautiful Pendant,EGP 220.00,,0%,,,5 out of 5(1)
fashion,Bracelet For Women Gold Plated,EGP 70.00,,0%,,,
fashion,3Diamonds Flower Shape Gold Plated Earring With Zircon Lobes - High Quality,EGP 234.00,EGP 292.00,20%,,,
fashion,"Multi-stage Necklace Made Of Natural Agate, Copper Pendant",EGP 465.00,EGP 620.00,25%,,,5 out of 5(1)
fashion,Elegant Silver Ring with Unique Design,EGP 350.00,,0%,,,
fashion,Forever 21 Girls Fleece Zip-Up Hoodie,EGP 850.00,"EGP 1,695.00",50%,,,
fashion,RA accessories Women Set of Silvery Chain & Earring with Pearls,EGP 145.00,EGP 230.00,37%,,,4.5 out of 5(28)
fashion,3Diamonds Pendant Necklace For Women Gold Plated,EGP 182.00,EGP 228.00,20%,,,
fashion,Heart-Shaped Zirconia Ring,EGP 443.00,,0%,,,
fashion,3Diamonds 3diamond Platinum Plated Earring For Women Cubic Zircon Stone,EGP 221.00,EGP 276.00,20%,,,
fashion,Elegant Stainless Steel Necklace,EGP 690.00,,0%,,,
fashion,Defacto Woman Silver Big Earrings,EGP 249.00,EGP 399.00,38%,,,
fashion,3Diamonds Gold Plated Earrings with Letter F and Cubic Zirconia,EGP 170.00,EGP 213.00,20%,,,
fashion,3Diamonds Band Ring for Women - Gold Plated,EGP 474.30,EGP 698.00,32%,,,
fashion,Multicolor Stylish Bracelet,EGP 575.00,,0%,,,
fashion,Handmade Hand Made Accessories \jewelry Sets\ AH50,EGP 220.00,EGP 450.00,51%,,,
fashion,3Diamonds Platinum Plated Ring for Women with Zircon Stone - Silver,EGP 461.55,EGP 679.00,32%,,,
fashion,3Diamonds Platinum Plated Ring for Women with Zircon Stone - Silver,EGP 245.00,EGP 306.00,20%,,,
fashion,3Diamonds Twins Ring Platinum Plated For Women With Zircon Stone - Silver,EGP 500.65 - EGP 532.95,EGP 736.00 - EGP 784.00,32%,,,
fashion,Stainless Steel Jewelry Set - Gold,EGP 299.00,EGP 899.00,67%,,,
fashion,3Diamonds Twins Ring Platinum Plated For Women With Zircon Stone - Silver,EGP 596.70,EGP 878.00,32%,,,
fashion,Bracelet & Anklet With Shiny Cubic Zircon Stones  Plated,EGP 165.00,EGP 350.00,53%,,,
fashion,fluffy women accessories Women's Necklace Layered Crescent Star Elegant Touch,EGP 252.00,EGP 360.00,30%,,,
fashion,O Accessories Anklet Glasses Beads - Black Beads - Silver Metal,EGP 79.00,,0%,,,5 out of 5(1)
fashion,3Diamonds Platinum Plated Ring for Women with Zircon Stone - Silver,EGP 145.00,EGP 181.00,20%,,,
fashion,Handmade Necklace & Pendant 2 Pcs Set Fayrouz Stone Seashell Gold Plat Copper,EGP 750.00,,0%,,,
fashion,"Ring Women With Stone Decorated With A Crystal Heart, Free Size, Transparent",EGP 113.74,EGP 342.50,67%,,,
fashion,Handmade Bracelet with Small Coins and Pendant in Gold Plated Copper Design,EGP 650.00,,0%,,,
fashion,3Diamonds Platinum Plated Ring for Women with Zircon Stone - Silver,EGP 195.00,EGP 244.00,20%,,,
fashion,3Diamonds Gold-Plated Adjustable Ring – Layered Design with Zircon Accent Band,EGP 295.00,EGP 369.00,20%,,,
fashion,3Diamonds Flower Shape Platinum Plated Ring for Women with Zircon Stone - Silver,EGP 195.00,EGP 244.00,20%,,,
fashion,3Diamonds Platinum Plated Ring for Women with Zircon Stone - Silver,EGP 447.95,EGP 659.00,32%,,,
fashion,3Diamonds Platinum Plated Ring for Women with Zircon Stone - Silver,EGP 258.00,EGP 322.00,20%,,,
fashion,3Diamonds Platinum Plated Ring for Women with Zircon Stone - Silver,EGP 208.00,EGP 260.00,20%,,,
fashion,3Diamonds Platinum Plated Ring For Women With Zircon Stone - Silver,EGP 296.00,EGP 370.00,20%,,,
fashion,Set Pure Stainless Steel Gold Plated (necklace+bracelet) Black,EGP 425.00,"EGP 1,000.00",58%,,,
fashion,ADIDAS IDAS Men Vl Court Base Shoes -Black,"EGP 2,455.00 - EGP 4,199.00","EGP 4,199.00",42%,,,4 out of 5(23)
fashion,XP Jewelry Earring - Silver,EGP 299.00,,0%,,,
fashion,Maya Accessories Snake Chain Set - Elegant Jewelry Set in Gold,EGP 297.50,EGP 700.00,58%,,,
fashion,Choker Beads Necklace Multicolor,EGP 60.00,,0%,,,
fashion,3Diamonds Anklets For Women Platinum Plated,EGP 246.00,EGP 307.00,20%,,,
fashion,3Diamonds Platinum Plated Ring for Women with Zircon Stone - Silver,EGP 334.00,EGP 417.00,20%,,,
fashion,Activ Leather Low Cut Sneakers - White & Black,EGP 749.00,"EGP 1,299.00",42%,,,4.2 out of 5(318)
fashion,Necklace Stanless Fixed Gold Colur From Monista,EGP 524.40,,0%,,,
fashion,Activ Leather Low Cut Sneakers Dark Grey & Black,EGP 749.00,"EGP 1,999.00",63%,,,4 out of 5(215)
fashion,Activ Leather Low Cut Sneakers White & Beige,EGP 749.00,"EGP 1,299.00",42%,,,4.3 out of 5(46)
fashion,Activ Logo Printed Low Cut Leather Sneakers - Black & White,EGP 749.00,"EGP 1,999.00",63%,,,4.3 out of 5(265)
fashion,Activ Leather Low Cut Sneakers Black & White,EGP 749.00,"EGP 1,299.00",42%,,,4.3 out of 5(37)
fashion,Desert Men Minimalist Lace-up White Flat Sneakers,EGP 498.00,EGP 679.00,27%,,,3.9 out of 5(1497)
fashion,"Vinitto Leather & Suede Lace Up Sneakers - White, Orange & Grey",EGP 360.00,EGP 660.00,45%,,,4 out of 5(73)
fashion,Testa Toro X5 Suede Leather Sneaker - Washable and Easy to Clean,EGP 458.00,,0%,,,4.2 out of 5(64)
fashion,Anti-Rust Gold Stainless Steel Earrings,EGP 386.40,,0%,,,
fashion,Activ Leather Low Cut Sneakers in Dark Blue & Turquoise,EGP 749.00,"EGP 1,299.00",42%,,,4.4 out of 5(111)
fashion,Activ Leather Low Cut Sneakers Beige & Brown,EGP 749.00,"EGP 1,299.00",42%,,,4.3 out of 5(43)
fashion,Activ Leather Low Cut Sneakers Dark Blue & Blue,EGP 749.00,"EGP 1,299.00",42%,,,3.9 out of 5(19)
fashion,Testa Toro Q1 A Luxury Casual Shoe With A Fresh Design Concept,EGP 712.00,EGP 850.00,16%,,,4 out of 5(153)
fashion,Roomba Fashion Sneakers - Men,EGP 299.00,EGP 520.00,43%,,,3.7 out of 5(685)
fashion,Bracelets From Monista For Women With Fixed Colour,EGP 483.00,,0%,,,
fashion,Andora Yellow Printed Back & Badge Boys Hoodie,EGP 650.00,EGP 975.00,33%,,,
fashion,Defacto Boy Oversize Fit Hooded Sweatshirt,EGP 999.00,"EGP 1,299.00",23%,,,
fashion,LC Waikiki Crew Neck Girl's Sweatshirt,EGP 179.00,EGP 399.00,55%,,,4.8 out of 5(20)
fashion,ADIDAS HP6010 VS Pace 2.0 Shoes,"EGP 4,199.00",,0%,,,4 out of 5(46)
fashion,Vinitto Lace Up Comfy Round Toe Sneakers - EVA Light Sole - Black,EGP 699.00 - EGP 859.00,"EGP 1,380.00",49%,,,4.1 out of 5(60)
fashion,Activ Leather Low Cut Sneakers Black & Red,EGP 749.00,"EGP 1,299.00",42%,,,4.2 out of 5(6)
fashion,LC Waikiki Crew Neck Embroidered Girl's Sweatshirt,EGP 409.00,EGP 449.00,9%,,,4.6 out of 5(19)
fashion,Vinitto Round Toe Textile Black Sneakers,EGP 419.00,EGP 690.00,39%,,,3.8 out of 5(52)
fashion,LC Waikiki Crew Neck Stitch Printed Girl's Sweatshirt,EGP 449.00,EGP 499.00,10%,,,5 out of 5(6)
fashion,ADIDAS Eclyptix 2000 Shoes,"EGP 2,205.00 - EGP 4,599.00","EGP 4,599.00",52%,,,4.4 out of 5(10)
fashion,LC Waikiki Hooded Long Sleeve Girl Sweatshirt,EGP 519.00,EGP 549.00,5%,,,4.9 out of 5(11)
fashion,Vinitto Textile Lace Up Sneakers - Black & White,EGP 449.00,EGP 780.00,42%,,,3.6 out of 5(18)
fashion,Activ Lace Up Perforated Leather Sneakers - Grey,EGP 399.00,EGP 999.00,60%,,,4.1 out of 5(221)
fashion,Bracelets Gold Plated Herringbone Flat Snake Chain Necklace,EGP 79.00,EGP 250.00,68%,,,4.2 out of 5(153)
fashion,ADIDAS Cloudfoam Comfy Shoes,"EGP 3,399.00",,0%,,,4.9 out of 5(18)
fashion,Vinitto Side Striped Lace Up Sneakers - Grey,EGP 699.00,"EGP 1,380.00",49%,,,4.1 out of 5(46)
fashion,ADIDAS Breaknet 3.0 Shoes,"EGP 2,455.00 - EGP 4,199.00","EGP 4,199.00",42%,,,4.8 out of 5(16)
fashion,LC Waikiki Hooded Boy Zip-Up Sweatshirt.,EGP 399.00 - EGP 449.00,EGP 499.00,20%,,,3.8 out of 5(6)
fashion,Vinitto Chunky Rubber Sole Textile Sneakers - Grey,EGP 449.00,EGP 800.00,44%,,,3.7 out of 5(25)
fashion,Bracelets Elegant Necklace One Layer,EGP 49.00,EGP 79.00,38%,,,4.7 out of 5(35)
fashion,Testa Toro X5 Suede Leather Sneakers - Washable & Comfortable,EGP 458.00,,0%,,,4 out of 5(45)
fashion,LC Waikiki File Detailed Men's Sneaker,EGP 809.00,EGP 899.00,10%,,,5 out of 5(3)
fashion,Testa Toro X5 Suede Leather Sneaker – Washable and Easy to Clean,EGP 458.00,,0%,,,4.1 out of 5(38)
fashion,ADIDAS MERCEDES - AMG PETRONAS FORMULA ONE TEAM ULTIMASHOW 2.0 SHOES JUNIOR,"EGP 1,870.00","EGP 3,199.00",42%,,,5 out of 5(1)
fashion,LC Waikiki Hooded Boy's Sweatshirt.,EGP 469.00,EGP 499.00,6%,,,4.7 out of 5(6)
fashion,Bracelets Necklace One Layer Black And Silver For Woman,EGP 79.00,EGP 149.00,47%,,,4.4 out of 5(88)
fashion,Nike Court Shot Laced Shoes - White,"EGP 7,745.00 - EGP 8,273.00","EGP 9,109.00",15%,,,3.9 out of 5(16)
fashion,ARHANORY Women Necklace Ladies Heartbeat Rhythm Pendant Chain - Gold,EGP 38.00,EGP 122.20,69%,,,3.3 out of 5(18)
fashion,Testa Toro X2 Essential Sneaker with a Simple Design,EGP 419.00,EGP 439.00,5%,,,3.8 out of 5(50)
fashion,ADIDAS Ultimashow 2.0 Shoes Kids,"EGP 1,753.00","EGP 2,999.00",42%,,,4.3 out of 5(20)
fashion,ADIDAS Grand Court Lifestyle Tennis Lace-Up Shoes,"EGP 2,999.00",,0%,,,5 out of 5(10)
fashion,ADIDAS Duramo RC2 Running Shoes,"EGP 3,399.00",,0%,,,4.4 out of 5(22)
fashion,Desert Men's Stylish Casual Lace-up Leather Sneakers,EGP 498.00,EGP 649.00,23%,,,4.2 out of 5(9)
fashion,LC Waikiki Hooded Baby Girl Zip-Up Sweatshirt.,EGP 469.00,EGP 499.00,6%,,,4 out of 5(4)
fashion,LC Waikiki Bow Detailed Floral Girl's Sweatshirt,EGP 409.00,EGP 449.00,9%,,,4.6 out of 5(12)
fashion,Testa Toro X5 Suede Leather Sneakers - Washable and Comfortable,EGP 458.00,,0%,,,4 out of 5(58)
fashion,Desert Side Colored Fashion Leather Flat Sneakers For Men - White,EGP 542.00,EGP 609.00,11%,,,4 out of 5(164)
fashion,Testa Toro Q2 Walking and Everyday Shoe with Elevated Sole,EGP 609.00,EGP 699.00,13%,,,4.2 out of 5(20)
fashion,Desert Sportive Lace-Up Sneakers For Men - Grey,EGP 389.00,EGP 789.00,51%,,,4 out of 5(89)
fashion,ADIDAS Breaknet 3.0 Shoes,"EGP 2,455.00","EGP 4,199.00",42%,,,5 out of 5(5)
fashion,ADIDAS Court Shoes,"EGP 3,799.00",,0%,,,4.5 out of 5(22)
fashion,ADIDAS IDAS IE0927 Court Shoes,"EGP 3,799.00",,0%,,,4.3 out of 5(54)
fashion,Activ Plain Lace Up Platform Dark Grey Sneakers,EGP 849.00,"EGP 3,999.00",79%,,,4 out of 5(2)
fashion,ADIDAS VL Court Base Shoes,"EGP 2,455.00","EGP 4,199.00",42%,,,5 out of 5(4)
fashion,Vinitto Leather Black Sneakers With Striped Side,EGP 489.00,EGP 780.00,37%,,,3.5 out of 5(31)
fashion,ADIDAS IF4076 Court Shoes,"EGP 3,799.00",,0%,,,4.2 out of 5(52)
fashion,ADIDAS VL Court Base Shoes,"EGP 2,455.00 - EGP 4,199.00","EGP 4,199.00",42%,,,5 out of 5(4)
fashion,ADIDAS Cloudfoam Move Sock Shoes,"EGP 2,455.00 - EGP 4,199.00","EGP 4,199.00",42%,,,4.5 out of 5(4)
fashion,LC Waikiki College Collar Boy's Zippered Sweatshirt,EGP 549.00,"EGP 1,099.00",50%,,,5 out of 5(1)
fashion,Testa Toro T20 Casual Sneaker - Basic Comfortable Design With Bold Colors,EGP 460.00,EGP 509.00,10%,,,4.2 out of 5(29)
fashion,LC Waikiki College Collar Boy's Zippered Sweatshirt,EGP 549.00,"EGP 1,099.00",50%,,,4 out of 5(1)
fashion,Vinitto Textile Lace Up Rubber Sneakers - Black,EGP 449.00,EGP 720.00,38%,,,3.8 out of 5(33)
fashion,Nike Court Vision Lo Be Laced Shoes - White,"EGP 7,745.00","EGP 9,109.00",15%,,,4.6 out of 5(33)
fashion,LC Waikiki Faux Suede Men's Sneakers,EGP 719.00,EGP 899.00,20%,,,4.6 out of 5(5)
fashion,ADIDAS Galaxy 7 Running Shoes,"EGP 3,599.00",,0%,,,4.6 out of 5(22)
fashion,ADIDAS Run 50s Shoes,"EGP 1,987.00","EGP 3,399.00",42%,,,4.8 out of 5(5)
fashion,LC Waikiki Hooded Boy's Sweatshirt.,EGP 489.00,EGP 499.00,2%,,,4.5 out of 5(11)
fashion,ADIDAS Ultimashow 2.0 Shoes Kids,"EGP 1,753.00 - EGP 2,999.00","EGP 2,999.00",42%,,,4.9 out of 5(10)
fashion,Bracelets Gold Color One Layer Bracelet Necklace for Women,EGP 79.00,EGP 199.00,60%,,,3.9 out of 5(194)
fashion,Starter MEN Everyday Comfort-1 Walking Shoes - Black,"EGP 1,390.00",,0%,,,4 out of 5(52)
fashion,ADIDAS Duramo RC2 Running Shoes,"EGP 1,987.00","EGP 3,399.00",42%,,,4.9 out of 5(9)
fashion,Desert Men's Sportive Knit Sneakers – Stylish Printed Design,EGP 528.00,EGP 679.00,22%,,,3.8 out of 5(8)
fashion,ADIDAS HP6011 VS Pace 2.0 Shoes,"EGP 4,199.00",,0%,,,4.5 out of 5(40)
fashion,ADIDAS Courtblock Shoes,"EGP 2,455.00 - EGP 4,199.00","EGP 4,199.00",42%,,,5 out of 5(8)
fashion,Lace Up Sneakers - Navy Blue,EGP 290.00,EGP 410.00,29%,,,3.8 out of 5(147)
fashion,Sweatshirt Printed For Kids-rounded Neck,EGP 319.00,,0%,,,5 out of 5(5)
fashion,ADIDAS Cloudfoam Comfy Shoes,"EGP 3,399.00",,0%,,,4.3 out of 5(6)
fashion,LC Waikiki Hooded Printed Boy's Sweatshirt.,EGP 469.00,EGP 499.00,6%,,,5 out of 5(3)
fashion,Vinitto Side Striped Lace Up Sneakers - Navy Blue,EGP 789.00,"EGP 1,380.00",43%,,,4.3 out of 5(35)
fashion,Testa Toro Q1 Luxury Casual Shoe – Fresh Design Concept,EGP 712.00,EGP 850.00,16%,,,3.9 out of 5(71)
fashion,Bracelets Color One Layer Anklet Bracelet for Women,EGP 49.00,EGP 210.00,77%,,,4.1 out of 5(119)
fashion,Desert Men Minimalist Lace-up Black Flat Sneakers,EGP 319.00,EGP 649.00,51%,,,3.8 out of 5(401)
fashion,Activ Plain Lace Up Platform Black Sneakers,EGP 849.00,"EGP 3,999.00",79%,,,3 out of 5(2)
fashion,Starter Etheron Men's Sneaker - White,"EGP 1,590.00",,0%,,,3.7 out of 5(6)
fashion,Bracelets 2 Pcs Necklaces And Bracelet - Elegant Fashion Jewelry Set,EGP 79.00,EGP 200.00,61%,,,4.1 out of 5(46)
fashion,"(Set of 3) 18K Gold Plated Stainless Steel Bangle bracelets for Women, Friendship and Love Bracelets, Stainless Steel Bracelet, Christmas Valentine's Day Birthday for Women",EGP 220.00,EGP 325.00,32%,,,4.3 out of 5(6)
fashion,LC Waikiki Crew Neck Long Sleeve Printed Baby Girl Sweatshirt 2 Pieces.,EGP 739.00,EGP 799.00,8%,,,4.6 out of 5(7)
fashion,ADIDAS Cloudfoam Comfy Shoes,"EGP 3,399.00",,0%,,,4.8 out of 5(12)
fashion,Bracelets 4Pcs Bracelets Set for Women - Gold and Off White,EGP 49.00,EGP 180.00,73%,,,3.6 out of 5(72)
fashion,6 Turkish Hijab Veil Pins - Elegant and Versatile Accessories,EGP 39.90,EGP 70.00,43%,,,4.4 out of 5(36)
fashion,Desert Men's Stylish Casual Lace-up Leather Sneakers,EGP 498.00,EGP 609.00,18%,,,3.7 out of 5(152)
fashion,ADIDAS Court Spec 2 Tennis Shoes,"EGP 2,455.00","EGP 4,199.00",42%,,,
fashion,LC Waikiki Hooded Boy's Thick Sweatshirt,EGP 389.00,EGP 399.00,3%,,,5 out of 5(1)
fashion,Caesar Unisex Hoodie With Zipper,EGP 563.00,EGP 736.00,24%,,,4.1 out of 5(76)
fashion,LC Waikiki Faux Leather Men's Sports Shoes,EGP 859.00,EGP 999.00,14%,,,5 out of 5(4)
fashion,Andora Comfortable Fit Girls Hoodie - Aqua,EGP 275.00,EGP 450.00,39%,,,4.3 out of 5(13)
fashion,Defacto Boy Hooded Back Printed Sweatshirt,"EGP 1,499.00",,0%,,,5 out of 5(2)
fashion,2Pcs Women Anklet Foot Ankle Chain Connecting Foot Finger,EGP 143.00,EGP 874.16,84%,,,4.5 out of 5(11)
fashion,Vinitto Textile Lace Up Sneakers - Grey & Neon Orange,EGP 449.00,EGP 780.00,42%,,,3.4 out of 5(9)
fashion,Caesar Milton boys' winter hoodie with prints on the chest and back,EGP 276.00,EGP 720.00,62%,,,5 out of 5(1)
fashion,Hoodie Sweatshirt Printed For Kids,EGP 349.00,,0%,,,4.2 out of 5(6)
fashion,LC Waikiki Crew Neck Girl's Sweatshirt 2 Pack.,EGP 629.00,EGP 699.00,10%,,,5 out of 5(1)
fashion,Testa Toro M3 Men's Premium Suede Sneakers – Classic & Comfortable Everyday Shoe,EGP 608.00,EGP 649.00,6%,,,
fashion,LC Waikiki Hooded Boy's Sweatshirt.,EGP 459.00,EGP 549.00,16%,,,
fashion,Skechers Bobs Squad Waves Sneakers - Navy,"EGP 3,301.00 - EGP 5,769.00","EGP 5,769.00",43%,,,5 out of 5(1)
fashion,Desert Men's Sportive Knit Sneakers – Stylish Printed Design,EGP 528.00,EGP 666.00 - EGP 699.00,24%,,,4.7 out of 5(6)
fashion,Activ Plain Lace Up Platform Navy Blue Sneakers,EGP 849.00 - EGP 999.00,"EGP 3,999.00",79%,,,5 out of 5(2)
fashion,Defacto Girls Crew Neck 2 Piece Crop Sweatshirt,EGP 823.00,"EGP 1,299.00",37%,,,
fashion,LC Waikiki Crew Neck Boy's Sweatshirt.,EGP 379.00,EGP 449.00,16%,,,5 out of 5(2)
fashion,Testa Toro X7 Essential Shoe with Foam Padding and Leather Finish,EGP 458.00,EGP 459.00,1%,,,3.9 out of 5(15)
fashion,Fashion Leather Flat Sneakers For Men - White,EGP 498.00,EGP 679.00,27%,,,3.7 out of 5(21)
fashion,Vinitto Textile Lace Up Comfy Sneakers - Navy Blue,EGP 284.00,EGP 570.00,50%,,,4.1 out of 5(15)
fashion,Bubbles Hoodie sweatshirt for girls and boys oversize melton cotton 100% padded for winter,EGP 805.50,"EGP 1,500.00 - EGP 1,800.00",55%,,,
fashion,LC Waikiki File Detailed Men's Sneaker,EGP 809.00,EGP 899.00,10%,,,5 out of 5(1)
fashion,Defacto Girl Printed Navy Blue Hooded Zippered School Cardigan,EGP 681.00,EGP 999.00,32%,,,5 out of 5(1)
fashion,LC Waikiki Crew Neck Girl's Sweatshirt,EGP 419.00,EGP 499.00,16%,,,5 out of 5(2)
fashion,Hoodie Sweatshirt Printed For Kids,EGP 349.00,,0%,,,5 out of 5(3)
fashion,Starter Street Casual Lifestyle Sneaker - Navy,"EGP 1,590.00",,0%,,,4.8 out of 5(4)
fashion,ADIDAS Grand Court Lifestyle Tennis Lace-Up Shoes,"EGP 2,999.00",,0%,,,5 out of 5(5)
fashion,Vinitto Decorative Lace Textile Sneakers - Dark Grey,EGP 439.00 - EGP 479.00,EGP 800.00,45%,,,4.5 out of 5(12)
fashion,ADIDAS Response Runner Shoes,"EGP 2,999.00",,0%,,,4.7 out of 5(10)
fashion,Bracelets Faux Pearl Decor Mittens Bracelet For Women,EGP 49.00,EGP 99.00,51%,,,4.1 out of 5(7)
fashion,Testa Toro X10 Comfortable Casual Shoes - Sky Blue,EGP 589.00,EGP 599.00,2%,,,4.7 out of 5(18)
fashion,Testa Toro T20 Casual Sneaker - Basic Comfortable Design With Bold Colors,EGP 460.00,EGP 509.00,10%,,,4.2 out of 5(26)
fashion,Fashion Leather Flat Sneakers For Men - White,EGP 449.00,EGP 679.00,34%,,,3.7 out of 5(31)
fashion,ADIDAS VL Court Base Shoes,"EGP 2,455.00","EGP 4,199.00",42%,,,5 out of 5(4)
fashion,Bracelets Faux Pearl Decor Necklace,EGP 49.00,EGP 150.00,67%,,,3.7 out of 5(57)
fashion,LC Waikiki Lace-Up Men's Sneakers..,EGP 769.00,EGP 899.00,14%,,,5 out of 5(2)
fashion,ADIDAS IDAS Men Grand Court 2.0 Shoes -White,"EGP 5,999.00",,0%,,,4.9 out of 5(8)
fashion,Desert Sportive Lace-Up Sneakers For Men - White,EGP 389.00,EGP 789.00,51%,,,3.9 out of 5(119)
fashion,LC Waikiki Crew Neck Boy's Sweatshirt.,EGP 339.00,EGP 349.00,3%,,,4 out of 5(3)
fashion,LC Waikiki Hooded Girl's Zippered Sweatshirt,EGP 439.00,EGP 499.00,12%,,,
fashion,Caesar Milton boys' winter hoodie with prints on the chest and back,EGP 276.00,EGP 720.00,62%,,,
fashion,Starter Street Casual Lifestyle Sneaker - White,"EGP 1,590.00",,0%,,,4.5 out of 5(12)
fashion,Hoodie Sweatshirt Printed For Kids,EGP 285.00,EGP 349.00,18%,,,4 out of 5(4)
fashion,Desert Men's Classic Minimal Lace-Up Sneakers,EGP 498.00,EGP 649.00,23%,,,4.3 out of 5(3)
fashion,Bracelets Women's Trendy Bracelet Necklace,EGP 79.00,EGP 119.00,34%,,,4.2 out of 5(6)
fashion,"Bracelets 4Pcs Necklace, Earring, Bracelets And Ring White And Gold",EGP 129.00,EGP 219.00,41%,,,4.2 out of 5(21)
fashion,LC Waikiki Hooded Girl's Sweatshirt,EGP 419.00 - EGP 489.00,EGP 499.00,16%,,,
fashion,Testa Toro X13 Luxury Shoe - Crafted with Formula Leather and Double-faced Tanned Leather,EGP 608.00,,0%,,,3.8 out of 5(28)
fashion,Caesar Girls' hoodie with hood and printsdoll on the back and chest,EGP 276.00,EGP 850.00,68%,,,
fashion,ADIDAS Duramo RC2 Running Shoes - BLUFUS/BETSCA/DKBLUE,"EGP 1,987.00","EGP 3,399.00",42%,,,
fashion,Sportive Knit Sneakers – Stylish Printed Design,EGP 369.00,EGP 769.00,52%,,,3.7 out of 5(11)
fashion,Nike Precision Vii Mens Footwear,"EGP 7,846.00","EGP 8,149.00",4%,,,4.6 out of 5(29)
fashion,Hoodie Sweatshirt Printed For Kids,EGP 285.00,EGP 349.00,18%,,,5 out of 5(1)
fashion,Defacto Boy Regular Fit Hooded Sweatshirt,EGP 399.00,EGP 599.00,33%,,,
fashion,Desert Sportive Sock Sneakers For Active Lifestyles - Basic Design.,EGP 259.00,EGP 679.00,62%,,,4 out of 5(10)
fashion,Desert Sportive Lace-up Sneakers For Men,EGP 389.00,EGP 789.00,51%,,,5 out of 5(1)
fashion,Caesar Milton boys' winter hoodie with prints on the chest and back,EGP 276.00,EGP 720.00,62%,,,5 out of 5(2)
fashion,Testa Toro Q4 Luxury Casual Shoe for Everyday Wear,EGP 712.00,,0%,,,4.4 out of 5(14)
fashion,Defacto Boy Printed Hooded Sweatshirt,EGP 823.00,"EGP 1,499.00",45%,,,
fashion,ADIDAS VL Court 3.0 Shoes,"EGP 3,215.00 - EGP 5,499.00","EGP 5,499.00",42%,,,5 out of 5(1)
fashion,Desert Men's Sportive Knit Sneakers – Stylish Printed Design,EGP 439.00,EGP 899.00,51%,,,3.5 out of 5(2)
fashion,Desert Men's Fashion Leather Flat Sneakers – Basic Design,EGP 449.00,EGP 679.00,34%,,,4.1 out of 5(8)
fashion,Reebok Glide Sneakers - Black,"EGP 7,320.00 - EGP 8,609.00","EGP 8,609.00",15%,,,4.5 out of 5(6)
fashion,Sweatshirt Printed For Kids-rounded Neck,EGP 319.00,,0%,,,5 out of 5(1)
fashion,Defacto Boy Oversize Fit Crew Neck Printed Sweatshirt,EGP 549.00,"EGP 1,299.00",58%,,,
fashion,SHEIN Simple Four-prong Setting Stud Earrings for Women,EGP 183.00,EGP 549.00,67%,,,3.3 out of 5(33)
fashion,"Testa Toro M2 Men’s Retro Lock Sneaker – Ventilated Synthetic Upper, Cushioned Comfort, Low Profile Design",EGP 668.00,EGP 699.00,4%,,,5 out of 5(1)
fashion,Desert Men's Sportive Knit Sneakers – Stylish Printed Design,EGP 439.00,EGP 899.00,51%,,,4.3 out of 5(3)
fashion,"Testa Toro X7 Essential shoe padded with foam, crafted from leather and microfiber fabric, featuring a foam insole for heel support",EGP 458.00,EGP 459.00,1%,,,5 out of 5(4)
fashion,Vinitto Textile Grey Sneakers With Rubber Sole,EGP 319.00,EGP 690.00,54%,,,3.7 out of 5(15)
fashion,Testa Toro X12 Luxury Shoe - Minimalist Design for Everyday Wear,EGP 608.00,,0%,,,4.2 out of 5(14)
fashion,Bracelets Belly Anklet With Stars For Woman,EGP 119.00,EGP 210.00,43%,,,3.9 out of 5(40)
fashion,Caesar Milton boys' winter hoodie with prints on the chest and back,EGP 276.00,EGP 720.00,62%,,,4.3 out of 5(3)
fashion,Bracelets Necklace One Layer Stars For Woman,EGP 49.00,EGP 149.00,67%,,,3.9 out of 5(53)
fashion,Starter PastForward-2 Men's Sneaker - White,"EGP 1,590.00",,0%,,,4.1 out of 5(10)
fashion,LC Waikiki Lace-Up Men's Sneakers,EGP 819.00,EGP 999.00,18%,,,5 out of 5(2)
fashion,Andora Comfortable Fit Girls Hoodie - Fuchsia,EGP 275.00,EGP 450.00,39%,,,4.3 out of 5(18)
fashion,Testa Toro M3 Men's Premium Suede Sneakers – Classic & Comfortable Everyday Shoe,EGP 608.00,EGP 649.00,6%,,,
fashion,"Testa Toro Q3 Classic Neutral-design Shoe Built For Comfort, Made With Mixed Materials",EGP 619.00,,0%,,,4.6 out of 5(9)
fashion,Sweatshirt for girls melton cotton 100% padded for winter.,EGP 578.00,EGP 900.00,36%,,,
fashion,Caesar Milton girls' winter hoodie with prints on the chest and back,EGP 368.00,EGP 720.00,49%,,,
fashion,LC Waikiki Crew Neck Batman Printed Boy's Sweatshirt.,EGP 439.00 - EGP 489.00,EGP 499.00,12%,,,5 out of 5(2)
fashion,LC Waikiki Crew Neck Girl's Sweatshirt,EGP 419.00,EGP 499.00,16%,,,5 out of 5(2)
fashion,Vinitto Men's Black Knit Slip-On Sock Sneaker,EGP 419.00,EGP 750.00,44%,,,4 out of 5(1)
fashion,Andora Comfortable Fit Girls Hoodie - Olive,EGP 275.00,EGP 450.00,39%,,,4.9 out of 5(9)
fashion,Defacto Boy Regular Fit Hooded Sweatshirt,EGP 399.00,EGP 599.00,33%,,,
fashion,LC Waikiki Crew Neck Boy's Sweatshirt.,EGP 379.00,EGP 449.00,16%,,,
fashion,Testa Toro X7 Essential Shoe - Comfortable Foam Padded Footwear,EGP 458.00,EGP 459.00,1%,,,3.9 out of 5(14)
fashion,Starter Cloud Z Men Sneakers - Black,"EGP 1,190.00",,0%,,,4.3 out of 5(24)
fashion,Desert Sportive Canvas Sock Sneakers For Active Lifestyles,EGP 449.00,EGP 559.00,20%,,,4.2 out of 5(9)
fashion,Bracelets Necklace One Layer With World Shape,EGP 39.00,EGP 210.00,81%,,,3.6 out of 5(79)
fashion,Desert Sportive Sock Sneakers for Active Lifestyles - Basic Design,EGP 449.00,EGP 679.00,34%,,,4.8 out of 5(4)
fashion,Starter Cloud Z Men Sneakers - Navy,"EGP 1,190.00",,0%,,,3.8 out of 5(12)
fashion,Women Long Tassel Earrings For Wedding Party,EGP 95.00,EGP 972.72,90%,,,3.6 out of 5(5)
fashion,LC Waikiki Hooded Girl's Sweatshirt,EGP 419.00,EGP 499.00,16%,,,5 out of 5(1)
fashion,Elegant Necklace for Women,EGP 29.00,EGP 80.00,64%,,,4.2 out of 5(89)
fashion,Starter MEN Everyday Comfort-1 Walking Shoes - Navy,"EGP 1,390.00",,0%,,,4.6 out of 5(28)
fashion,ADIDAS Cloudfoam Move Lounger Shoes,"EGP 2,221.00 - EGP 3,799.00","EGP 3,799.00",42%,,,5 out of 5(3)
fashion,Andora Comfortable Fit Girls Hoodie - Beige,EGP 275.00,EGP 450.00,39%,,,4.3 out of 5(10)
fashion,Hoodie Sweatshirt Printed For Kids-Melton,EGP 285.00,EGP 349.00,18%,,,5 out of 5(2)
fashion,Vinitto Stitched Bi-Tone Lace Up Sneakers - Beige & Black,EGP 889.00,"EGP 1,860.00",52%,,,4.1 out of 5(10)
fashion,Skechers Bobs Squad Waves Sneakers - Black Black,"EGP 5,769.00",,0%,,,4.9 out of 5(8)
fashion,SHEIN Rhinestone Decor Cherry Design Stud Earrings,EGP 183.00,EGP 341.00,46%,,,4.5 out of 5(18)
fashion,Vinitto Matte Black Leather Lace Up Sneakers,EGP 799.00 - EGP 889.00,"EGP 1,740.00",54%,,,3.5 out of 5(11)
fashion,Desert Sportive Lace-Up Sneakers For Men - Navy Blue,EGP 389.00,EGP 789.00,51%,,,4 out of 5(59)
fashion,LC Waikiki Crew Neck Girl's Sweatshirt 2 Pack,EGP 809.00,EGP 899.00,10%,,,3.8 out of 5(4)
fashion,ADIDAS VL Court 3.0 Shoes,"EGP 3,215.00","EGP 5,499.00",42%,,,5 out of 5(1)
fashion,Bracelets Beige Faux Pearl Necklace Choker for Women,EGP 49.00,EGP 99.00,51%,,,3.4 out of 5(14)
fashion,"Affectionate Hug Necklace, Couples for Him and Her on Valentine's Day, Fashion Unisex Hug Chain for Couple Stainless Steel, Hug Necklace,",EGP 179.99,EGP 250.00,28%,,,5 out of 5(1)
fashion,Caesar Milton girls' winter hoodie with prints on the chest and back,EGP 368.00,EGP 720.00,49%,,,5 out of 5(1)
fashion,SHEIN 4pcs Rhinestone Decor Bracelet Gold,EGP 249.00,"EGP 1,286.00",81%,,,4.1 out of 5(21)
fashion,ADIDAS ADIDAS Men Vl Court 3.0 Shoes -Black,"EGP 3,132.00 - EGP 3,215.00","EGP 5,499.00",43%,,,4.5 out of 5(12)
fashion,"Testa Toro Q3 A Classic Neutral-design Shoe Built For Comfort, Made With Mixed Materials",EGP 619.00,EGP 639.00,3%,,,4.2 out of 5(18)
fashion,"Sada Shoes, Lycra Materials, Black",EGP 229.00 - EGP 249.00,,0%,,,4.4 out of 5(16)
fashion,"SHEIN Jewelry Set Including 1pc Stainless Steel Square-shaped Cubic Zirconia Necklace, 1pair Earrings And 1pc Ring",EGP 249.00,EGP 733.00,66%,,,3.6 out of 5(16)
fashion,Testa Toro X4 Stylish And Modern Shoe for Everyday Use,EGP 482.00,EGP 559.00,14%,,,3.3 out of 5(19)
fashion,Testa Toro Q4 Luxury Casual Shoe for Everyday Wear,EGP 712.00,,0%,,,4.2 out of 5(14)
fashion,Starter Cloud Z Men Sneakers - Grey,"EGP 1,190.00",,0%,,,4 out of 5(12)
fashion,Bracelets 2Pcs Bracelet Set for Women,EGP 49.00,EGP 99.00,51%,,,4 out of 5(4)
fashion,Hoodie Sweatshirt Printed For Kids,EGP 285.00,EGP 349.00,18%,,,5 out of 5(1)
fashion,Activ Plain Lace Up Platform White Sneakers,EGP 849.00,"EGP 3,999.00",79%,,,5 out of 5(3)
fashion,Bracelets 2Pcs Simple Beaded Ring - Affordable Fashion Jewelry Set,EGP 39.00,EGP 99.00,61%,,,3.3 out of 5(20)
fashion,Desert Sportive Sock Sneakers for Active Lifestyles - Basic Design,EGP 482.00,EGP 629.00,23%,,,3.4 out of 5(5)
fashion,"Testa Toro X1 Casual Sneaker For Everyday Wear, Made From Leather With Premium Suede Accents",EGP 506.00,EGP 599.00,16%,,,3.8 out of 5(17)
fashion,Skechers Bobs B Flex Sneakers - Multi Color,"EGP 6,482.00","EGP 7,619.00",15%,,,5 out of 5(2)
fashion,Starter PastForward-2 Men's Sneaker - Black,"EGP 1,590.00",,0%,,,4.8 out of 5(11)
fashion,Defacto Girl Oversize Fit Crew Neck Printed Sweatshirt,EGP 399.00,EGP 799.00,50%,,,5 out of 5(4)
fashion,Testa Toro M1 Men’s Suede Sneaker with Memory Foam – Lightweight & Stylish Everyday Shoe,EGP 608.00,EGP 649.00,6%,,,3 out of 5(1)
fashion,Minimalist Lace-up Black Flat Sneakers,EGP 498.00,EGP 679.00,27%,,,4.3 out of 5(7)
fashion,Vinitto Medical Leather Comfy Sneakers - White,EGP 789.00,"EGP 1,740.00",55%,,,3.9 out of 5(7)
fashion,Caesar Unisex Hoodie with Zipper - Dark Green,EGP 314.00,EGP 520.00,40%,,,4.2 out of 5(32)
fashion,Hoodie Sweatshirt Printed For Kids-Melton,EGP 285.00,EGP 349.00,18%,,,5 out of 5(4)
fashion,Testa Toro Q1 Luxury Casual Shoe – Fresh Design Concept,EGP 712.00,EGP 850.00,16%,,,3.7 out of 5(16)
fashion,Testa Toro X8 Basic Sneaker for All-Day Wear - Padded with Cloud Foam Technology,EGP 460.00,EGP 599.00,23%,,,4 out of 5(26)
fashion,Vinitto Lace Up Comfy Textile Sneakers - Black,EGP 789.00,"EGP 1,380.00",43%,,,5 out of 5(2)
fashion,Defacto Girl Relax Fit Crew Neck Basic School Sweatshirt,EGP 299.00,EGP 599.00,50%,,,4 out of 5(1)
fashion,ZR ZR Active Pulse Men Sneakers - Grey,"EGP 1,190.00",,0%,,,3.6 out of 5(16)
fashion,Testa Toro M1 Men’s Suede Sneaker with Memory Foam – Lightweight & Stylish Everyday Shoe,EGP 608.00,EGP 679.00,10%,,,5 out of 5(1)
fashion,Defacto Boy Regular Fit Crew Neck Sweatshirt,EGP 805.00 - EGP 823.00,EGP 999.00,19%,,,
fashion,Andora Kangaroo Pockets Fleeced Boys Hoodie - Navy Blue,EGP 349.00,EGP 525.00,34%,,,5 out of 5(1)
fashion,Activ Plain Lace Up Platform Grey Sneakers,EGP 849.00,"EGP 3,999.00",79%,,,5 out of 5(1)
fashion,Defacto Girls Disney Mickey & Minnie Oversize Fit Crew Neck Sweatshirt,EGP 823.00,EGP 999.00,18%,,,
fashion,Minimalist Lace-up Black Flat Sneakers,EGP 498.00,EGP 679.00,27%,,,3.9 out of 5(14)
fashion,Testa Toro X6 Minimalist Sneaker - Clean Design for Everyday Wear,EGP 424.00,EGP 479.00,11%,,,3.8 out of 5(19)
fashion,LC Waikiki Lace-Up Men's Sneakers,EGP 849.00,EGP 999.00,15%,,,5 out of 5(2)
fashion,LC Waikiki Lace-Up Men's Sneakers,EGP 819.00,EGP 999.00,18%,,,4.5 out of 5(2)
fashion,LC Waikiki Lace-Up Men's Sneakers,EGP 879.00,"EGP 1,099.00",20%,,,4.5 out of 5(4)
fashion,Testa Toro Q1 Luxury Casual Shoe - Fresh Design Concept,EGP 712.00,EGP 850.00,16%,,,3.5 out of 5(31)
fashion,Caesar Unisex Hoodie with Zipper,EGP 314.00,EGP 520.00,40%,,,4.3 out of 5(57)
fashion,Defacto Girls Oversize Fit Crew Neck Printed Sweatshirt,EGP 823.00,EGP 999.00,18%,,,5 out of 5(1)
fashion,Andora Comfortable Fit Girls Hoodie - Black,EGP 275.00,EGP 450.00,39%,,,4.8 out of 5(6)
fashion,Testa Toro X7 Essential Shoe - Padded Foam for Ultimate Comfort,EGP 458.00,EGP 459.00,1%,,,4.1 out of 5(10)
fashion,Sweatshirt Printed For Kids-rounded Neck,EGP 319.00,,0%,,,5 out of 5(3)
fashion,ADIDAS Grand Court TD Lifestyle Court Casual Shoes,"EGP 2,923.00","EGP 4,999.00",42%,,,5 out of 5(1)
fashion,LC Waikiki Comfortable Crew Neck Sonic Printed Boy's Sweatshirt,EGP 349.00,EGP 799.00,56%,,,4.9 out of 5(19)
fashion,ADIDAS IDAS Men Crazychaos 2000 Shoes -Black,"EGP 3,800.00 - EGP 6,499.00","EGP 6,499.00",42%,,,5 out of 5(8)
fashion,Bracelets 3Pcs Anklet Women's Loly - Handmade Jewelry Set,EGP 69.00,EGP 119.00,42%,,,5 out of 5(7)
fashion,ZR ZR Active Pulse Men Sneakers - Black,"EGP 1,190.00",,0%,,,4 out of 5(24)
fashion,Testa Toro X13 Luxury Shoe - Crafted with Formula Leather and Double-faced Tanned Leather,EGP 608.00,,0%,,,4.1 out of 5(29)
fashion,ADIDAS Breaknet Lifestyle Court Lace Shoes,"EGP 2,999.00",,0%,,,5 out of 5(3)
fashion,ADIDAS Questar 3 Running Shoes,"EGP 3,800.00","EGP 6,499.00",42%,,,5 out of 5(3)
fashion,Caesar Milton girls' winter hoodie with prints on the chest and back,EGP 368.00,EGP 720.00,49%,,,
fashion,Plated Stainless Steel Chain Necklace - golden color,EGP 39.00,EGP 100.00,61%,,,5 out of 5(3)
fashion,Testa Toro X12 Luxury Shoe - Minimalist Design for Everyday Wear,EGP 608.00,,0%,,,4.5 out of 5(14)
fashion,Ring Sizing Tool For Loose Rings - 4 Different Sizes.,EGP 47.99,EGP 99.00,52%,,,4.5 out of 5(34)
fashion,"Testa Toro X1 Casual Sneaker for Everyday Wear, Made from Leather with Premium Suede Accents",EGP 506.00,EGP 599.00,16%,,,4.8 out of 5(4)
fashion,Of Louly - Multi Roles,EGP 306.00,EGP 420.00,27%,,,4.4 out of 5(54)
fashion,Desert Men's Fashion Leather Flat Sneakers With Bold Side Color Design,EGP 449.00,EGP 589.00,24%,,,3.3 out of 5(4)
fashion,LC Waikiki File Detailed Men's Sneaker,EGP 719.00,EGP 799.00,10%,,,1 out of 5(1)
fashion,ARHANORY Women Bracelet Vintage Pearl Heart Chains Classic - Gold,EGP 78.97,EGP 171.19,54%,,,3.8 out of 5(12)
fashion,Hoodie Sweatshirt Printed For Kids-Melton,EGP 349.00,,0%,,,5 out of 5(2)
fashion,Caesar Boys' hoodie with zipper and front pockets,EGP 257.00,EGP 520.00,51%,,,
fashion,Defacto Girls Relax Fit Crew Neck Striped Sweatshirt,EGP 823.00,EGP 999.00,18%,,,
fashion,Skechers Bobs B Flex Sneakers - Dark Gray,"EGP 6,482.00 - EGP 6,924.00","EGP 7,619.00",15%,,,5 out of 5(4)
fashion,Testa Toro X10 Comfortable Casual Shoes with Moderate Sole,EGP 589.00,EGP 599.00,2%,,,4 out of 5(24)
fashion,Silver Necklace for Unique Style,EGP 29.00,EGP 60.00,52%,,,3.4 out of 5(40)
fashion,Starter Axion X Men Sneaker - White/Grey,"EGP 1,990.00",,0%,,,4.3 out of 5(4)
fashion,Starter Zephair Lifestyle Men Sneaker - White,"EGP 1,272.00","EGP 1,590.00",20%,,,4.1 out of 5(49)
fashion,Desert Two Tone Sportive Sock Sneakers for Active Lifestyles,EGP 449.00,EGP 559.00,20%,,,4.7 out of 5(11)
fashion,Testa Toro Q4 Luxury Casual Shoe for Everyday Wear,EGP 712.00,,0%,,,4.7 out of 5(6)
fashion,Lace Up Sneakers - White,EGP 400.00,EGP 500.00,20%,,,4.2 out of 5(57)
fashion,Vinitto White & Black Slip On Sneakers,EGP 219.00 - EGP 259.00,EGP 570.00,62%,,,3.1 out of 5(9)
fashion,LC Waikiki Hooded Girl's Sweatshirt,EGP 449.00,EGP 499.00,10%,,,5 out of 5(1)
fashion,Caesar Milton boys' winter hoodie with prints on the chest and back,EGP 276.00,EGP 720.00,62%,,,4 out of 5(1)
fashion,family christmas pyjama kids molleton inner mounted raw,EGP 552.50,EGP 690.00,20%,,,
fashion,Caesar Milton boys' winter hoodie with prints on the chest and back,EGP 276.00,EGP 720.00,62%,,,4 out of 5(1)
fashion,"Testa Toro X3 Leather Sneaker Made From Treated, Stain-Resistant Material, Padded Interior, And Foam Insole For Heel Support",EGP 419.00,EGP 439.00,5%,,,3.6 out of 5(18)
fashion,Blue Bird Rubber Sole Leather Sneakers - White & Baby Blue,EGP 419.00,"EGP 1,000.00",58%,,,5 out of 5(1)
fashion,LC Waikiki Crew Neck Long Sleeve Girl Sweatshirts,EGP 439.00,EGP 449.00,2%,,,5 out of 5(1)
fashion,NOW SHOES Men’s Running Shoes pr24  Lightweight and Comfortable for Running & Walking  Modern Design,EGP 499.00,EGP 659.00,24%,,,1 out of 5(1)
fashion,ADIDAS Run 60s 4.0 Shoes,"EGP 2,923.00 - EGP 4,999.00","EGP 4,999.00",42%,,,
fashion,Bracelets 2 Pcs Snake Earrings And Necklaces,EGP 49.00,EGP 119.00,59%,,,4.2 out of 5(13)
fashion,Sportive Knit Sneakers – Stylish Printed Design,EGP 409.00,EGP 829.00,51%,,,3.9 out of 5(8)
fashion,"Vinitto Rubber Sole Comfy Sneakers - Coffee, Off White & Black",EGP 498.00,"EGP 1,460.00",66%,,,4 out of 5(3)
fashion,Andora Comfortable Fit Girls Hoodie - Rose,EGP 275.00,EGP 450.00,39%,,,4.3 out of 5(18)
fashion,Caesar Boys' hoodie with hood and prints on the back and chest,EGP 276.00,EGP 850.00,68%,,,
fashion,Defacto Regular Fit Crew Neck Sweatshirt,EGP 249.00,EGP 499.00,50%,,,4.5 out of 5(2)
fashion,ADIDAS VL Court 3.0 Shoes,"EGP 3,215.00","EGP 5,499.00",42%,,,5 out of 5(1)
fashion,Caesar Milton girls' winter hoodie with prints on the chest and back,EGP 368.00,EGP 720.00,49%,,,
fashion,Skechers Summits Sneakers - Black,"EGP 3,527.00","EGP 5,899.00",40%,,,4 out of 5(2)
fashion,Skechers Bobs Squad Waves Sneakers - Olive,"EGP 6,751.00 - EGP 7,211.00","EGP 7,939.00",15%,,,5 out of 5(3)
fashion,Andora Kangaroo Pockets Fleeced Boys Hoodie - Dark Grey,EGP 349.00,EGP 525.00,34%,,,3.8 out of 5(5)
fashion,"Bracelets 3Pcs Necklace, Earring, Bracelets - Stylish Women's Jewelry Set",EGP 69.00,EGP 169.00,59%,,,4.8 out of 5(5)
fashion,ZR ZR Active Pulse Men Sneakers - Navy,"EGP 1,190.00",,0%,,,4 out of 5(19)
fashion,Skechers Skech-Air Dynamight 2.0 Sneakers - Charcoal Yellow,"EGP 7,067.00","EGP 8,309.00",15%,,,4 out of 5(8)
fashion,Skechers Summits Sneakers - Navy Gray,"EGP 3,527.00 - EGP 5,899.00","EGP 5,899.00",40%,,,5 out of 5(6)
fashion,LC Waikiki Lace-Up Men's Sneakers,EGP 869.00,EGP 999.00,13%,,,5 out of 5(2)
fashion,3Diamonds Luxury Gold-Plated Bracelet & Ring Set with Wave Design and Sparkling Zircon Stones,EGP 555.05,EGP 816.00,32%,,,
fashion,SHEIN Flower Design Stud Earrings - JEX-6517,EGP 119.99,EGP 299.99,60%,,,4.3 out of 5(35)
fashion,Bracelets Women's Silver Color Anklet - Handmade Jewelry,EGP 47.00,EGP 99.00,53%,,,3.7 out of 5(30)
fashion,"Testa Toro Q2 A Walking And Everyday Shoe Made With Mixed Materials, Featuring A Balanced Design And An Elevated Sole",EGP 609.00,EGP 699.00,13%,,,4.7 out of 5(9)
fashion,Vinitto Textile Lace Up Sneakers - Black,EGP 889.00,"EGP 1,740.00",49%,,,3 out of 5(4)
fashion,Desert Men's Sportive Knit Sneakers – Stylish Printed Design,EGP 339.00,EGP 699.00,52%,,,
fashion,3Diamonds Exclusive Floral Design Gold-Plated Bracelet & Ring Set with Sparkling Zircon – Women’s Luxury Jewelry,EGP 474.30,EGP 698.00,32%,,,
fashion,Skechers Bobs Infinity Sneakers - Dark Gray,"EGP 7,067.00","EGP 8,309.00",15%,,,4.7 out of 5(3)
fashion,"3Diamonds 18K Gold Plated Women’s Butterfly Ring – Dual Band Design with Zircon Stones, Elegant and Feminine Look, Luxury Gift Box",EGP 119.00,EGP 200.00,41%,,,
fashion,ADIDAS Adilette Aqua Slides,"EGP 1,052.00","EGP 1,799.00",42%,,,
fashion,Caesar Boys' hoodie with zipper and front pockets,EGP 257.00,EGP 520.00,51%,,,
fashion,Starter Viva Women Sneaker - Beige,"EGP 1,272.00","EGP 1,590.00",20%,,,4.5 out of 5(2)
fashion,ADIDAS IDAS Cloudfoam Go Shoes,"EGP 6,499.00",,0%,,,5 out of 5(5)
fashion,Hoodie Sweatshirt Printed For Kids,EGP 285.00,EGP 349.00,18%,,,5 out of 5(1)
fashion,Andora Boys Hooded Long Sleeves Plain Side Pockets Sweatshirt - Black,EGP 399.00,EGP 599.00,33%,,,4.8 out of 5(4)
fashion,Skechers Summits Sneakers - Gray Black,"EGP 3,473.00","EGP 5,899.00",41%,,,5 out of 5(5)
fashion,Desert Sportive Lace-Up Sneakers For Men - Black,EGP 389.00,EGP 789.00,51%,,,3.7 out of 5(133)
fashion,Pearl Necklace 2 Round For Woman,EGP 79.00,EGP 110.00,28%,,,4.5 out of 5(21)
fashion,Bracelets Thigh Anklet 5 Layers,EGP 69.00,EGP 210.00,67%,,,3.7 out of 5(62)
fashion,Caesar Milton boys' winter hoodie with prints on the chest and back,EGP 276.00,EGP 720.00,62%,,,
fashion,LC Waikiki Hooded Printed Boy's Sweatshirt,EGP 449.00,,0%,,,
fashion,"Stainless Steel  Ring, Free Size, With A Distinctive Shine, Resistant To Discoloration",EGP 103.00,,0%,,,5 out of 5(1)
fashion,Activ Lace-Up Mesh Navy Blue with Touch of Gold Sneakers,"EGP 1,399.00","EGP 2,999.00",53%,,,5 out of 5(3)
fashion,Lace Up Sneakers - Stylish Footwear for Everyday Wear,EGP 210.00,EGP 380.00,45%,,,3.7 out of 5(19)
fashion,Desert Sportive Knit Sneakers – Stylish Printed Design,EGP 528.00,EGP 666.00 - EGP 699.00,24%,,,5 out of 5(3)
fashion,One Hijab Veil Pin,EGP 99.00,EGP 150.00,34%,,,4 out of 5(21)
fashion,Skechers Summits - Forrader Sports Footwear - Navy Lime,"EGP 2,985.00","EGP 5,439.00",45%,,,5 out of 5(1)
fashion,Activ Navy Blue With Red Stitched Details Lace Up Sneakers,"EGP 1,645.00","EGP 2,999.00",45%,,,3 out of 5(2)
fashion,ADIDAS HP6011 VS Pace 2.0 Shoes,"EGP 4,199.00",,0%,,,3 out of 5(1)
fashion,Sportive Knit Sneakers – Stylish Printed Design,EGP 369.00,EGP 769.00,52%,,,4.3 out of 5(12)
fashion,Vinitto Navy Blue Textile Sneakers With Grey Sole,EGP 284.00,EGP 570.00,50%,,,4.1 out of 5(14)
fashion,Skechers Bobs B Flex Sneakers - Gray,"EGP 6,634.00","EGP 7,799.00",15%,,,4.2 out of 5(5)
fashion,Vinitto Slip On Comfy Sneakers With Leather Accent - Dark Grey,EGP 359.00 - EGP 419.00,EGP 750.00,52%,,,3.9 out of 5(14)
fashion,Nike Revolution 7 Mens Footwear,"EGP 6,795.00","EGP 7,479.00",9%,,,4.9 out of 5(14)
fashion,Caesar Boys' hoodie with hood and prints on the back and chest,EGP 276.00,EGP 850.00,68%,,,
fashion,Hoodie Sweatshirt Printed For Kids,EGP 285.00,EGP 349.00,18%,,,5 out of 5(1)
fashion,Starter ActiveFusion Men Sneakers - Brown,"EGP 1,695.00",,0%,,,4.6 out of 5(9)
fashion,Desert Men's Light-Weight Tricout Slip-On Walking Shoes,EGP 479.00,EGP 989.00,52%,,,3.7 out of 5(3)
fashion,Hoodie Sweatshirt Printed For Kids,EGP 349.00,,0%,,,3 out of 5(1)
fashion,Starter Etheron Men's Sneaker - Black,"EGP 1,590.00",,0%,,,5 out of 5(1)
fashion,"3Diamonds 18K Gold Plated Women’s Ring – Elegant Triple Circle Design with Zircon Stones, Symbol of Unity and Love, Exclusive Limited Edition",EGP 119.00,EGP 200.00,41%,,,
fashion,Caesar Boys' hoodie with zipper and front pockets,EGP 257.00,EGP 520.00,51%,,,
fashion,White Sweatshirt - Men's Long-Sleeve T-shirt - Casual Sweatshirt - Crewneck - Baseball T-shirt - Winter Sweatshirt,EGP 290.00 - EGP 295.00,EGP 520.00,44%,,,
fashion,20-pack multi-colored scarf pins,EGP 79.00,EGP 300.00,74%,,,3 out of 5(1)
fashion,Desert Men's Fashion Leather Flat Sneakers with Bold Side Color Design,EGP 449.00,EGP 589.00,24%,,,4.6 out of 5(16)
fashion,Bracelets Faux Pearl Decor Bracelet for Women – Stylish Daily Wear Jewelry,EGP 49.00,EGP 89.00,45%,,,4.8 out of 5(4)
fashion,Skechers Go Walk Max Sneakers - Navy,"EGP 7,067.00 - EGP 7,549.00","EGP 8,309.00",15%,,,5 out of 5(2)
fashion,Reebok Court Retro Sneakers - White,"EGP 5,549.00 - EGP 6,519.00","EGP 6,519.00",15%,,,5 out of 5(4)
fashion,Testa Toro X4 Stylish And Modern Shoe for Everyday Use,EGP 482.00,EGP 559.00,14%,,,3.6 out of 5(37)
fashion,Defacto Girls Striped Crew Neck Sweatshirt,EGP 823.00,EGP 999.00,18%,,,
fashion,Testa Toro T24 Comfortable Casual Shoes with Elevated Sole For Everyday Wear,EGP 609.00,EGP 680.00,10%,,,4.2 out of 5(31)
fashion,Puma Skyrocket Lite Black-Black-PUM Sneakers,"EGP 2,999.00","EGP 6,800.00",56%,,,4 out of 5(1)
fashion,Bracelets Faux Pearl Decor Necklace - Elegant White Jewelry,EGP 69.00,EGP 150.00,54%,,,3.8 out of 5(45)
fashion,Fayruz Jewelry Ayatul Kursi Bracelets for Men Women Men Women Stainless Steel Open Slap Bracelet Muslim Eid Mubarak Ramadan Gift,EGP 210.00,,0%,,,4.5 out of 5(2)
fashion,Vinitto Rubber Sole Slip On Sneakers with support pillow - Navy,EGP 419.00,EGP 750.00,44%,,,3 out of 5(4)
fashion,Vinitto Rubber Sole Textile & Leather Sneakers - Navy Blue,EGP 359.00 - EGP 419.00,EGP 750.00,52%,,,4.1 out of 5(13)
fashion,Bracelets Pearl Bracelet and Necklace Set for Women & Girls,EGP 39.00,EGP 99.00,61%,,,4.1 out of 5(14)
fashion,fluffy women accessories Gold Flower Design Earrings,EGP 84.00,EGP 120.00,30%,,,5 out of 5(3)
fashion,ADIDAS IDAS X_PLR Path Shoes,"EGP 4,999.00",,0%,,,4.2 out of 5(6)
fashion,Testa Toro X2 Essential Sneaker with Simple Design,EGP 419.00,EGP 439.00,5%,,,3.5 out of 5(20)
fashion,A Beautiful Necklace of Woman - Coral Beads,EGP 229.50,EGP 250.00,8%,,,4.1 out of 5(15)
fashion,Testa Toro Q3 Classic Neutral-design Shoe - Comfortable and Durable Fashion Footwear,EGP 619.00,EGP 639.00,3%,,,3.3 out of 5(8)
fashion,Bracelets Off-White Bracelets Necklace for Women & Girls,EGP 69.00,EGP 119.00,42%,,,3.8 out of 5(5)
fashion,Desert Men's Stylish Casual Lace-up Leather Sneakers,EGP 419.00,EGP 859.00,51%,,,
fashion,Hoodie Sweatshirt Printed For Kids,"EGP 349.00 - EGP 8,349.00",,0%,,,1 out of 5(1)
fashion,Skechers Track-Ripkent Sneakers - Light Gray,"EGP 6,634.00","EGP 7,799.00",15%,,,4.8 out of 5(9)
fashion,Desert Sportive Sock Sneakers for Active Lifestyles - Basic Design,EGP 482.00,EGP 629.00,23%,,,3 out of 5(3)
fashion,Skechers Summits Sneakers - Taupe Olive,"EGP 6,903.00","EGP 8,119.00",15%,,,1 out of 5(1)
fashion,Layered Red Bead Bracelet with Pendants,EGP 150.00,,0%,,,4.4 out of 5(67)
fashion,ADIDAS Barreda Shoes,"EGP 3,215.00","EGP 5,499.00",42%,,,
fashion,SHEIN 4 Pieces Bohemian Geometric Hollow Gold Rings - Stylish Charm Jewelry Set,EGP 198.00,EGP 685.00,71%,,,1.8 out of 5(4)
fashion,Hoodie Sweatshirt Printed For Kids,EGP 285.00,EGP 349.00,18%,,,
fashion,Testa Toro M3 Men's Premium Suede Sneakers – Classic & Comfortable Everyday Shoe,EGP 608.00,EGP 649.00,6%,,,
fashion,Testa Toro X12 Luxury Shoe - Minimalist Design for Everyday Wear,EGP 608.00,,0%,,,3.7 out of 5(11)
fashion,Vinitto Bi-Tone Leather Olive & White Sneakers,EGP 498.00,"EGP 1,460.00",66%,,,4 out of 5(7)
fashion,Bracelets 1Pc Simple Beaded Ring – Elegant and Affordable Jewelry Gift,EGP 49.00,EGP 79.00,38%,,,3.9 out of 5(7)
fashion,"Testa Toro Q2 A Walking And Everyday Shoe Made With Mixed Materials, Featuring A Balanced Design And An Elevated Sole",EGP 609.00,EGP 699.00,13%,,,3.8 out of 5(21)
fashion,LC Waikiki Crew Neck Hello Kitty Printed Girl's Sweatshirt,EGP 539.00,EGP 699.00,23%,,,
fashion,3Diamonds Platinum & Rhodium Plated Silver Bracelet & Ring Set with Elegant Curved Floral Design – Luxury Anti-Tarnish Jewelry for Women,EGP 474.30,EGP 698.00,32%,,,
fashion,LC Waikiki Hooded Boy's Zip-Up Sweatshirt,EGP 599.00,,0%,,,
fashion,Vinitto Matte Navy Blue Leather Lace Up Sneakers,EGP 889.00,"EGP 1,740.00",49%,,,4.3 out of 5(4)
fashion,Nike Flex Experience Rn 12 Laced Shoes - White,"EGP 7,191.00","EGP 8,459.00",15%,,,4 out of 5(4)
fashion,Hoodie Sweatshirt Printed For Kids-Melton,EGP 285.00,EGP 349.00,18%,,,4.5 out of 5(2)
fashion,Caesar Unisex Hoodie with Zipper,EGP 314.00,EGP 520.00,40%,,,4.3 out of 5(42)
fashion,Lace Up Sneakers - Brown,EGP 499.00,EGP 725.00,31%,,,3.9 out of 5(54)
fashion,Starter LuxeComfort Men Walking Shoes - DrkGry,"EGP 1,390.00",,0%,,,4.6 out of 5(17)
fashion,Testa Toro M1 Men’s Suede Sneaker with Memory Foam – Lightweight & Stylish Everyday Shoe,EGP 608.00,EGP 679.00,10%,,,3 out of 5(1)
fashion,Testa Toro X13 Luxury Shoe - Crafted with Formula Leather and Double-faced Tanned Leather,EGP 608.00,,0%,,,4.1 out of 5(12)
fashion,"3Diamonds Gold-Plated Triple Row Ring – Marquise & Baguette Zircon, Adjustable Fit",EGP 170.00,EGP 345.00,51%,,,5 out of 5(1)
fashion,Desert Men's Light-Weight Tricout Slip-On Walking Shoes,EGP 479.00,EGP 989.00,52%,,,
fashion,Bracelets Set - 5 Pcs Multi-Colour for Women,EGP 79.00,EGP 210.00,62%,,,4.2 out of 5(68)
fashion,3Diamonds Scorpio Zodiac Sign Silver Ring – Platinum and Rhodium Plated Elegant Gift for Women Horoscope Jewelry,EGP 85.00,EGP 150.00,43%,,,
fashion,Testa Toro M1 Men’s Suede Sneaker with Memory Foam – Lightweight & Stylish Everyday Shoe,EGP 608.00,EGP 679.00,10%,,,5 out of 5(1)
fashion,18K Gold Plated Bamboo Bracelet 316L Stainless Steel Adjustable Charm Bracelets for Women Simple Thin Fashion Hook Suitable for All Occasions.,EGP 189.99,EGP 250.00,24%,,,
fashion,Desert Sportive Lace-up Sneakers For Men,EGP 389.00,EGP 789.00,51%,,,
fashion,Desert Basic Lace-up Leather Sneakers For Men - WHITE,EGP 369.00,EGP 769.00,52%,,,3.5 out of 5(57)
fashion,Vinitto Slip On Comfy Shoes - Beige,EGP 419.00,EGP 750.00,44%,,,5 out of 5(2)
fashion,Desert Sportive Canvas Lace-up Sneakers For Men,EGP 528.00,EGP 679.00,22%,,,3.6 out of 5(65)
fashion,Vinitto Slip On Comfy Shoes - Navy blue,EGP 359.00,EGP 630.00,43%,,,5 out of 5(1)
fashion,Hoodie Sweatshirt Printed For Kids,EGP 285.00,EGP 349.00,18%,,,4 out of 5(1)
fashion,Starter Axion X Men Sneaker - Navy,"EGP 1,990.00",,0%,,,4.5 out of 5(2)
fashion,Vinitto Textile Slip On Rubber Sole Sneakers - EVA Light Sole - Black,EGP 619.00 - EGP 689.00,"EGP 1,320.00",53%,,,5 out of 5(1)
fashion,"Necklace with Pendant: The Shape Of The Sky And Clouds, And Her Income Bird",EGP 49.99,EGP 110.00,55%,,,3.8 out of 5(64)
fashion,LC Waikiki Crew Neck Printed Long Sleeve Maternity Sweatshirt,EGP 289.00,"EGP 1,499.00",81%,,,
fashion,Activ Lace-Up Mesh Iron Grey Sneakers.,"EGP 1,399.00","EGP 2,999.00",53%,,,5 out of 5(1)
fashion,Testa Toro T24 Comfortable Casual Shoes with Elevated Sole for Everyday Wear,EGP 609.00,EGP 680.00,10%,,,3.7 out of 5(15)
fashion,Bracelets 1pc Beads Women's Neck Chain Kpop Pearl Choker Necklace,EGP 49.00,EGP 99.00,51%,,,3.3 out of 5(9)
fashion,Rose Gold Earrings for Women - Fashionable Accessories,EGP 29.90,EGP 100.00,70%,,,5 out of 5(1)
fashion,Slip-on Sneakers - Comfort And Style In One Step - Black,EGP 189.99,EGP 300.00,37%,,,4.1 out of 5(51)
fashion,Testa Toro M1 Men’s Suede Sneaker with Memory Foam – Lightweight & Stylish Everyday Shoe,EGP 608.00,EGP 679.00,10%,,,5 out of 5(2)
fashion,Free Size Gold Plated Stainless Steel Ring,EGP 99.00,EGP 200.00,51%,,,4.4 out of 5(7)
fashion,Testa Toro X12 Luxury Shoes - Minimalist Design for Everyday Wear,EGP 608.00,,0%,,,4.5 out of 5(13)
fashion,"Testa Toro M2 Men’s Retro Lock Sneaker – Ventilated Synthetic Upper, Cushioned Comfort, Low Profile Design",EGP 668.00,EGP 699.00,4%,,,5 out of 5(1)
fashion,LC Waikiki Crew Neck Floral Girl's Sweatshirt,EGP 349.00,,0%,,,
fashion,Bracelets Elegant Necklace for Women - White Color,EGP 69.00,EGP 199.00,65%,,,3.9 out of 5(17)
fashion,Vinitto Slip On Comfy Textile Sneakers - Grey,EGP 359.00,EGP 630.00,43%,,,5 out of 5(1)
fashion,Bracelets Thigh Anklet 4 Layers For Women,EGP 79.00,EGP 210.00,62%,,,3.6 out of 5(37)
fashion,Nike Court Vision Lo Be Laced Shoes - White,"EGP 8,273.00","EGP 9,109.00",9%,,,4 out of 5(10)
fashion,LC Waikiki Lace-Up Men's Sneakers,EGP 899.00,EGP 999.00,10%,,,1 out of 5(1)
fashion,Hoodie Sweatshirt Solid For Kids-Melton,EGP 280.00,,0%,,,4 out of 5(4)
fashion,Dark Blue Sport For Men,EGP 290.00,EGP 455.00,36%,,,3.9 out of 5(29)
fashion,Activ Sportive Lace-up Textile Sneakers - Black,"EGP 1,749.00","EGP 3,999.00",56%,,,5 out of 5(4)
fashion,Bracelets 2pcs/Set Elegant Faux Pearl Decor Bracelet For Women For Daily Decoration,EGP 69.00,EGP 119.00,42%,,,5 out of 5(1)
fashion,let Of White Louly - Multi Roles,EGP 127.50,EGP 150.00,15%,,,3.8 out of 5(5)
fashion,ADIDAS Kaptir Base Shoes,"EGP 2,923.00","EGP 4,999.00",42%,,,
fashion,"Testa Toro Q2 A Walking And Everyday Shoe Made With Mixed Materials, Featuring A Balanced Design And An Elevated Sole",EGP 609.00,EGP 699.00,13%,,,4.4 out of 5(16)
fashion,Activ Casual Trendy Fossil Grey with Touch of Yellow Sneakers,"EGP 1,749.00","EGP 3,499.00",50%,,,3.7 out of 5(3)
fashion,2-piece gold anklet with an elegant double design for women,EGP 112.00,,0%,,,
fashion,Skechers Summits Sneakers - Black Black,"EGP 3,386.00 - EGP 3,732.00","EGP 5,899.00",43%,,,5 out of 5(4)
fashion,Desert Men's Sportive Knit Sneakers – Stylish Printed Design,EGP 409.00,EGP 829.00,51%,,,3.4 out of 5(20)
fashion,Desert Men's Fashion Leather Flat Sneakers – Basic Design,EGP 498.00,EGP 609.00,18%,,,4.2 out of 5(6)
fashion,Activ Lace Up Practical Sneakers - Grey & Sky Blue,"EGP 1,789.00","EGP 2,999.00",40%,,,4 out of 5(2)
fashion,3Diamonds Elegant Gold-Plated Bracelet & Ring Set with Butterfly Zircon Design – Luxury Women’s Jewelry,EGP 460.70,EGP 678.00,32%,,,
fashion,Vinitto Lace Up Printed Sneakers - Black,EGP 449.00,EGP 780.00,42%,,,2 out of 5(1)
fashion,Activ Heather White & Navy Blue Lace-Up Sneakers,"EGP 1,399.00","EGP 2,999.00",53%,,,5 out of 5(1)
fashion,Activ Heather Cloud Grey Slip-In Sneakers,"EGP 1,399.00","EGP 2,999.00",53%,,,5 out of 5(2)
fashion,ADIDAS Duramo SL 2 Running Shoes,"EGP 4,999.00",,0%,,,
fashion,Testa Toro X13 Luxury Shoe Crafted with Formula Leather and Double-faced Tanned Leather,EGP 608.00,,0%,,,4.7 out of 5(9)
fashion,SHEIN Textured Metal Hoop Earrings - Gold,EGP 198.00,EGP 549.00,64%,,,4.4 out of 5(9)
fashion,Desert Sportive Sock Sneakers for Active Lifestyles - Basic Design,EGP 449.00,EGP 679.00,34%,,,4.9 out of 5(14)
fashion,Bracelets 1pc Beach Style Multi-Layer,EGP 69.00,EGP 119.00,42%,,,4 out of 5(2)
fashion,Defacto Regular Fit Crew Neck Sweatshirt,EGP 399.00,EGP 499.00,20%,,,
fashion,fluffy women accessories Golden Flower Earrings,EGP 84.00,EGP 120.00,30%,,,4 out of 5(1)
fashion,Desert Sportive Lace-up Sneakers For Men,EGP 389.00,EGP 789.00,51%,,,
fashion,Skechers Track-Ripkent Sneakers - Olive,"EGP 6,634.00","EGP 7,799.00",15%,,,3.7 out of 5(6)
fashion,Defacto Woman 2 Piece Gold Necklace,EGP 149.00,EGP 499.00,70%,,,
fashion,Rubber Sole Comfy Sneakers - Grey & Black,EGP 498.00,"EGP 1,460.00",66%,,,
fashion,NOW SHOES Men’s Sports Sneakers D2 Stylish & Durable Performance,EGP 407.00,EGP 560.00,27%,,,3.5 out of 5(2)
fashion,Desert Sportive Sock Sneakers for Active Lifestyles - Basic Design,EGP 449.00,EGP 679.00,34%,,,4.3 out of 5(12)
fashion,"Men's Slip-on Shoes, Lycra Materials, Black Color.",EGP 249.00,,0%,,,4.4 out of 5(9)
fashion,Puma Pwrframe Tr 3 Black-Lapis Lazuli-Pu Shoes,"EGP 8,850.00","EGP 10,399.00",15%,,,4.5 out of 5(2)
fashion,Bracelets 1Pc Trendy Loly Bracelets - Multicolored Women's Fashion Jewelry,EGP 39.00,EGP 99.00,61%,,,3.7 out of 5(46)
fashion,"3Diamonds 18K Gold Plated Women’s Abstract Open Ring – Modern Artistic Design, Symbol of Strength & Elegance, Luxury Gift Box",EGP 119.00,EGP 200.00,41%,,,
fashion,BLWOENS Men Sneakers Running Shoes Air Cushion Walking Shoes Comfortable Tennis Shoes  - Black,"EGP 1,149.00","EGP 2,132.00",46%,,,4 out of 5(1)
fashion,Sweatshirt for girls melton cotton 100% padded for winter,EGP 578.00,EGP 900.00,36%,,,
fashion,Activ Black And Red Round Toecap Athletic Sneakers,"EGP 1,749.00","EGP 2,999.00",42%,,,3.7 out of 5(3)
fashion,Desert Men's Light-Weight Tricout Slip-On Walking Shoes,EGP 479.00,EGP 989.00,52%,,,3 out of 5(2)
fashion,SHEIN Textured Metal Hoop Earrings - Stylish Gold Jewelry for Women,EGP 153.00,EGP 455.00,66%,,,
fashion,Nike Quest 6 Mens Footwear,"EGP 9,469.00 - EGP 9,470.00","EGP 11,129.00",15%,,,4.7 out of 5(9)
fashion,"Women's Open Wave Ring Gold Plated with White Wave Plating, Stainless Steel",EGP 99.99,EGP 149.00,33%,,,
fashion,Bracelets 5Pcs Stylish  Earrings For Women And Girls,EGP 79.00,EGP 119.00,34%,,,5 out of 5(1)
fashion,Vinitto Velvet & Leather EVA Light Sole Sneakers with High Density Eva Base - Black,EGP 889.00,"EGP 1,860.00",52%,,,3.2 out of 5(6)
fashion,Skechers Bobs Squad Waves Sneakers - White,"EGP 3,422.00 - EGP 3,694.00","EGP 5,769.00",41%,,,4.8 out of 5(6)
fashion,"SHEIN One pair of fashion tassel and faux pearl earrings, suitable for women's party, dating and daily wear",EGP 214.00,EGP 525.00,59%,,,
fashion,Vinitto Slip On Textile Sneakers For Men - Navy Blue,EGP 219.00 - EGP 259.00,EGP 570.00,62%,,,3.4 out of 5(10)
fashion,Diadora Cotton Boys Sweatshirt - Red,EGP 483.00,EGP 690.00,30%,,,4.8 out of 5(5)
fashion,Men's sports shoes with a modern and elegant design - equipped with a comfortable and slip-resistant rubber sole,EGP 650.00,"EGP 1,000.00",35%,,,2 out of 5(1)
fashion,Desert Sportive Sock Sneakers for Active Lifestyles - Basic Design,EGP 449.00,EGP 679.00,34%,,,4.5 out of 5(12)
fashion,ive Lace-Up Sneakers For Men - Black,EGP 310.00,EGP 520.00,40%,,,3.4 out of 5(9)
fashion,Vinitto Chunky Sole Bi-Tone Sneakers - EVA Light Sole - Black & Olive,EGP 889.00,"EGP 1,860.00",52%,,,4.6 out of 5(9)
fashion,Vinitto Dark Blue Slip On Textile Sneakers,EGP 359.00,EGP 750.00,52%,,,
fashion,Andora Navy Blue Slip On Comfy Hoodie,EGP 349.00,EGP 524.00,33%,,,3.1 out of 5(7)
fashion,Desert Men's Fashion Leather Flat Sneakers with Bold Side Color Design,EGP 498.00,EGP 609.00,18%,,,4.6 out of 5(17)
fashion,ADIDAS Runfalcon 5 Running Shoes,"EGP 2,455.00","EGP 4,199.00",42%,,,
fashion,Anta X-Game Shoes For Men - Multi Color,"EGP 4,762.00","EGP 5,599.00",15%,,,4.8 out of 5(4)
fashion,LC Waikiki Crew Neck Long Sleeve Girl Sweatshirt.,EGP 779.00,EGP 899.00,13%,,,
fashion,Desert Side Colored Fashion Chamois Flat Sneakers For Men - Black,EGP 542.00,EGP 609.00,11%,,,3.5 out of 5(22)
fashion,Hoodie Sweatshirt Printed For Kids,EGP 349.00,,0%,,,2.5 out of 5(2)
fashion,BLWOENS Men Sneakers Running Shoes Air Cushion Walking Shoes Comfortable Tennis Shoes - Yellow,"EGP 1,149.00","EGP 2,132.00",46%,,,3.7 out of 5(3)
fashion,LC Waikiki Crew Neck Printed Boy's Thick Sweatshirt,EGP 349.00,,0%,,,
fashion,Nike Quest 6 Mens Footwear,"EGP 9,469.00 - EGP 9,470.00","EGP 11,259.00",16%,,,5 out of 5(6)
fashion,Activ Grey Comfy Lace Up Sneakers,"EGP 1,679.00","EGP 2,999.00",44%,,,
fashion,Puma Transport Running Footwear - Black,"EGP 5,840.00","EGP 6,869.00",15%,,,4.8 out of 5(4)
fashion,Testa Toro T20 Casual Sneaker - Basic Comfortable Design With Bold Colors,EGP 460.00,EGP 509.00,10%,,,3.8 out of 5(25)
fashion,Activ Leather Low Cut Sneakers White & Light Grey,"EGP 1,799.00","EGP 3,999.00",55%,,,3 out of 5(1)
fashion,Vinitto Side Striped Sneakers With Printed Logo - EVA Light Sole - Black,EGP 789.00,"EGP 1,380.00",43%,,,4.4 out of 5(15)
fashion,Skechers Bobs B Flex Sneakers - Navy,"EGP 3,389.00","EGP 5,669.00",40%,,,5 out of 5(3)
fashion,Skechers Track Sneakers - Sage for Men,"EGP 6,634.00","EGP 7,799.00",15%,,,4.7 out of 5(3)
fashion,Desert Men's Sportive Knit Sneakers – Stylish Printed Design,EGP 409.00,EGP 829.00,51%,,,4.1 out of 5(8)
fashion,Desert Men's Stylish Casual Lace-up Leather Sneakers,EGP 498.00,EGP 649.00,23%,,,3.5 out of 5(2)
fashion,Anta RUNNING Flexible RUNNING SHOES,"EGP 2,707.00","EGP 4,439.00",39%,,,5 out of 5(5)
fashion,BLWOENS Men Sneakers Running Shoes Air Cushion Walking Shoes Comfortable Tennis Shoes - White,"EGP 1,149.00","EGP 2,132.00",46%,,,
fashion,benetton Sweatshirt With Lined Hood,"EGP 1,185.00","EGP 2,365.00",50%,,,
fashion,"3Diamonds 18K Gold Plated Women’s Chain Ring – Dual Band with Zircon Circle Centerpiece, Elegant Luxury Design, Limited Edition",EGP 119.00,EGP 200.00,41%,,,
fashion,Reebok Court Retro Sneakers - Black,"EGP 5,549.00","EGP 6,519.00",15%,,,5 out of 5(1)
fashion,Free Size Gold Plated Stainless Steel Ring,EGP 99.90,EGP 200.00,50%,,,5 out of 5(1)
fashion,LC Waikiki Crew Neck Long Sleeve Girl Sweatshirt,EGP 499.00,,0%,,,
fashion,Defacto Girl Oversize Fit Printed Sweatshirt,EGP 499.00,EGP 999.00,50%,,,4.5 out of 5(2)
fashion,Skechers Bobs Infinity Sneakers - Navy,"EGP 7,184.00","EGP 8,449.00",15%,,,3.3 out of 5(4)
fashion,Testa Toro M3 Men's Premium Suede Sneakers – Classic & Comfortable Everyday Shoe,EGP 608.00,EGP 649.00,6%,,,
fashion,"3Diamonds 18K Gold Plated Women’s Ring – Double Zircon Rows with Elegant Lace-Edge Design, Royal Gold Finish, Limited Edition",EGP 119.00,EGP 200.00,41%,,,
fashion,Earring Accessory 50pcs Plastic - Durable and Versatile,EGP 150.00,EGP 200.00,25%,,,4.8 out of 5(13)
fashion,Hoodie Sweatshirt Printed For Kids-Melton,EGP 285.00,EGP 349.00,18%,,,4 out of 5(1)
fashion,Testa Toro M1 Men’s Suede Sneaker with Memory Foam – Lightweight & Stylish Everyday Shoe,EGP 608.00,EGP 679.00,10%,,,4 out of 5(2)
fashion,Desert Side Colored Fashion Flat Sneakers For Men - Black,EGP 542.00,EGP 609.00,11%,,,3.9 out of 5(51)
fashion,AIRWALK Lightweight Knit Sneakers Black & Light Grey,EGP 999.00,,0%,,,3.3 out of 5(3)
fashion,Starter Strider Men Sneakers - Navy,"EGP 1,356.00","EGP 1,695.00",20%,,,4 out of 5(4)
fashion,"Taha Offer Pearl Veil Clip Pin, 6 Pieces",EGP 43.55,EGP 83.00,48%,,,4.2 out of 5(45)
fashion,Diadora Cotton Boys Sweatshirt - Off-White,EGP 608.30,EGP 869.00,30%,,,3.8 out of 5(4)
fashion,Andora Long Sleeves Beige Slip On Hoodie for Boys,EGP 299.00,EGP 450.00,34%,,,5 out of 5(2)
fashion,Starter Strider Men Sneakers - Black,"EGP 1,356.00","EGP 1,695.00",20%,,,5 out of 5(5)
fashion,Skechers Skech-Air Dynamight 2.0 Sneakers - Navy Lime,"EGP 7,549.00 - EGP 8,304.00","EGP 8,309.00",9%,,,4.4 out of 5(11)
fashion,hoodie digital Print- oversized - Melton cotton 100%,EGP 299.00,EGP 445.00,33%,,,
fashion,AIRWALK Performance Running Shoes - Grey & Black,EGP 999.00,,0%,,,4.5 out of 5(2)
fashion,Bracelets Thigh Anklet One Layer With Loly - Stylish Women's Jewelry,EGP 69.00,EGP 210.00,67%,,,3.8 out of 5(69)
fashion,"SHEIN 1pair Sparkling Wing - Shaped Earrings Full Of Rhinestone For Women, Elegant And Unique Bridal Wedding Earrings, Lightweight Statement Earrings For Prom, Party",EGP 186.00,EGP 455.00,59%,,,3.3 out of 5(3)
fashion,AIRWALK High Grip Lightweight Running Shoes - Navy Blue,EGP 975.00,"EGP 1,999.00",51%,,,5 out of 5(2)
fashion,Vinitto Textile Slip On Rubber Sole Sneakers - Black,EGP 789.00,"EGP 1,650.00",52%,,,3.7 out of 5(11)
fashion,Air Walk Round Toecap Ribbed Sneakers - Black,EGP 599.00,"EGP 1,399.00",57%,,,4.1 out of 5(16)
fashion,Hematite High Quality Magnetic Bead Bracelet for Women and Men,EGP 67.00,EGP 199.00,66%,,,4.7 out of 5(7)
fashion,Caesar Girls' hoodie with hood and prints on the back and chest,EGP 276.00,EGP 850.00,68%,,,
fashion,Open Design Leaf Ring - 925 Pure Silver,EGP 475.00,EGP 650.00,27%,,,4.6 out of 5(142)
fashion,Activ Plain White Stitched Canvas With Drawstrings Sneakers - Black,"EGP 1,549.00","EGP 2,999.00",48%,,,
fashion,Hoodie Sweatshirt Printed For Kids-Melton,EGP 285.00,EGP 349.00,18%,,,
fashion,Anta RUNNING Flexible RUNNING SHOES,"EGP 4,439.00",,0%,,,5 out of 5(1)
fashion,Vinitto Oval Toe Comfy Sneakers - Black,EGP 699.00,"EGP 1,680.00",58%,,,2.8 out of 5(4)
fashion,Desert Men's Sportive Knit Sneakers – Stylish Printed Design,EGP 528.00,EGP 679.00,22%,,,3.4 out of 5(18)
fashion,Hoodie Sweatshirt Printed For Kids,EGP 285.00,EGP 349.00,18%,,,5 out of 5(1)
fashion,LC Waikiki Lace-Up Men's Sneakers,EGP 949.00,EGP 999.00,5%,,,
fashion,Desert Men's Sportive Knit Sneakers – Stylish Printed Design,EGP 439.00,EGP 899.00,51%,,,5 out of 5(1)
fashion,A Beautiful Necklace Of Off White Beads,EGP 230.00,,0%,,,4.7 out of 5(20)
fashion,"Testa Toro X11 Stylish, Comfortable, And Trendy Leather Sneaker",EGP 419.00,EGP 649.00,35%,,,4.6 out of 5(5)
fashion,Hoodie Sweatshirt Printed For Kids-Melton,EGP 349.00,,0%,,,
fashion,3Diamonds Platinum & Rhodium Teardrop Necklace with Blue Zircon – Luxurious Sparkling Pendant for Women,EGP 170.00,EGP 250.00,32%,,,5 out of 5(2)
fashion,Reebok Court Cln Sneakers - White,"EGP 5,785.00","EGP 6,799.00",15%,,,4.8 out of 5(6)
fashion,Desert Men's Chaunky Sole Fashion Sneakers – Printed Design,"EGP 1,068.00","EGP 1,439.00",26%,,,4 out of 5(2)
fashion,Vinitto Ribbed Textile Slip On Sneakers - Mint,EGP 789.00,"EGP 1,650.00",52%,,,5 out of 5(2)
fashion,Reebok Court Retro Sneakers - White,"EGP 4,817.00","EGP 5,659.00",15%,,,5 out of 5(10)
fashion,ADIDAS Barreda Shoes,"EGP 2,923.00","EGP 4,999.00",42%,,,5 out of 5(1)
fashion,Puma Reflect Lite Galactic Running Footwear - Gray,"EGP 7,942.00","EGP 9,339.00",15%,,,3.5 out of 5(4)
fashion,AIRWALK High Grip Lightweight Running Shoes - Black,EGP 975.00,"EGP 1,999.00",51%,,,
fashion,LC Waikiki Crew Neck Boy's Sweatshirt 2 Pack,EGP 669.00,EGP 699.00,4%,,,5 out of 5(1)
fashion,Sweatshirt Printed For Kids-rounded Neck,EGP 319.00,,0%,,,
fashion,Bracelets Sun Decor Y Lariat Necklace for Women,EGP 119.00,EGP 199.00,40%,,,3.9 out of 5(28)
fashion,Defacto Boy Oversize Fit Hooded Pocket Thick Sweatshirt,EGP 479.00,EGP 599.00,20%,,,4.7 out of 5(3)
fashion,Caesar Milton boys' winter hoodie with prints on the chest and back,EGP 276.00,EGP 720.00,62%,,,5 out of 5(1)
fashion,Activ Textile Plain Sneakers - White & Navy Blue,"EGP 2,339.00","EGP 3,999.00",42%,,,1 out of 5(1)
fashion,Nike Flex Experience RN 12 Laced Shoes - Black,"EGP 7,191.00","EGP 8,459.00",15%,,,2.3 out of 5(4)
fashion,Activ Navy With Touch Of Blue Sneakers,"EGP 2,499.00","EGP 2,999.00",17%,,,
fashion,Vinitto Slip On Comfy Shoes - Grey,EGP 359.00,EGP 630.00,43%,,,
fashion,Waterproof Swimming robe for kids - Algwhara Alhaditha - Navy and Green,EGP 650.00 - EGP 700.00,,0%,,,
fashion,Vinitto Beige EVA Sole Lace Up Sneakers,EGP 739.00 - EGP 859.00,"EGP 1,380.00",46%,,,
fashion,Puma Caven 2.0 Black-Cool Dark Gray,"EGP 2,999.00","EGP 7,000.00",57%,,,
fashion,Starter Zephair Lifestyle Men Sneaker - White/Black,"EGP 1,272.00","EGP 1,590.00",20%,,,1 out of 5(2)
fashion,Chunky Lace Up Leather Sneakers - White & Black,EGP 498.00,"EGP 1,460.00",66%,,,3.3 out of 5(3)
fashion,Snake back chain with stainless steel butterfly,EGP 300.00,,0%,,,
fashion,ADIDAS Tensaur Hook and Loop Shoes,"EGP 1,636.00","EGP 2,799.00",42%,,,5 out of 5(1)
fashion,Sweatshirt Printed For Kids-rounded Neck,EGP 319.00,,0%,,,4 out of 5(1)
fashion,Fashion S925 Sterling Silver Ring For Women Bridal,EGP 580.00,,0%,,,4.5 out of 5(14)
fashion,Hoodie Sweatshirt Printed For Kids-Melton,EGP 285.00,EGP 349.00,18%,,,
fashion,Starter Zephair Lifestyle Men Sneaker - White/NVY/Red,"EGP 1,272.00","EGP 1,590.00",20%,,,
fashion,Defacto Boy Oversize Fit Wide Fit Back Printed Crew Neck Sweatshirt,EGP 559.00,EGP 999.00,44%,,,
fashion,SHEIN 2 Pieces/Set Of Light Luxury Star Moon Style Hollow Metal Design Suitable For Women's Daily Wear,EGP 106.00,EGP 341.00,69%,,,4.3 out of 5(3)
fashion,ADIDAS Duramo SL 2 Running Shoes,"EGP 2,923.00 - EGP 4,999.00","EGP 4,999.00",42%,,,
fashion,Vinitto Textile Slip On Rubber Sole Sneakers - EVA Light Sole - Dark Gray,EGP 619.00 - EGP 689.00,"EGP 1,320.00",53%,,,
fashion,ADIDAS MERCEDES - AMG PETRONAS FORMULA ONE TEAM ULTIMASHOW 2.0 SHOES JUNIOR,"EGP 1,987.00 - EGP 3,399.00","EGP 3,399.00",42%,,,5 out of 5(2)
fashion,Scarf Pin Clip - 12 Pieces Set in Various Colors,EGP 75.00,EGP 90.00,17%,,,4.5 out of 5(18)
fashion,Red Circle Plain Fire Red Hooded Girls and Boys Sweatshirt,EGP 600.00,EGP 900.00,33%,,,1 out of 5(1)
fashion,"Slip-on Shoes, Lycra Materials, Dark BLUE Color.",EGP 249.00,,0%,,,4.6 out of 5(7)
fashion,Hoodie Sweatshirt Printed For Kids,EGP 349.00,,0%,,,
fashion,A Beautiful Layered Bracelet Of Turquoise Beads With Pendants,EGP 130.00,,0%,,,4.4 out of 5(13)
fashion,"Women's Stainless Steel Jewelry Set – Necklace, Adjustable Bracelet, and Earrings with Black Flower Design",EGP 225.00,EGP 320.00,30%,,,5 out of 5(1)
fashion,Lace Up Sneakers,EGP 265.00,EGP 380.00,30%,,,3.6 out of 5(18)
fashion,mintra a Men's Cai Wire Easy Wear Sneakers - Red x Black,EGP 690.00,,0%,,,4.7 out of 5(7)
fashion,Gold Plated Stainless Steel Stud Earrings,EGP 79.90,EGP 250.00,68%,,,3 out of 5(3)
fashion,fluffy women accessories Gold Leaf Design Earrings with Turquoise Stone,EGP 98.00,EGP 140.00,30%,,,5 out of 5(1)
fashion,mintra a Men's Cai Slip On Sneakers - Black x Red,EGP 690.00,,0%,,,4.3 out of 5(6)
fashion,Red Circle Plain Dark Navy Hooded Girls and Boys Sweatshirt,EGP 600.00,EGP 900.00,33%,,,
fashion,Is Very Light And Comfortable,EGP 225.00,EGP 360.00,38%,,,3.6 out of 5(13)
fashion,Defacto Boy Crew Neck Printed Sweatshirt,EGP 519.00,EGP 999.00,48%,,,
fashion,Men's sports shoes with a modern and elegant design - equipped with a comfortable and slip-resistant rubber sole,EGP 650.00,"EGP 1,000.00",35%,,,
fashion,"Testa Toro X3 Leather Sneaker Made From Treated, Stain-Resistant Material, Padded Interior, And Foam Insole For Heel Support",EGP 419.00,EGP 439.00,5%,,,3.9 out of 5(10)
fashion,3Diamonds Gold-Plated Open Ring for Women – Adjustable with Baguette & Micro Zircon Accents,EGP 170.00,EGP 250.00,32%,,,5 out of 5(2)
fashion,SHEIN 5pcs/set Hollow Out Cuff Bangle BRACELET,EGP 391.00,EGP 800.00,51%,,,3.7 out of 5(3)
fashion,Testa Toro T24 Comfortable Casual Shoes With Elevated Sole For Everyday Wear,EGP 609.00,EGP 680.00,10%,,,3.5 out of 5(21)
fashion,Bracelets 6-Piece Bracelet Set for Women - Heart Design,EGP 99.00,EGP 179.00,45%,,,4.8 out of 5(4)
fashion,Testa Toro Q4 A Luxury Casual Shoe For Everyday Wear,EGP 712.00,,0%,,,3.5 out of 5(6)
fashion,Desert Basic Lace-up Black Sneakers For Men,EGP 572.00,EGP 679.00,16%,,,4 out of 5(388)
fashion,Ring Size Adjuster for Loose Rings - Invisible Silicone Sizer,EGP 109.00,EGP 199.00,45%,,,4.5 out of 5(2)
fashion,Slip-on Sneakers - Comfort And Style In One Step - Gray,EGP 189.99,EGP 300.00,37%,,,3.7 out of 5(31)
fashion,Eye Of Horus Necklace - Elegant Silver Dangling Design,EGP 60.00,EGP 75.00,20%,,,4.2 out of 5(15)
fashion,Sweatshirt Printed For Kids-rounded Neck,EGP 319.00,,0%,,,
fashion,Defacto Girl Harry Potter Oversize Fit Sweatshirt,EGP 479.00,EGP 799.00,40%,,,4.5 out of 5(2)
fashion,Caesar Milton boys' winter hoodie with prints on the chest and back,EGP 338.00,EGP 720.00,53%,,,
fashion,Diadora Printed Girls Hoodie - Purple,EGP 483.00,EGP 690.00,30%,,,5 out of 5(1)
fashion,Caesar Boys Hoodie with Buttons and Front Pockets,EGP 318.00,EGP 520.00,39%,,,3.9 out of 5(43)
fashion,Reebok Court Advance Sneakers - White,"EGP 6,848.00","EGP 8,049.00",15%,,,5 out of 5(3)
fashion,Andora Boys Hooded Long Sleeves Sweatshirt - Lead Grey,EGP 399.00,EGP 599.00,33%,,,4.5 out of 5(2)
fashion,Andora Long Sleeves Grey Slip On Hoodie for Boys,EGP 299.00,EGP 450.00,34%,,,
fashion,Nike Precision Vii Mens Footwear,"EGP 7,846.00 - EGP 7,847.00","EGP 9,329.00",16%,,,3.7 out of 5(6)
fashion,Defacto Girl Relax Fit Crew Neck Basic Sweatshirt,EGP 399.00,EGP 599.00,33%,,,5 out of 5(1)
fashion,Starter Mocha Slip Sneaker - Brown,"EGP 2,150.00",,0%,,,
fashion,Defacto Woman 6 Piece Gold Earrings,EGP 129.00,EGP 299.00,57%,,,
fashion,Nike Quest 6 Mens Footwear,"EGP 9,469.00 - EGP 9,470.00","EGP 11,129.00",15%,,,5 out of 5(3)
fashion,Skechers Bobs Infinity Sneakers - Black Black,"EGP 7,549.00 - EGP 8,304.00","EGP 8,309.00",9%,,,4.6 out of 5(8)
fashion,SHEIN 4pcs Minimalist Disc Charm OT Buckle Chain Bracelet Set For Women For Daily Jewelry Accessories,EGP 391.00,EGP 500.00,22%,,,1 out of 5(4)
fashion,Activ Lace-Up Mesh Shades of Blue Sneakers,"EGP 1,399.00","EGP 2,999.00",53%,,,5 out of 5(3)
fashion,Caesar Girls' hoodie with hood and printsgirl on the back and chest,EGP 276.00,EGP 850.00,68%,,,
fashion,Hoodie Sweatshirt Printed For Kids,EGP 285.00,EGP 349.00,18%,,,
fashion,Starter Unity Sneaker For Men - White,"EGP 1,190.00",,0%,,,3.8 out of 5(23)
fashion,Bracelets 3-Piece Bracelet Set for Women,EGP 69.00,EGP 180.00,62%,,,5 out of 5(6)
fashion,"SHEIN 6pcs/Set Double Heart Love Letter Flower Open Bangle For Women, Daily Wear & Party Gift, Gold Color",EGP 352.00,EGP 600.00,41%,,,1 out of 5(1)
fashion,Defacto Boy NBA Boston Celtics Regular Fit Crew Neck Thick Sweatshirt,EGP 479.00,EGP 799.00,40%,,,4.5 out of 5(2)
fashion,3Diamonds Gold-Plated Geometric Bracelet & Ring Set with Zircon Stones – Elegant Modern Jewelry Gift for Women,EGP 273.70,EGP 403.00,32%,,,5 out of 5(1)
fashion,Slip-on Sneakers - Comfort And Style In One Step - Navy,EGP 199.99,EGP 300.00,33%,,,3.3 out of 5(23)
fashion,Skechers Bobs Infinity Sneakers - Black,"EGP 7,184.00","EGP 8,449.00",15%,,,
fashion,Women's Necklace - In A Pharaonic Shape,EGP 272.00,EGP 320.00,15%,,,3.7 out of 5(6)
fashion,Vinitto Lightweight Lace-Up Walking Shoes - Blue,EGP 699.00,"EGP 1,680.00",58%,,,3.3 out of 5(3)
fashion,NOW SHOES Men’s Casual Sport Shoes SK12 Trendy & Unique Design.,EGP 350.00,EGP 650.00,46%,,,2.5 out of 5(2)
fashion,Hoodie Sweatshirt Printed For Kids,EGP 285.00,EGP 349.00,18%,,,
fashion,Bracelets Elegant Necklace for Women & Girls - One Layer Off White,EGP 39.00,EGP 79.00,51%,,,1 out of 5(1)
fashion,Testa Toro X2 Essential Sneaker - Simple Design and Comfortable Fit,EGP 419.00,EGP 439.00,5%,,,3.6 out of 5(5)
fashion,Free Size Gold Plated Stainless Steel Ring,EGP 99.90,EGP 200.00,50%,,,5 out of 5(6)
fashion,Anta RUNNING Flexible RUNNING SHOES,"EGP 2,481.00","EGP 4,069.00",39%,,,
fashion,ADIDAS Grand Court Alpha Shoes,"EGP 4,384.00","EGP 7,499.00",42%,,,1 out of 5(1)
fashion,Testa Toro Q3 Classic Neutral-design Shoe - Built for Comfort,EGP 619.00,EGP 639.00,3%,,,4.1 out of 5(10)
fashion,3Diamonds Romantic Wavy Gold-Plated Bracelet & Ring Set with Heart Details and Sparkling Zircon – Women’s Elegant Jewelry,EGP 340.85,EGP 501.00,32%,,,
fashion,Activ Lace Up Leather White & Navy Blue Sneakers,"EGP 1,889.00","EGP 3,999.00",53%,,,5 out of 5(1)
fashion,Nike Revolution 7 Laced Shoes - Blue,"EGP 6,362.00","EGP 7,479.00",15%,,,4.4 out of 5(5)
fashion,rop Earring,EGP 189.00,EGP 219.00,14%,,,4.6 out of 5(5)
fashion,Bracelets 3Pcs Anklet Women's Black Color - Stylish Handmade Jewelry,EGP 49.00,EGP 119.00,59%,,,4.7 out of 5(3)
fashion,Reebok Glide Sneakers - White,"EGP 7,320.00","EGP 8,609.00",15%,,,5 out of 5(1)
fashion,Desert Men's Fashion Leather Flat Sneakers with Bold Side Color Design,EGP 498.00,EGP 589.00,15%,,,3.7 out of 5(19)
fashion,AIRWALK Multi-Sport Trail Sneakers - Black & Dark Grey,EGP 899.00,"EGP 2,499.00",64%,,,1 out of 5(1)
fashion,Testa Toro X13 Luxury Shoe - Premium Crafted Leather Footwear,EGP 608.00,,0%,,,4 out of 5(9)
fashion,"Alya Phoenix Gold Plated Women's Necklace, Turkish TV series Necklace",EGP 186.00,,0%,,,5 out of 5(1)
fashion,Sweatshirt Printed For Kids-rounded Neck,EGP 319.00,,0%,,,5 out of 5(1)
fashion,Flat Sneakers (Gamel),EGP 299.00,,0%,,,4.7 out of 5(7)
fashion,Skechers GO WALK FLEX - IMPECCABLE II-216495-BBK LACE UP Sneakers  - BLACK,"EGP 6,639.00",,0%,,,4.4 out of 5(7)
fashion,Desert Men's Sportive Knit Sneakers – Stylish Printed Design,EGP 409.00,EGP 829.00,51%,,,4 out of 5(6)
fashion,Set Of 2pcs Kids Christmas Long Sleeve Sweatshirt And Hat,EGP 450.00,EGP 650.00,31%,,,
fashion,Activ Sportive Lace-up Textile Sneakers - Black,"EGP 1,679.00","EGP 2,999.00",44%,,,5 out of 5(2)
fashion,Reebok Flexagon Energy Tr 4 Sneakers - Blue,"EGP 5,691.00","EGP 6,689.00",15%,,,4 out of 5(2)
fashion,"3Diamonds 18K Gold Plated Women’s Modern Oval Zircon Ring – Elegant Open Design with Sparkling Stones, Luxury Gift Box",EGP 119.00,EGP 200.00,41%,,,
fashion,Caesar Boys' hoodie with zipper and front pockets,EGP 257.00,EGP 520.00,51%,,,
fashion,Activ Lace Up Practical Sneakers - Navy Blue & Powder Pink,"EGP 1,699.00","EGP 2,999.00",43%,,,4 out of 5(3)
fashion,Medical Shoe Brush,EGP 105.00,EGP 160.00,34%,,,4.2 out of 5(22)
fashion,Bracelets Stylish Earrings For Women And Girls Shape Butterfly,EGP 49.00,EGP 99.00,51%,,,3.2 out of 5(5)
fashion,"Boys' hoodie, Girls' hoodie, Cotton hoodie, Hoodie.",EGP 290.00,EGP 500.00,42%,,,
fashion,Hoodie Sweatshirt Printed For Kids,EGP 349.00,,0%,,,
fashion,Desert Chaunky Sole Fashion Lace-up Sneakers For Men,EGP 359.00,EGP 739.00,51%,,,4.2 out of 5(16)
fashion,Puma BMW MMS A3ROCAT Black White Sneakers,"EGP 2,999.00","EGP 9,000.00",67%,,,
fashion,Hoodie Sweatshirt Printed For Kids-Melton,EGP 285.00,EGP 349.00,18%,,,
fashion,"Italiano Men's sports shoes with a modern, comfortable and lightweight design - suitable for everyday use",EGP 650.00,"EGP 1,000.00",35%,,,
fashion,AIRWALK High Grip Lightweight Running Shoes - Dark Grey,EGP 975.00,"EGP 1,999.00",51%,,,5 out of 5(3)
fashion,Starter Mocha Slip Sneaker - Black,"EGP 2,150.00",,0%,,,
fashion,Testa Toro X3 Leather Sneaker - Comfortable and Stylish Everyday Footwear,EGP 419.00,EGP 439.00,5%,,,3.2 out of 5(5)
fashion,Hoodie Sweatshirt Printed For Kids,EGP 285.00,EGP 349.00,18%,,,
fashion,LC Waikiki Crew Neck Long Sleeve Girl Sweatshirt,EGP 449.00,,0%,,,
fashion,Defacto Girl Relax Fit Crew Neck Printed Sweatshirt,EGP 479.00,EGP 799.00,40%,,,
fashion,Reebok Glide Sneakers - White,"EGP 7,320.00","EGP 8,609.00",15%,,,
fashion,Lace Up Sneakers - Beige,EGP 493.00,EGP 620.00,20%,,,4.1 out of 5(59)
fashion,Desert Fashion Clipper Flat Sneakers For Men - Black,EGP 449.00,,0%,,,3.9 out of 5(39)
fashion,"Men's Fashion , White Color For Just",EGP 229.00,,0%,,,3 out of 5(1)
fashion,Lace Up Sneakers,EGP 245.00,EGP 380.00,36%,,,3.2 out of 5(9)
fashion,Testa Toro X4 Stylish And Modern Shoe for Everyday Use,EGP 482.00,EGP 559.00,14%,,,3.7 out of 5(14)
fashion,LC Waikiki Crew Neck Girl's Sweatshirt,EGP 409.00,EGP 499.00,18%,,,5 out of 5(1)
fashion,Puma Rbd Game Low Sportstyle Core Footwear - Black,"EGP 7,124.00","EGP 8,379.00",15%,,,5 out of 5(1)
fashion,Defacto Regular Fit Crew Neck Sweatshirt,EGP 399.00,EGP 499.00,20%,,,
fashion,Hoodie Sweatshirt Solid For Kids,EGP 249.00 - EGP 280.00,,0%,,,4.3 out of 5(3)
fashion,ive Lace-Up Sneakers For Men - Navy Blue,EGP 310.00,EGP 520.00,40%,,,3.6 out of 5(8)
fashion,Defacto Relax Fit Basic Crew Neck Sweatshirt,EGP 399.00,EGP 599.00,33%,,,
fashion,Activ Casual Slip-On Slippers - White & Navy Blue,EGP 579.00,EGP 999.00,42%,,,4.5 out of 5(2)
fashion,Anta RUNNING Flexible RUNNING SHOES,"EGP 2,481.00","EGP 4,069.00",39%,,,5 out of 5(2)
fashion,3Diamonds Five-pointed Palm Necklace For Women Gold Plated - Timeless Elegance,EGP 246.00,EGP 307.00,20%,,,4.8 out of 5(6)
fashion,Fashion Clipper Flat Sneakers For Men - Black,EGP 199.00,,0%,,,3.6 out of 5(8)
fashion,LC Waikiki Hooded Printed Long Sleeve Boy Sweatshirt,EGP 499.00,,0%,,,
fashion,Skechers GO RUN LITE - ANCHORAGE-220898-GYBK LACE UP Sneakers  - GRAY BLACK,"EGP 6,869.00",,0%,,,5 out of 5(5)
fashion,Bracelets 6Pcs Set Trendy Bracelet For Women Fruits,EGP 99.00,EGP 179.00,45%,,,5 out of 5(3)
fashion,ADIDAS Court Spec 2 Tennis Shoes,"EGP 4,199.00",,0%,,,5 out of 5(1)
fashion,Defacto Boy Printed Hooded Thick Black Sweatshirt,EGP 559.00,EGP 999.00,44%,,,4 out of 5(1)
fashion,Bracelets Fruits Bracelets for Women - Perfect Gift for Any Occasion,EGP 49.00,EGP 99.00,51%,,,3.3 out of 5(3)
fashion,Desert Men's Chaunky Sole Fashion Sneakers – Printed Design,EGP 699.00,"EGP 1,439.00",51%,,,
fashion,Activ Plain Black Stitched Canvas With Drawstrings Sneakers - Black,"EGP 1,709.10","EGP 2,999.00",43%,,,5 out of 5(2)
fashion,Desert Men's Sportive Knit Sneakers – Stylish Printed Design,EGP 409.00,EGP 829.00,51%,,,4 out of 5(11)
fashion,Skechers Track Sneakers - Black Black,"EGP 3,246.00 - EGP 3,389.00","EGP 5,669.00",43%,,,5 out of 5(2)
fashion,Puma Road Rider LTH Cast Iron White,"EGP 2,999.00","EGP 7,700.00",61%,,,
fashion,Activ Multi-Material Fossil Grey Trendy Sneakers,"EGP 1,959.00","EGP 3,499.00",44%,,,2.3 out of 5(3)
fashion,Diadora Cotton (Batman Printed) Boys Sweatshirt - Mustard,EGP 419.30,EGP 599.00,30%,,,4.7 out of 5(3)
fashion,fluffy women accessories Elegant Multi-Strand Gold Bracelet,EGP 182.00,EGP 260.00,30%,,,
fashion,3Diamonds Women's Debla Ring - Gold Plated with Sparkling Zircon,EGP 170.00,EGP 213.00,20%,,,4.4 out of 5(7)
fashion,Caesar Milton boys' winter hoodie with prints on the chest and back,EGP 276.00,EGP 720.00,62%,,,
fashion,Caesar Girls' hoodie with hood and prints Butterfly on the back and chest,EGP 276.00,EGP 850.00,68%,,,
fashion,Bracelets Elegant Simple Design Necklace One Layer,EGP 39.00,EGP 79.00,51%,,,1 out of 5(1)
fashion,Defacto Boy Boy Crew Neck Gray School Sweatshirt,EGP 599.00,,0%,,,
fashion,Heart Pulse Chain Bracelet - Silver,EGP 90.00,EGP 125.00,28%,,,
fashion,Starter Noble Fit Men Sneakers - Black,"EGP 1,356.00","EGP 1,695.00",20%,,,4 out of 5(1)
fashion,Puma FlexFocus Lite For All Time Red-Bla Sneakers,"EGP 2,999.00","EGP 5,600.00",46%,,,
fashion,Sweatshirt Printed For Kids-rounded Neck,EGP 319.00,,0%,,,
fashion,Skechers Skech-Air Dynamight Sports Footwear - Charcoal Orange,"EGP 3,237.00","EGP 5,899.00",45%,,,
fashion,LC Waikiki Lace-Up Men's Sneakers..,EGP 729.00,EGP 899.00,19%,,,1 out of 5(1)
fashion,fluffy women accessories Metallic Flower Earrings,EGP 140.00,EGP 200.00,30%,,,5 out of 5(2)
fashion,OneHand Hoodie Melton Cotton for Kids - Red,EGP 350.00 - EGP 395.00,EGP 945.00,63%,,,4.3 out of 5(6)
fashion,Stainless Steel Rope Chain Necklace - 3.5 Mm - 45 Cm,EGP 110.00,EGP 200.00,45%,,,
fashion,and Bracelet and Earrings of Turquoise Beads,EGP 250.00,,0%,,,5 out of 5(7)
fashion,Nail bracelet + Cartier gold stainless,EGP 230.00,,0%,,,5 out of 5(3)
fashion,3Diamonds Layered Gold-Plated Necklace – Elegant Multi-Strand Chain By 3Diamonds,EGP 182.00,EGP 228.00,20%,,,3.7 out of 5(7)
fashion,Sweatshirt Printed For Kids-rounded Neck,EGP 319.00,,0%,,,
fashion,Defacto Boy Crew Neck Printed Thick Sweatshirt,EGP 639.00,EGP 999.00,36%,,,
fashion,NOW SHOES Men Casual Shoes NZ1,EGP 292.00,EGP 599.00,51%,,,3 out of 5(1)
fashion,Nike Court Shot Laced Shoes - White,"EGP 7,745.00","EGP 9,109.00",15%,,,4.2 out of 5(5)
fashion,Defacto Girl Relax Fit Crew Neck Printed Sweatshirt,EGP 519.00,EGP 999.00,48%,,,5 out of 5(1)
fashion,"Caesar Boys' hoodie, closed with a chest pocket",EGP 257.00,EGP 520.00,51%,,,4 out of 5(1)
fashion,Anta RUNNING Flexible RUNNING SHOES,"EGP 4,439.00",,0%,,,5 out of 5(2)
fashion,Nike Revolution 7 Mens Footwear,"EGP 6,223.00","EGP 7,319.00",15%,,,4.2 out of 5(6)
fashion,H.Brand Isdal for Prayer and Reception,EGP 699.00 - EGP 749.00,"EGP 1,399.00 - EGP 1,499.00",50%,,,4.5 out of 5(2)
fashion,ECIF Women's Gold Plated Stainless Steel Necklace – Stylish Design Rust and Water Resistant - Suitable for Girls and Ladies – Perfect Gift,EGP 79.99,EGP 180.00,56%,,,
fashion,Desert Basic Lace-up White Sneakers For Men,EGP 369.00,EGP 769.00,52%,,,4.1 out of 5(843)
fashion,Activ Black Comfy Lace Up Sneakers,"EGP 1,679.00","EGP 2,999.00",44%,,,3.8 out of 5(4)
fashion,"Fashion Jewelry Women's ""Aura of Radiance"" stainless steel ring set with premium emerald green zircon and synthetic diamonds",EGP 99.00,EGP 260.00,62%,,,
fashion,LC Waikiki File Detailed Men's Sneaker,EGP 799.00,,0%,,,
fashion,SHEIN 1 New Nail Bracelet With Adjustable Women's Fashion Bracelet For Good Friends,EGP 130.00,EGP 353.00,63%,,,
fashion,Activ Leather Low Cut Sneakers White & Navy Blue,"EGP 1,799.00","EGP 3,999.00",55%,,,5 out of 5(1)
fashion,Hoodie Sweatshirt Printed For Kids-Melton,EGP 285.00,EGP 349.00,18%,,,
fashion,"Caesar Boys' hoodie, closed with a chest pocket",EGP 257.00,EGP 520.00,51%,,,
fashion,Hoodie Sweatshirt Printed For Kids-Melton,EGP 349.00,,0%,,,
fashion,Magical Pharaonic Key Of Life (Ankh) Necklace - Silver,EGP 105.00,EGP 140.00,25%,,,5 out of 5(1)
fashion,Skechers Bobs B Flex Lifestyle Shoes-118107-BBK,"EGP 3,968.30","EGP 5,669.00",30%,,,
fashion,Diadora Printed Boys Hoodie Sweatshirt - Grey,EGP 594.30,EGP 849.00,30%,,,
fashion,Defacto Girl Oversized Fit Back Printed Sweatshirt,EGP 559.00,EGP 699.00,20%,,,
fashion,"Testa Toro X7 Essential Shoe Padded With Foam, Crafted From Leather And Microfiber Fabric",EGP 458.00,EGP 459.00,1%,,,4 out of 5(10)
fashion,-Size Spiral Adjuster For Loose Rings,EGP 47.99,EGP 92.00,48%,,,5 out of 5(5)
fashion,"Stainless steel  ring, free size, with a distinctive shine, resistant to discoloration",EGP 99.00,,0%,,,1 out of 5(1)
fashion,LC Waikiki Crew Neck Straight Long Sleeve Velvet Maternity Sweatshirt,EGP 289.00,EGP 699.00,59%,,,4.5 out of 5(2)
fashion,Activ Casual Trendy Navy Blue with Touch of Orange Sneakers,"EGP 2,499.00","EGP 3,499.00",29%,,,
fashion,OneHand Hoodie Melton Cotton For Kids - Burgundy,EGP 350.00 - EGP 395.00,EGP 945.00,63%,,,4.7 out of 5(7)
fashion,Defacto Girl Relax Fit Sweatshirt Fabric Sweatshirt,EGP 479.00,EGP 799.00,40%,,,
fashion,Nike React Miler 3 Laced Shoes  - Ghost Green &  Black,"EGP 7,143.00","EGP 7,289.00",2%,,,5 out of 5(1)
fashion,LC Waikiki Hooded Printed Long Sleeve Boy's Zippered Sweatshirt,EGP 399.00,"EGP 1,499.00",73%,,,
fashion,Chinese Gold Bracelet for Men & Women,EGP 120.00,EGP 200.00,40%,,,4 out of 5(44)
fashion,Stainless Steel 18K Gold Plated Double Sided Necklace Earrings Adjustable Bracelet Jewelry Set Birthday Gifts for Women Girls (Black),EGP 250.00,,0%,,,
fashion,LC Waikiki Funnel Neck Boy's Sweatshirt,EGP 599.00,,0%,,,5 out of 5(1)
fashion,Vinitto Men's Grey Knit Performance Sneaker,EGP 389.00,EGP 780.00,50%,,,1 out of 5(1)
fashion,Sweatshirt for Girls - Trendy and Comfortable,EGP 315.00,,0%,,,4.5 out of 5(2)
fashion,Activ Casual Trendy Navy Blue With Touch Of Lime Green Sneakers,"EGP 1,399.00","EGP 3,499.00",60%,,,4.5 out of 5(4)
fashion,Andora Kangaroo Pockets Fleeced Boys Hoodie - Black,EGP 349.00,EGP 525.00,34%,,,4.5 out of 5(10)
fashion,LC Waikiki Crew Neck Mickey Mouse Printed Long Sleeve Maternity Sweatshirt,EGP 409.00,EGP 999.00,59%,,,
fashion,Free Size Gold Plated Stainless Steel Ring,EGP 129.90,EGP 200.00,35%,,,4 out of 5(4)
fashion,Hijab Veil Pin - Random Color,EGP 99.00,EGP 150.00,34%,,,3.5 out of 5(30)
fashion,Snake Back Bracelet - Stainless Steel and Gold Plated,EGP 82.00,,0%,,,5 out of 5(5)
fashion,ADIDAS Runfalcon 5 Running Shoes,"EGP 2,455.00","EGP 4,199.00",42%,,,
fashion,White Oso Just Men's,EGP 229.00,,0%,,,4.5 out of 5(11)
fashion,OneHand Hoodie Melton Printed Cotton For Kids - Green,EGP 549.00,,0%,,,5 out of 5(1)
fashion,3Diamonds Platinum Plated Ring for Women with Zircon Stone - Silver,EGP 158.00,EGP 197.00,20%,,,5 out of 5(1)
fashion,Reebok Court Advance Clip Sneakers - Blue,"EGP 6,848.00","EGP 8,049.00",15%,,,
fashion,Defacto Woman Chain Gold Necklace,EGP 411.00,EGP 599.00,31%,,,1 out of 5(1)
fashion,Testa Toro X6 Minimalist Sneaker - Navy,EGP 424.00,EGP 479.00,11%,,,4.1 out of 5(9)
fashion,LC Waikiki Printed Boy's Hoodie,EGP 499.00,,0%,,,
fashion,Defacto Boy Crew Neck Printed Sweatshirt,EGP 674.00,"EGP 1,299.00",48%,,,
fashion,Desert Chaunky Sole Fashion Lace-up Sneakers For Men,EGP 359.00,EGP 739.00,51%,,,3.9 out of 5(36)
fashion,EvancyStore Handmade Thigh Chains Anklet Gold women's accessories,EGP 150.00,,0%,,,
fashion,Desert Men's Fashion Leather Flat Sneakers – Basic Design,EGP 449.00,EGP 679.00,34%,,,4.2 out of 5(10)
fashion,SHEIN 2pcs-Set Geometric Exaggerated European Style Bracelet & Ring Set-Chinese Gold,EGP 219.99,EGP 499.00,56%,,,
fashion,SHEIN 4pcs Rhinestone Flower Decor Bracelet Set - Elegant Green Jewelry for Women,EGP 279.00,EGP 916.00,70%,,,3.7 out of 5(6)
fashion,AIRWALK Durable Mesh Sneakers - Dark Grey & Sky Blue,"EGP 1,199.00","EGP 2,499.00",52%,,,
fashion,3Diamonds Platinum & Rhodium Plated Silver Bracelet & Ring Set with Modern Overlapping Design – Luxury Anti-Tarnish Jewelry for Women,"EGP 1,029.35","EGP 1,514.00",32%,,,
fashion,Activ Black Self Pattern Textile Sneakers,"EGP 1,679.00","EGP 2,999.00",44%,,,4 out of 5(4)
fashion,Defacto Girl Basic Hooded Zippered School Cardigan,EGP 299.00,EGP 799.00,63%,,,2 out of 5(1)
fashion,ADIDAS Men Lite Racer 4.0 Shoes -Black,"EGP 2,221.00","EGP 3,799.00",42%,,,
fashion,Testa Toro X10 Comfortable Casual Shoes With Moderate Sole For Walking Running Daily Life,EGP 589.00,EGP 599.00,2%,,,4.3 out of 5(12)
fashion,Sweatshirt Printed For Kids-rounded Neck,EGP 319.00,,0%,,,4 out of 5(1)
fashion,3Diamonds Gold Plated Bracelet - Pharaonic Shape for Women,EGP 221.00,EGP 276.00,20%,,,
fashion,NOW SHOES No1 Men's Lightweight & Comfortable Sneakers,EGP 349.00,EGP 455.00,23%,,,
fashion,Sweatshirt Printed For Kids-rounded Neck,EGP 319.00,,0%,,,
fashion,Skechers SKECH-LITE PRO - PRIMEBASE-232466-OFWT SLIP-INS SNEAKERS - OFF WHITE,"EGP 7,569.00",,0%,,,4.8 out of 5(4)
fashion,AIRWALK Durable Mesh Sneakers - Navy Blue & Sky Blue,"EGP 1,199.00","EGP 2,499.00",52%,,,
fashion,Reebok Court Advance Sneakers - Black,"EGP 6,848.00","EGP 8,049.00",15%,,,5 out of 5(1)
fashion,Diadora Cotton Boys Hoodie Sweatshirt - Navy,EGP 553.00,EGP 790.00,30%,,,3.9 out of 5(8)
fashion,Starter Noble Fit Men Sneakers - Khaki,"EGP 1,356.00","EGP 1,695.00",20%,,,4 out of 5(2)
fashion,Stainless Steel Rope Chain Necklace - 2mm - 45 Cm,EGP 155.00,EGP 200.00,23%,,,4.6 out of 5(30)
fashion,Women's Long Necklace _ Off White Louly,EGP 442.00,EGP 520.00,15%,,,
fashion,Air Walk Heather Black Lace Up Sneakers,EGP 999.00,,0%,,,4.4 out of 5(16)
fashion,Defacto Girl Oversize Fit Hooded Printed Sweatshirt,EGP 639.00,"EGP 1,299.00",51%,,,
fashion,Testa Toro T24 Comfortable Casual Shoes With Elevated Sole For Everyday Wear,EGP 609.00,EGP 680.00,10%,,,3.6 out of 5(20)
fashion,LC Waikiki Lace-Up Men's Sneakers,"EGP 1,299.00",,0%,,,3 out of 5(2)
fashion,SHEIN Rhinestone Decor Earrings JEX-8886,EGP 59.00,EGP 299.99,80%,,,4.3 out of 5(46)
fashion,Defacto Boy Hooded Printed Sweatshirt with Soft Furry Inside,EGP 699.00,EGP 999.00,30%,,,
fashion,Bracelets 2Pcs Glasses Chain and Bracelets,EGP 69.00,EGP 150.00,54%,,,4.4 out of 5(22)
fashion,Defacto Boy Oversize Fit Crew Neck Back Printed Thick Sweatshirt,EGP 479.00,EGP 799.00,40%,,,4 out of 5(1)
fashion,Clipper Flat Sneakers for Men - Blue,EGP 199.00,,0%,,,4.8 out of 5(4)
fashion,Defacto Boy Regular Fit Hooded Sweatshirt,EGP 680.00 - EGP 681.00,"EGP 1,299.00",48%,,,
fashion,Starter Liora Women Sneaker - Wht/Gry,"EGP 1,272.00","EGP 1,590.00",20%,,,
fashion,Nike Flex Experience Rn 12 Mens Footwear,"EGP 7,035.00 - EGP 7,191.00","EGP 8,459.00",17%,,,4 out of 5(4)
fashion,Roomba Fashion Sneakers - Men,EGP 280.00,EGP 550.00,49%,,,3.8 out of 5(54)
fashion,LC Waikiki Hooded Long Sleeve Boy Sweatshirt With Color Block,EGP 499.00,,0%,,,5 out of 5(1)
fashion,Nike Zoom Structure 24 Laced Shoes - Blue - BLACK,"EGP 3,675.00","EGP 13,499.00",73%,,,4 out of 5(12)
fashion,stainless steel cross necklace - Gold,EGP 399.00,EGP 999.00,60%,,,
fashion,Free Size Gold Plated Stainless Steel Ring,EGP 99.90,EGP 200.00,50%,,,5 out of 5(3)
fashion,Necklace With Two Rounds Of Broken Natural Agate,EGP 325.00,EGP 410.00,21%,,,5 out of 5(5)
fashion,Desert Basic Lace-up Black Sneakers  For  Men,EGP 369.00,EGP 769.00,52%,,,4 out of 5(171)
fashion,"Caesar Boys' hoodie, closed with a chest pocket",EGP 257.00,EGP 520.00,51%,,,5 out of 5(1)
fashion,Defacto Girl Oversize Fit Mold Crew Neck Sweatshirt,EGP 479.00,EGP 799.00,40%,,,
fashion,Stainless Steel Gold Earrings,EGP 79.00,EGP 150.00,47%,,,3.5 out of 5(4)
fashion,Bracelets 7pcs Two Tone Beaded Ring,EGP 33.00,EGP 120.00,73%,,,
fashion,Lace Up Sneakers - Comfortable and Stylish Footwear,EGP 320.00,EGP 480.00,33%,,,4.1 out of 5(7)
fashion,Messio Agency Kids Winter Hoodie -Dark Blue,EGP 575.00 - EGP 600.00,,0%,,,
fashion,Herringbone Flat Snake Chain Necklace - 4mm,EGP 89.90,EGP 200.00,55%,,,4.6 out of 5(56)
fashion,Junior Baby Girls Sweatshirt,EGP 345.00,,0%,,,4 out of 5(2)
fashion,Silver Women Ring 925 with Zircon Lobes,EGP 500.00,,0%,,,
fashion,ADIDAS VS Pace 2.0 Shoes,"EGP 2,455.00","EGP 4,199.00",42%,,,
fashion,Hoodie Sweatshirt Printed For Kids,EGP 285.00,EGP 349.00,18%,,,
fashion,Activ Casual Slip-On Slippers - Navy Blue,EGP 579.00,EGP 999.00,42%,,,4.5 out of 5(2)
fashion,Lace Up Sneakers - White,EGP 399.00,EGP 580.00,31%,,,3.5 out of 5(2)
fashion,NOW SHOES Men Casual Shoes NZ2,EGP 292.00,EGP 520.00,44%,,,
fashion,Desert Men's Fashion Leather Flat Sneakers – Basic Design,EGP 498.00,EGP 609.00,18%,,,
fashion,Diadora Cotton Boys Sweatshirt - Blue,EGP 483.00,EGP 690.00,30%,,,5 out of 5(2)
fashion,Activ Lace Up Casual Sneakers - White & Blue,"EGP 2,599.00","EGP 3,999.00",35%,,,
fashion,Defacto Girl Relax Fit Crew Neck Crop Basic Sweatshirt - Stylish and Comfortable,EGP 479.00,EGP 799.00,40%,,,
fashion,Desert Men's Sportive Knit Sneakers – Stylish Printed Design,EGP 409.00,EGP 829.00,51%,,,4 out of 5(12)
fashion,Defacto Boy Crew Neck Back Printed Soft Furry Inside Sweatshirt,EGP 699.00,EGP 999.00,30%,,,
fashion,3Diamonds Gold-Plated Infinity Ring for Women – Adjustable with Baguette & Micro Zircon Stones,EGP 170.00,EGP 250.00,32%,,,
fashion,Activ Perforated Pattern Plain Sneakers - White,"EGP 1,889.00","EGP 3,999.00",53%,,,5 out of 5(1)
fashion,Hoodie Sweatshirt Printed For Kids,EGP 349.00,,0%,,,
fashion,"Nike Zoom Vapor 15 Academy Ic Laced Shoes - Black & Chrome, Blue","EGP 7,143.00","EGP 8,999.00",21%,,,
fashion,Defacto Relax Fit Basic Crew Neck Sweatshirt,EGP 399.00,EGP 999.00,60%,,,
fashion,"Activ Stitched Lace Up Sneakers - Gray, Black & Blue","EGP 1,745.00","EGP 2,999.00",42%,,,5 out of 5(1)
fashion,Fashion Clipper Flat Sneakers For Men - Grey,EGP 199.00,,0%,,,4 out of 5(5)
fashion,Nike Downshifter 13 Laced Shoes - Multi Color,"EGP 6,638.00","EGP 7,809.00",15%,,,4.5 out of 5(10)
fashion,Vinitto Lightweight Comfy Sneakers With Rubber Sole - White,EGP 789.00,"EGP 1,740.00",55%,,,3.4 out of 5(8)
fashion,"Men's Sada Shoes, Lycra Materials - Beige",EGP 229.00,,0%,,,3 out of 5(2)
fashion,Printed  Sweatshirt For Girls,EGP 315.00,,0%,,,
fashion,Testa Toro X10 Comfortable Casual Shoes - Green,EGP 589.00,EGP 599.00,2%,,,5 out of 5(1)
fashion,Defacto Girl Relax Fit Crew Neck Slogan Printed Sweatshirt,EGP 399.00,EGP 799.00,50%,,,5 out of 5(3)
fashion,Handmade Hand Made Accessories Necklaces AH5,EGP 220.00,EGP 450.00,51%,,,5 out of 5(1)
fashion,Defacto Girl Crew Neck Printed Sweatshirt,EGP 479.00,EGP 899.00,47%,,,
fashion,Clipper Flat Sneakers For Men - Basic Design,EGP 389.00,,0%,,,3.8 out of 5(15)
fashion,Defacto Man Scarf,EGP 599.00,EGP 799.00,25%,,,
fashion,Kids Winter Sweatshirt – Warm & Comfortable Casual Wear,EGP 285.00,EGP 499.00,43%,,,
fashion,Caesar Boys' hoodie with prints on the chest and back,EGP 479.00,EGP 750.00,36%,,,
fashion,Hoodie Sweatshirt Printed For Kids-Melton,EGP 285.00,EGP 349.00,18%,,,
fashion,Bracelets Elegant Necklace for Women & Girls - White,EGP 39.00,EGP 99.00,61%,,,4 out of 5(5)
fashion,3Diamonds Elegant Gold-Plated Maple Leaf Pendant Necklace With Crystals,EGP 113.05,EGP 166.00,32%,,,5 out of 5(3)
fashion,Vinitto Slip On Comfy Textile Sneakers - Navy Blue,EGP 359.00,EGP 630.00,43%,,,
fashion,Activ Sportive Lace-up Textile Sneakers - Navy Blue,"EGP 2,159.00","EGP 2,999.00",28%,,,4.7 out of 5(3)
fashion,3Diamonds Oval Crystal Chain Silver Ring – Platinum and Rhodium Plated Luxury Women’s Jewelry in Gift Box,EGP 119.00,EGP 200.00,41%,,,
fashion,The New Free Seas Two Butterfly Ring in Italian 925 Silver,EGP 649.00,EGP 650.00,1%,,,4.5 out of 5(33)
fashion,Sweatshirt Printed For Kids-rounded Neck,EGP 319.00,,0%,,,
fashion,3Diamonds Platinum & Rhodium-Plated Geometric Crystal Bracelet – Modern Fashion Jewelry,EGP 170.00,EGP 305.00,44%,,,5 out of 5(1)
fashion,Hoodie Sweatshirt Solid For Kids,EGP 280.00,,0%,,,
fashion,Sweatshirt Printed For Kids-rounded Neck,EGP 319.00,,0%,,,5 out of 5(1)
fashion,Free Size Stainless Steel Ring,EGP 250.00,,0%,,,5 out of 5(1)
fashion,Printed Hoodie Sweatshirt For Girls,EGP 350.00,,0%,,,
fashion,SHEIN 1pair Minimalist Metal Leaf Pattern Stainless Steel 18K Gold Plated Stud Earrings,EGP 297.00,EGP 525.00,43%,,,4.3 out of 5(3)
fashion,Ayat Al-Kursi Stainless Bracelet,EGP 208.00,EGP 220.00,5%,,,
fashion,3Diamonds Debla Ring Platinum Plated For Women With Zircon Stone - Silver,EGP 234.00,EGP 292.00,20%,,,5 out of 5(3)
fashion,Brushes Men's Shoes - Light and Comfortable Footwear,EGP 105.00,EGP 210.00,50%,,,4.3 out of 5(48)
fashion,Men's sports shoes with a modern and elegant design - equipped with a comfortable and slip-resistant rubber sole,EGP 650.00,"EGP 1,000.00",35%,,,
fashion,Defacto Boy Crew Neck Sweatshirt,"EGP 999.00 - EGP 1,499.00",,0%,,,
fashion,Bracelets 3pcs Simple Beaded Necklace – Stylish Jewelry Set for Women,EGP 69.00,EGP 149.00,54%,,,4.4 out of 5(5)
fashion,Free Size Gold Plated Stainless Steel Ring,EGP 109.90,EGP 200.00,45%,,,4.5 out of 5(2)
fashion,LC Waikiki Crew Neck Kuromi Printed Girl's Sweatshirt,EGP 449.00,,0%,,,
fashion,3Diamonds Gold-Plated “Mom” Calligraphy Pendant Necklace – Elegant Arabic Script Design,EGP 145.00,EGP 181.00,20%,,,4 out of 5(4)
fashion,Diadora Printed Girls Hoodie - Fuchsia,EGP 483.00,EGP 690.00,30%,,,5 out of 5(1)
fashion,Bracelets 8pcs Simple Beaded Ring,EGP 39.00,EGP 120.00,68%,,,2 out of 5(2)
fashion,Stainless Steel Nail Bracelet,EGP 110.00,EGP 250.00,56%,,,3.7 out of 5(3)
fashion,Defacto Girl Relax Fit Crew Neck Text Printed Sweatshirt,EGP 599.00,EGP 999.00,40%,,,5 out of 5(1)
fashion,LC Waikiki Faux Suede Men's Sneakers,EGP 899.00,,0%,,,1 out of 5(1)
fashion,LC Waikiki Crew Neck Printed Girl's Sweatshirt,EGP 349.00,,0%,,,
fashion,A Beautiful Layered Bracelet Of Off White Beads With Pendants,EGP 150.00,,0%,,,4.2 out of 5(95)
fashion,Vinitto Textile Lace Up Black Sneakers,EGP 389.00,EGP 780.00,50%,,,3.5 out of 5(2)
fashion,Earring With Pearl Lobes,EGP 174.00,EGP 199.00,13%,,,3.8 out of 5(4)
fashion,Smile Choker with White Pearl Necklace,EGP 70.00,,0%,,,
fashion,Flexible Coil Ring Sizer - Perfect For Loose Rings 4pcs,EGP 46.99,EGP 100.00,53%,,,4.3 out of 5(8)
fashion,Lacoste Couple Bracelet in Stainless Steel,EGP 400.00,,0%,,,5 out of 5(2)
games,Playstation GTA 5: Grand Theft Auto V Premium Edition - PS4,"EGP 1,475.00",,0%,,,4.6 out of 5(5)
games,Rockstar GTA V: Grand Theft Auto V - Xbox Series X,"EGP 1,957.00",,0%,,,
games,Yes Original GX38 - Optical Gaming Mouse For PC & Laptop,EGP 365.00,,0%,,,4.8 out of 5(6)
games,EA Sports FC26 - Arabic and English PS5,"EGP 4,149.00",,0%,,,5 out of 5(1)
games,Orb Orb Controller Thumb Grips 2-Pack for Xbox One,EGP 157.00,,0%,,,
games,PC USB Gaming Receiver For XBOX 360 Wireless Controller Adapter,EGP 444.00,EGP 899.00,51%,,,
games,"XBOX The Division Game + Rainbow Six Siege Game, Double Pack","EGP 2,299.00","EGP 3,399.00",32%,,,
games,Sony Interactive Entertainment LittleBigPlanet 3 - PS4,EGP 919.00,,0%,,,
games,Game Handle Sleeve Xboxseriesks Silicone Case Xsx Fuel Injection Handle Silicon Rubber Sleeve,"EGP 1,311.00","EGP 1,767.00",26%,,,
games,"Sup Super Mario SUP-bit Game TV Console, Small Game Boy",EGP 379.00,EGP 390.00,3%,,,2.8 out of 5(4)
games,"Zotac  Gaming Console, Handheld, AMD 8840U,AMOLED,16GB LPDDR5X,512GB  Carrying Case  Gaming Docking Station Gift","EGP 48,999.00",,0%,,,
games,Electronic Arts EA SPORTS FC 26 Standard Edition (PS4),"EGP 3,400.00",,0%,,,
games,33 Pieces Kitchen Set for Children with Lights & Sounds - Bebo Toys,EGP 470.00,EGP 600.00,22%,,,4.7 out of 5(7)
games,Sega Crash Team Racing Nitro-Fueled (Arabic Edition) - PS4,"EGP 1,919.00",,0%,,,
games,Microsoft Wired Game Controller with Ergonomic Design and Vibration Feedback for Realistic Gaming Compatible with PC Black XBOX 360,EGP 848.00,,0%,,,5 out of 5(1)
games,Rockstar Games Grand Theft Auto V PS5 Game,"EGP 1,799.00",,0%,,,5 out of 5(1)
games,Atari Super mario Super 8-bit Game TV console,EGP 422.00,EGP 437.00,3%,,,3.8 out of 5(11)
games,2k NBA 2K26 - PS4,"EGP 3,479.00",,0%,,,
games,"maono PM422 USB Microphone for PC, Professional Computer Condenser Mic with Mute, Mic Gain, Zero Latency Monitoring, Boom Arm for Studio, Podcast, Gaming, Streaming","EGP 3,370.00","EGP 3,700.00",9%,,,
games,Nyko Nyko NXBX -4500 Wired Gaming Headset For Xbox,EGP 678.00,EGP 979.00,31%,,,
games,Electronic Arts Need For Speed Unbound PS5,"EGP 1,499.00",,0%,,,
games,Microsoft SX-CHAT Mono Gaming Headset for Xbox One,EGP 619.00,,0%,,,
games,Dobe Game Accessory Set For ONE X/ONE S,EGP 799.00,,0%,,,
games,"Stick, Magnetic Balls and Rods Set - 25 PCS",EGP 230.00,,0%,,,3.5 out of 5(4)
games,Dobe Game Accessory Set For ONE X/ONE S,EGP 599.00,,0%,,,
games,Dobe Dobe (TYX1572) Super Game Kit for Xbox One (S),EGP 795.00,"EGP 1,199.00",34%,,,
games,EA Sports FC26 Arabic and English PS4,"EGP 4,035.00",,0%,,,
games,"USB Charger Cable with Magnetic Loop for Power Supply - for Wireless Game Controllers, Charge and Play Kit, Black",EGP 180.00,EGP 199.00,10%,,,
games,Warner Bros. Interactive Mortal Kombat 1 - PS5,"EGP 2,029.00",,0%,,,
games,maono DGM20S RGB USB Condenser Gaming Microphone With Boom Arm (Black),"EGP 2,670.00","EGP 3,000.00",11%,,,
games,Sony Grand Theft Auto V By Rockstar For PlayStation 4,"EGP 1,200.00",,0%,,,5 out of 5(5)
games,Bandai Namco Little Nightmares I & II - PS4,"EGP 1,999.00",,0%,,,
games,WB Games The Lego Ninjago Movie Videogame - PlayStation 4,"EGP 1,128.00",,0%,,,5 out of 5(1)
games,Death Stranding  PlayStation 4,EGP 850.00,"EGP 1,200.00",29%,,,
games,Retro classic TV game console NES built-in 620 game,EGP 700.00,,0%,,,
games,Microsoft Wired Game Controller with Ergonomic Design and Vibration Feedback for Realistic Gaming Compatible with PC Black XBOX 360,EGP 848.00,,0%,,,
games,Ea Fc 24 Standard Edition For PlayStation 4,"EGP 2,089.00","EGP 2,460.00",15%,,,
games,"General Doctor's Case Children's Play Set, 15 Pieces Doctor Case with Real Stethoscope, Thermometer, Syringe, Gift for Children, Role Play, Medical Learning Toy, Party Game Toy from 3 Years (Pink)",EGP 125.00,,0%,,,
games,Football Tabletop Game Mini Football Board Game for Two Soccer Tabletop Competition Sports Game Foosball Tabletop Games mini foosball games kit tabletop football game desktop soccer game table top,EGP 275.00,,0%,,,
games,Remote Control Plane 2.4GHz RC Floating Fighter Plane RC Plane for Beginners Kids Adults Flying Toy with Colorful Lights USB Charging,"EGP 1,150.00",,0%,,,2 out of 5(1)
games,Rockstar Games GTA 5: Grand Theft Auto V - PS5,"EGP 1,585.00",,0%,,,1 out of 5(1)
games,attery Pack Play And Charger Kit For Xbox One,EGP 389.00,EGP 599.00,35%,,,
games,Sony Interactive Entertainment 's Spider Man: Miles Morales - PS4 - Arabic & English Edition,"EGP 2,149.00",,0%,,,
games,2x Battery 4800mAh Pack with Charging Cable for Xbox 360 Wireless Controller,EGP 349.00,EGP 499.00,30%,,,5 out of 5(1)
games,UBISOFT Rayman Legends - PS4,"EGP 1,249.00",,0%,,,
games,Sony Interactive Entertainment God Of War Ragnarok - PS4,"EGP 2,255.00",,0%,,,5 out of 5(1)
games,Dobe Dobe Dual Charging Dock for Xbox One S/X Wireless Controller,EGP 395.00,EGP 799.00,51%,,,5 out of 5(1)
games,"General 30+ Pieces Kids Kitchen Set, Play Kitchen Tools, Seems to Play Kitchen Toy with Sound and Light Cooker Sink Refrigerator Oven Food, Gifts for Boys and Girls",EGP 500.00,,0%,,,
games,Sony Interactive Entertainment The Last Of Us Part II (2) Remastered - PS5,"EGP 2,365.00",,0%,,,
games,"2-in-1 Self-Wringing Microfiber Floor Mop, 360° Rotatable Adjustable Handle, Wet and Dry Cleaning, Rich Green, for Bathroom, Office, Home",EGP 165.99,EGP 250.00,34%,,,
games,Warner Bros. Interactive Batman: Arkham Knight - PS4,"EGP 1,219.00",,0%,,,
games,Spark Fox Dual Controller Charging Dock for Xbox Series X/S with Rechargeable Batteries,"EGP 1,199.00","EGP 1,599.00",25%,,,
games,Sony Interactive Entertainment The Last Of Us Part 1 - PS5,"EGP 3,149.00",,0%,,,
games,maono PD200XS XLR/USB Podcast Dynamic Microphone Kit with Boom Arm,"EGP 2,999.00","EGP 3,500.00",14%,,,
games,2k WWE 2K25 - PS4,"EGP 3,089.00",,0%,,,
games,XBOX Wireless Controller Carbon Black,"EGP 4,333.00","EGP 5,122.00",15%,,,
games,Eveready AAA Batteries Pack of 2 - Reliable Power for Everyday Devices,EGP 57.00,EGP 80.00,29%,,,
games,Sony Interactive Entertainment God Of War Ragnarok Arabic Edition - PlayStation 5,"EGP 2,474.00",,0%,,,5 out of 5(1)
games,Dobe Dobe Anti-slip Silicone Handle Protective Cover for Xbox Series X - Blue,EGP 245.00,EGP 399.00,39%,,,
games,Size 5 Football Designed In Black And Blue Color,EGP 179.00,EGP 500.00,64%,,,2 out of 5(2)
games,Sony Interactive Entertainment Knack 2 - PS4,"EGP 1,799.00",,0%,,,
games,Toy Truck YB063 - Remote Control Excavator for Kids,EGP 474.00,EGP 550.00,14%,,,
games,Dobe Dobe Charging Kit For Xbox One And Xbox Series,"EGP 1,087.00",,0%,,,
games,Microsoft XBOX Series X-S Controller - White,"EGP 4,135.00",,0%,,,
games,Playstation God Of War Ragnarok - PS5,"EGP 2,475.00",,0%,,,
games,Dobe Dobe Anti-slip Silicone Handle Protective Cover For Xbox Series X (Red),EGP 245.00,EGP 399.00,39%,,,
games,Sony Interactive Entertainment 's Spider-Man - Arabic And English - PS4,"EGP 2,145.00",,0%,,,
games,Electronic Arts EA SPORTS FC 26 Standard Edition (PS5),"EGP 3,650.00",,0%,,,
games,Charging Cable For Xbox 360 Controller,EGP 150.00,,0%,,,1 out of 5(1)
games,Deep Silver Metro Exodus Complete Edition - PlayStation 5,"EGP 2,099.00",,0%,,,
games,2pcs Charging Cable For Xbox 360 Controller,EGP 300.00,,0%,,,3 out of 5(2)
games,Sony Interactive Entertainment Uncharted: Legacy of Thieves Collection - PS5,"EGP 1,808.00",,0%,,,
games,4800mAh Rechargeable Battery + USB Charger Cable For XBOX 360,EGP 300.00,,0%,,,
games,Square Enix Shadow of the Tomb Raider - Arabic and English - PS4,"EGP 1,139.00",,0%,,,
games,Ipega PG-XB007 Multifunctional Stand for Xbox One and Accessories (Black),EGP 699.00,EGP 999.00,30%,,,
games,Bandai Namco Elden Ring NIGHTREIGN - Seekers Edition - PS5,"EGP 3,255.00",,0%,,,
games,Ipega Dual Charging Stand with RGB Light Column for PSVR2,"EGP 1,439.00",,0%,,,
games,Square Enix Rise of the Tomb Raider - PS4,"EGP 1,549.00",,0%,,,
games,Sony Interactive Entertainment Gran Turismo Sport - PS4,"EGP 1,475.00",,0%,,,
games,Toys Dog Super Cute Unisex Multi Color Music Toy 3 Years & Above,EGP 208.00,EGP 288.00,28%,,,3 out of 5(1)
games,XBOX Wireless Controller Carbon Black,"EGP 4,333.00","EGP 5,122.00",15%,,,
games,Eveready AAA Batteries Pack of 2 - Reliable Power for Everyday Devices,EGP 57.00,EGP 80.00,29%,,,
games,Dobe Dobe Anti-slip Silicone Handle Protective Cover for Xbox Series X - Blue,EGP 245.00,EGP 399.00,39%,,,
games,Dobe Dobe Charging Kit For Xbox One And Xbox Series,"EGP 1,087.00",,0%,,,
games,Microsoft XBOX Series X-S Controller - White,"EGP 4,135.00",,0%,,,
games,Dobe Dobe Anti-slip Silicone Handle Protective Cover For Xbox Series X (Red),EGP 245.00,EGP 399.00,39%,,,
games,Charging Cable For Xbox 360 Controller,EGP 150.00,,0%,,,1 out of 5(1)
games,2pcs Charging Cable For Xbox 360 Controller,EGP 300.00,,0%,,,3 out of 5(2)
games,4800mAh Rechargeable Battery + USB Charger Cable For XBOX 360,EGP 300.00,,0%,,,
games,Ipega PG-XB007 Multifunctional Stand for Xbox One and Accessories (Black),EGP 699.00,EGP 999.00,30%,,,
games,Ipega Dual Charging Stand with RGB Light Column for PSVR2,"EGP 1,439.00",,0%,,,
games,Charging Cable For Xbox 360 Controller,EGP 150.00,,0%,,,4.5 out of 5(14)
games,2pcs Charging Cable For Xbox 360 Controller,EGP 290.00,,0%,,,5 out of 5(1)
games,Sega 16 Bit + Zigor Special Bag,EGP 999.00,,0%,,,3 out of 5(1)
games,PowerA Wired Controller for Xbox - Blue,"EGP 2,615.00",,0%,,,
games,Dobe Dobe TYX-532X Charging Dock for Xbox Series S/X Controllers,EGP 799.00,"EGP 1,199.00",33%,,,
games,XBOX XBOX Rechargeable Battery + Type C Cable,EGP 975.00,,0%,,,
games,XBOX ELITE series 2  Core Wirless Controller  - Blue,"EGP 8,999.00","EGP 11,110.00",19%,,,
games,XBOX Series X S Controller - Black,"EGP 4,605.00",,0%,,,
games,4800mAh Rechargeable Battery + USB Charger Cable For XBOX 360,EGP 305.00,,0%,,,
games,"Sup Super mario SUP-bit Game TV console, Small Game Boy",EGP 369.00,EGP 380.00,3%,,,
games,"Mini Kitchen Playset for Toddlers – 37-Piece Tabletop Cooking Set – Compact Size 34.5x16x42 cm – Realistic Lights, Sounds & Steam – Sink & Accessories – Gift for Ages 3+ – Bebo_toys",EGP 735.00,"EGP 1,000.00",27%,,,
games,1:43 Metal Car With Car Models Alloy Diecast Toys Military,EGP 175.00,,0%,,,
games,EA Sports FC26 - Arabic and English PS5,"EGP 4,149.00",,0%,,,5 out of 5(1)
games,Pro Kids’ Kitchen Play Set – 14 Pieces for Fun & Learning,EGP 450.00,,0%,,,2 out of 5(1)
games,Sony Interactive Entertainment LittleBigPlanet 3 - PS4,EGP 919.00,,0%,,,
games,Death Stranding  PlayStation 4,EGP 850.00,"EGP 1,200.00",29%,,,
games,Kitchen Playset for Kids - 42 Pieces,EGP 900.00,,0%,,,
games,"Luxury Metal Car Model Collector Model, Red Orange, with Front Light, 1:32 Scale, Sport Design",EGP 575.00,,0%,,,
games,Home Supermarket Trolly Shopping Cart With 48 Accessories,"EGP 2,000.00",,0%,,,
games,Kitchen game for kids,EGP 450.00,,0%,,,
games,Inflatable Water Play Mat for Tummy Time - Marine Life Design - Blue,EGP 240.00,EGP 290.00,17%,,,5 out of 5(3)
games,"Kids Play Kitchen Set – 50-Piece Pretend Cooking Toy with Light, Sound, Spray, Sink & Rotating Dessert Table – Educational Role Play Kitchen for Toddlers Ages 3–5, Easy Assembly, Gift for Boys & Girls","EGP 1,150.00","EGP 1,200.00",4%,,,4 out of 5(1)
games,Lazy Air Inflatable Sofa Portable Outdoor Beach - 1pcs,EGP 220.00,EGP 350.00,37%,,,
games,"koolbitz Simulation Juicer Blender Toy, Pretend Play Kitchen Set With Realistic Light & Sound, Educational Role Play Gift For Kids Age 3+",EGP 260.10,EGP 388.00,33%,,,
games,Baby Boys Girls Children Princess Castle Teepee Pop-Up Toy Tents,EGP 860.00,"EGP 1,100.00",22%,,,5 out of 5(2)
games,"Hover Soccer Ball Boy Toy, Air Power Floating Hover Soccer with LED Light & Soft Foam Bumper, Kids Training Soccer Ball Indoor Outdoor Game, Birthday Gifts for Age 3 4 5 6 7 8-10 Years Old Boys Girls",EGP 300.00,,0%,,,
games,Yes Original GX66 - Optical Gaming Mouse,EGP 199.00,EGP 245.00,19%,,,5 out of 5(2)
games,Nintendo Super Mario Odyssey - Switch,"EGP 3,089.00",,0%,,,
games,"Basketball Shooting Game, 29PCS Tabletop Game Set Desktop Toys Arcade Basketball Game for Kids Adults Game Sports Favors Stress Relief",EGP 310.00,,0%,,,
games,"Exost Smash N Go Stunt Pack, Smash Powered Battle Cars, Double Launch Crash Game, Drag Race Vehicles with Lock Launchers, High-Speed Action Toys for Boys Aged 3+ Years, No Batteries",EGP 250.00,"EGP 1,000.00",75%,,,
games,Amusing Toy Stunt Scooter Bump & Go 360 Degree Rotating Spot Stunt Scooter Dancing Motorcycle Toy For Kids,EGP 369.00,EGP 490.00,25%,,,
games,Bandai Namco Elden Ring NIGHTREIGN - Seekers Edition - PS5,"EGP 3,255.00",,0%,,,
games,'n Toss Multi-Color Self-Adhesive Beach Toy Ball Set,EGP 125.00,EGP 275.00,55%,,,2.8 out of 5(4)
games,Square Enix Rise of the Tomb Raider - PS4,"EGP 1,549.00",,0%,,,
games,Cd Projekt Red Cyberpunk 2077 - PS4,"EGP 2,029.00",,0%,,,5 out of 5(1)
games,"2-in-1 Kitchen & Cashier Stand Toy – 83-Piece Interactive Cooking & Shopping Playset with Ice Cream Clay Maker  Water Dispenser, Sound & Light – Realistic Appliances – For Boys & Girls – 77*47*22 cm – Multi-Color","EGP 1,750.00","EGP 2,500.00",30%,,,
games,Remote Control Racing Car for Kids – High-Speed RC Vehicle with Dual Joystick Controller – Durable Wheels – Sleek Red Design – Indoor/Outdoor Toy Car – Easy-to-Use Remote – Gift for Boys & Girls – Ages 3+,EGP 375.00,,0%,,,
games,"Sports Car Model, White, 1:32 Scale with Front LED Light, Metal Diecast Model for Display and Collection",EGP 600.00,,0%,,,
games,SNK FATAL FURY: City of the Wolves - PS5,"EGP 3,369.00",,0%,,,
games,"Race Car Assembly, 486 Pieces, White, Black, Red, Suitable for Kids Ages 6 and Up",EGP 650.00,,0%,,,
games,A safe and comfortable swimming float for children with a backrest and handle.,EGP 125.00,EGP 350.00,64%,,,
games,EA Sports Need For Speed Heat - PS4,"EGP 1,425.00",,0%,,,4.5 out of 5(2)
games,Playstation Minecraft: Starter Collection - PS4,"EGP 2,029.00",,0%,,,
games,EA Sports FC26 - PS5,"EGP 3,705.00",,0%,,,5 out of 5(1)
games,ic Spiral Zipper Toy – Innovative Multi-colored Toy for Children,EGP 65.00,EGP 150.00,57%,,,3 out of 5(4)
games,Insomniac Games Spider-Man 2 PS5,"EGP 2,999.00",,0%,,,5 out of 5(1)
games,Water Toys Set For Kids – 4 Fun Pieces!,EGP 250.00,EGP 310.00,19%,,,4 out of 5(1)
games,UBISOFT Assassin's Creed Mirage - Arabic Dubbing - PS5,"EGP 2,119.00",,0%,,,5 out of 5(1)
games,Nintendo Kirby and the Forgotten Land - Switch 2 Edition + Star-Crossed World,"EGP 3,815.00",,0%,,,
games,Robot Toys for Children Over 3 Years Old,EGP 630.00,,0%,,,
games,Aula USB Wired Keyboard Model 2066 ii – Compatible with All Devices,"EGP 1,150.00","EGP 1,250.00",8%,,,
games,Children Playhouse Toys Mini Fridge Toy Set,EGP 163.75,EGP 200.00,18%,,,
games,Playset for Kids - 42 Pieces by Bebo_toys,EGP 900.00,"EGP 1,500.00",40%,,,
games,Nintendo The Legend of Zelda Tears of the Kingdom–Nintendo Switch 2,"EGP 4,705.00",,0%,,,
games,Safe and comfortable baby water float with a backrest and handle.,EGP 130.00,EGP 300.00,57%,,,1 out of 5(1)
games,Arabic Doctor's Tools Game for Kids,EGP 650.00,,0%,,,
games,Boxing Punching Bag With Pair Of Mini Gloves,EGP 350.00,,0%,,,
games,"1:32 Scale Metal Sports Car Model, Collector Print, Gray, Modern Design, with Fine Details and Light",EGP 575.00,,0%,,,
games,Kitchen Toys Pretend Play Set,EGP 129.25,EGP 200.00,35%,,,
games,rt Shop Dessert Play Set – Ice Cream – 10 Pcs - No:6656,EGP 239.00,,0%,,,
games,Vecto VT2770E/GR Flying Sensor Helicopter Toy – Green – Rechargeable USB Flying Toy with Lights & Remote Control,EGP 525.00,,0%,,,
games,DIE CAST Alloy Car Toy with Pull Back Feature - Red,EGP 320.00,,0%,,,5 out of 5(4)
games,Square Enix Shadow Of The Tomb Raider - PS4,"EGP 1,113.00",,0%,,,
games,Techno Zone V70-FBS USB Programmable Gaming Mouse With RGB LED & optical sensor PMW3325 - Black,EGP 799.00,"EGP 1,000.00",20%,,,
games,Game,EGP 275.00,,0%,,,
games,Mini Iron Toy for Kids - Fun Role-Play Adventure.,EGP 324.00,EGP 405.00,20%,,,
games,Playstation Sony Interactive Entertainment It Takes Two (PS4),"EGP 1,695.00",,0%,,,
games,Police Building Blocks Car Sports Car Model Gray Black 487+ Pieces Suitable for Children Over 8 Years Old,EGP 650.00,,0%,,,2 out of 5(1)
games,ic Spiral Zipper Toy - Multi-colored Rainbow Roller for Kids,EGP 65.00,EGP 150.00,57%,,,
games,1:43 Metal Car With Car Models Alloy Diecast Toys Military,EGP 200.00,,0%,,,
games,Ji Long Sunclub Colorful Scale Swim Tube Inflatable Large Swimming 90cm - No:35107,EGP 129.00,EGP 237.00,46%,,,1 out of 5(1)
games,Sports Car Fast Yellow Racing Car for Kids and Adults,EGP 504.00,EGP 630.00,20%,,,
games,Kids Remote Control Racing Car - 4-Way High Speed and Rechargeable,EGP 828.00,"EGP 1,035.00",20%,,,
games,Hair Accessories and Decorations for Girls 023,EGP 300.00,,0%,,,
games,A kitchen sink game with some game fruits and tap it with water,EGP 250.00,,0%,,,
games,Ea FC 25 UAE Version English And Arabic For Playstation 4,"EGP 4,399.00","EGP 5,180.00",15%,,,
games,Pizza Card Toy Set With Chef,EGP 123.50,EGP 170.00,27%,,,
games,Outright Games Paw Patrol On A Roll - PlayStation 4,"EGP 1,450.00",,0%,,,
games,Crane Truck Transporter - Multi-Terrain Racing Toy,"EGP 1,725.00","EGP 2,150.00",20%,,,
games,Sony Computer Entertainment Until Dawn - Playstation 4 - Interactive Horror Adventure Game,EGP 892.00,,0%,,,3.3 out of 5(3)
games,Nintendo Super Mario Party Jamboree-Nintendo Switch,"EGP 3,255.00",,0%,,,5 out of 5(1)
games,EA Sports FC26 - PS4,"EGP 3,589.00",,0%,,,
games,WB Games Mortal KOMBAT 11 Ultimate - PlayStation 4,"EGP 1,437.00",,0%,,,4.2 out of 5(5)
games,Catch 'n Toss Self-Adhesive Beach Toy Ball Set Multicolor,EGP 125.00,,0%,,,
games,UBISOFT Watch Dogs 2 - PS4,"EGP 1,249.00",,0%,,,
games,DIE CAST/DOOR OPEN/+3 Toy Car with Lights and Sounds,EGP 290.00,,0%,,,
games,'n Toss Multi-Color Self-Adhesive Beach Toy Ball Set,EGP 125.00,EGP 275.00,55%,,,5 out of 5(5)
games,"Electric Play Dishwasher Toy Set with Running Water, Kitchen Sink Playset with Utensils and Accessories, Ages 3+, 19 Pieces",EGP 500.00,EGP 550.00,9%,,,
games,Off-Road Car 360° Rotating Hand Controlled Toy Cars (Orange),"EGP 1,200.00",,0%,,,
games,FANTECH Kanata S Gaming Wired Mouse VX9S - Black,EGP 599.00,,0%,,,1 out of 5(1)
games,DIE CAST/LIGHT/DOOR OPEN/WHITE,EGP 299.00,,0%,,,4.7 out of 5(3)
games,"Kids Kitchen Playset with Lights, Sounds & Steam – Pretend Cooking Toy with Water Sink, Food Accessories & Storage – Interactive Educational Gift for Children Ages 2-8","EGP 1,650.00",,0%,,,
games,WB Games Lego Marvel Collection - PlayStation 4,"EGP 1,299.00",,0%,,,5 out of 5(5)
games,"Kids Cashier Stand Play Set – Shopping Cart, Scanner, Coffee Machine, Play Money, Visa Card & Groceries – Realistic Supermarket Toy for Boys & Girls Ages 3+ – Interactive Checkout Counter (40.5x33x20 cm) Bebo_toys","EGP 1,800.00","EGP 2,200.00",18%,,,
games,"1000 Pieces Multicolor Water Gel Balls for Decoration, Crystal Beads for Vases, Flowers, Rainbow Colors",EGP 275.00,,0%,,,
games,Activision Call of Duty: Black Ops 6 - PS5,"EGP 4,369.00",,0%,,,
games,Intex 58221NP-Deluxe Animal Swim Ring - Alpaca Design for Kids,EGP 295.00,EGP 499.00,41%,,,
games,Die Cast Model Metal Car 1:32 Car,EGP 740.00,"EGP 1,000.00",26%,,,
games,Rockstar Games GTA V - PS4,"EGP 1,490.00",,0%,,,5 out of 5(2)
games,DIE CAST/DOOR OPEN/3+ - Fun and Educational Toy for Kids,EGP 250.00,,0%,,,
games,Sony Interactive Entertainment Marvel's Spider Man 2 - Arabic and English - PS5,"EGP 3,704.00",,0%,,,
games,Bandai Namco ONE PIECE: PIRATE WARRIORS 4 - PS4,"EGP 1,919.00",,0%,,,
games,Stainless Steel Cookware Set For Kids no.6666,EGP 508.00,EGP 600.00,15%,,,5 out of 5(1)
games,Atari and Farming Game multiplayer games,EGP 600.00,,0%,,,
games,F1 Fast RC Drift Car Remote Control Car LED Lights 4WD 2.4GHz 360°Rotating RC Race Sport Stunt Car,"EGP 1,825.00","EGP 2,000.00",9%,,,
games,Remote Control Stunt Car – 360° Rotation – Rechargeable Battery – High-Speed RC Toy Vehicle with USB Cable – Rugged Wheels – Indoor/Outdoor Play – Power Craze Packaging – Ages 3+,EGP 600.00,,0%,,,
games,Bandai Namco Ace Combat 7: Skies Unknown - PS4,"EGP 1,695.00",,0%,,,
games,"Role Play Food Cooking Set - Kids Play Set with Sink, Steam Light and Sound - Bebo-toys",EGP 499.00,EGP 550.00,9%,,,2.5 out of 5(2)
games,FRIDGE/DISPENSER TOY,EGP 250.00,,0%,,,
games,Sony Interactive Entertainment ASTRO BOT - PS5,"EGP 3,899.00",,0%,,,
games,Sega Demon Slayer - Hinokami Chronicles 2 - PS5,"EGP 3,035.00",,0%,,,
games,Plastic Car Bear Shape 9 * 8 CM For Kids - Pink,EGP 250.00,,0%,,,
games,"Aula Full Mechanical Gaming Keyboard with Rainbow Backlit LED - Black Switches, Arabic/English F2058","EGP 1,100.00",,0%,,,
games,2k WWE 2K25 - PS5,"EGP 3,145.00",,0%,,,
games,Silicone Advanced Anti Fog Swimming Goggles Modern Design With Adjustable Silicone Strap And Nose Clip Suitable For Adults And Kids - Purple,EGP 150.00,,0%,,,
games,"Aula Full Mechanical Gaming Keyboard with Rainbow Backlit LED - Red Switches, Arabic/English F2058","EGP 1,100.00",,0%,,,
games,"Aula Full Mechanical Gaming Keyboard with Rainbow Backlit LED - Red Switches, Arabic/English F2058","EGP 1,100.00",,0%,,,5 out of 5(1)
games,Warner Bros. Interactive Hogwarts Legacy - PS5,"EGP 2,250.00",,0%,,,
games,Bandai Namco Tekken 8 - PS5,"EGP 2,809.00",,0%,,,
games,"Hover Soccer Toy, Rechargeable Floating Soccer Ball with Led Lights and Foam Cushion, New Soccer Toys for Indoor Use, Best Gift for Children's Soccer Toys (C)",EGP 250.00,,0%,,,
games,'s Racing Car,EGP 525.00,,0%,,,
games,Playstation Marvel’s Spider Man: Miles Morales - PS5,"EGP 1,809.00",,0%,,,
games,Playstation Marvel’s Spider-Man 2 - PS5,"EGP 2,950.00","EGP 3,300.00",11%,,,
games,Safe and comfortable swimming float for children with a backrest and handle.,EGP 125.00,EGP 300.00,58%,,,
games,UBISOFT Assassin's Creed Mirage - Arabic Dubbing - PS4,"EGP 2,145.00",,0%,,,5 out of 5(1)
games,Sony Interactive Entertainment Demon's Souls - PS5: Experience the Reimagined Classic,"EGP 1,809.00",,0%,,,
games,Mojang Ab Minecraft - PS5,"EGP 1,919.00",,0%,,,
games,Dinosaur Toy For Kids For Endless Hours Of Entertainment - Multi Colour,EGP 300.00,,0%,,,
games,DIE CAST/METAL CAR - Durable and Safe Toy for Kids,EGP 265.00,,0%,,,
games,Semi Traction Transport Excavator Set 1/12 - QH9010,"EGP 3,399.00",,0%,,,
games,Kitchen With Water Sink Kids Toy - Pink,EGP 323.00,EGP 600.00,46%,,,3.1 out of 5(15)
games,Playstation Wanted: Dead - PS5,"EGP 2,029.00",,0%,,,
games,Baby Float In The Shape Of A Duck - High Quality,EGP 139.56,EGP 450.00,69%,,,3 out of 5(2)
games,Red Shopping Cart With Wheels 0185,EGP 430.00,,0%,,,
games,1:43 Metal Car with Car Models - Alloy Diecast Toy by Gepp,EGP 200.00,,0%,,,
games,Sony Sony Stray - PlayStation 5: The Unique Cat Adventure Game,"EGP 1,749.00",,0%,,,
games,A safe and comfortable swimming pool for young children with a backrest equipped with a handle,EGP 130.00,EGP 300.00,57%,,,4 out of 5(1)
games,Milestone S R L Hot Wheels Unleashed - PS5,"EGP 1,509.00",,0%,,,
games,Theme Party Toys Tea Set for Little Girls,EGP 485.00,,0%,,,
games,Robot Toys For Children Over 3 Years Old,EGP 600.00,,0%,,,
games,Toys Children Early Educational Learning Puzzle Wooden,"EGP 1,403.60","EGP 2,736.80",49%,,,
games,EA Sports Need for Speed Hot Pursuit Remastered Nintendo Switch,"EGP 1,899.00",,0%,,,
games,Kitchen Little Chef Play Series 46 Pcs,"EGP 1,600.00",,0%,,,
games,Bandai Namco DRAGON BALL Z: Kakarot PS5,"EGP 1,999.00",,0%,,,
games,"Water Beads Mix Crystal Jelly Balls Rainbow Bullet 7mm, Bag 1000 Pcs",EGP 90.00,,0%,,,5 out of 5(1)
games,Plastic Ice Cream Toy Double Twister Fun Multicolour,EGP 550.00,,0%,,,
games,PLAYSET,"EGP 1,450.00",,0%,,,
games,DIE CAST/DOOR OPEN/3+,EGP 340.00,,0%,,,4.3 out of 5(3)
games,Remote Control Car,EGP 175.25,EGP 200.00,12%,,,
games,"A Hand-controlled Volleyball Game Developed With Endless Tricks, Blue",EGP 287.00,,0%,,,2.5 out of 5(2)
games,Sony Sony PlayStation 5 DualSense Wireless Controller – Chroma Pearl,"EGP 4,998.00",,0%,,,
games,Kitchen With Water Sink Kids Toy - Blue,EGP 333.00,EGP 600.00,45%,,,4.3 out of 5(15)
games,GAME SCIENCE Black Myth: Wukong - PS5,"EGP 4,035.00",,0%,,,
games,Sega Sega Sonic Frontiers Combat (PS5) - Action-Adventure Game,"EGP 1,919.00",,0%,,,3 out of 5(2)
games,Playing House Vegetable With Kitchen Accessories,EGP 278.75,EGP 320.00,13%,,,
games,Rockstar Games Grand Theft Auto V: Premium Edition - PS4,"EGP 1,134.00",,0%,,,4.5 out of 5(2)
games,Activision Call Of Duty Vanguard PS4 - English,"EGP 1,699.00",,0%,,,5 out of 5(1)
games,"Pro Dream DIY Kitchen Playset for Girls with Lights, Sounds, Working Water Sink, Candy Rack and Accessories – Perfect Gift for Kids Ages 2-8",EGP 850.00,"EGP 1,250.00",32%,,,
games,Capcom Resident Evil Village Gold Edition - PS4,"EGP 1,895.00",,0%,,,
games,Remote Control Autobot Model Car Engineering,"EGP 1,285.00","EGP 1,400.00",8%,,,
games,Nintendo Donkey Kong Bananza-Nintendo Switch 2,"EGP 5,375.00",,0%,,,
games,UBISOFT The Crew Motorfest - Arabic and English - PS5,"EGP 2,589.00",,0%,,,
games,"Exost Smash N Go Stunt Pack, Smash Powered Battle Cars, Double Launch Crash Game, Drag Race Vehicles with Lock Launchers, High-Speed Action Toys for Boys Aged 3+ Years, No Batteries",EGP 250.00,"EGP 1,000.00",75%,,,
games,Inflatable Beach Ball Mickey Mouse 51cm - No:91098,EGP 164.00,,0%,,,3 out of 5(1)
games,HP  keyboard usb mechanical Blue Switch,"EGP 1,250.00","EGP 1,350.00",7%,,,
games,"Electric Play Dishwasher Toy Set with Running Water, Kitchen Sink Playset with Utensils and Accessories, Ages 3+, 19 Pieces",EGP 500.00,EGP 550.00,9%,,,
games,"Kitchen Paradise Toy Set for Kids – Realistic Steam & Water Effects – Interactive Cooking Playset with Utensils, Sink, Oven & Clock – Educational Pretend Roleplay Kitchen – Gift for Boys & Girls Ages 3+ – Colorful & Compact Design",EGP 800.00,"EGP 1,200.00",33%,,,
games,Plastic Train Food Station Toy Comes With 6 Color Clay Cups So Sweet And Easy Extra Soft And Light Multicolour,EGP 450.00,,0%,,,
games,"A transforming car toy with a remote control and a 4-way fast car, suitable for all children, from 4 to 12 years old.",EGP 390.00,,0%,,,4 out of 5(1)
games,Engineering Truck Excavator Scale 1/12 With Remote Control - QH9001-2,"EGP 2,599.00",,0%,,,
games,EA Sports FC 26 - Nintendo Switch 2,"EGP 4,125.00",,0%,,,
games,"Baby Tummy Time Water Mat Premium Activity Center Promoting Baby Toys & Sensory Toys,Baby play mat Visual Stimulation Gift for Boys & Girls",EGP 150.00,,0%,,,
games,"MUMS PLANET Armbands For Children With Cartoon Drawings Of Their Favorite Hero, Captain America_Captain America Armbands_Cartoon Heroes Children's Swimming Rings",EGP 150.00,,0%,,,5 out of 5(1)
games,48-piece Children's Kitchen Toy - Engaging Playset for Kids,"EGP 1,350.00","EGP 1,700.00",21%,,,
games,Plastic Coffee Machine Toy Beautiful And Dazzling Shape Yh129-1B Pink,EGP 480.00,,0%,,,
games,Size 5 Football Designed In Black And White Color,EGP 169.00,EGP 300.00,44%,,,4 out of 5(4)
games,Zippy Mat Jumbo Touch Keyboard Mat - 24 Keys / 8 Instruments for Kids,"EGP 2,349.00",,0%,,,5 out of 5(1)
games,Fire Truck Toy - Red,EGP 340.00,,0%,,,1 out of 5(1)
games,wave Play Game – Interactive Toy for Kids,EGP 790.00,"EGP 1,200.00",34%,,,
games,MUMS PLANET 4 Pcs Dive Torpedo Bandits Pool Toys,EGP 195.00,,0%,,,3.7 out of 5(3)
games,"Remote Control Dinosaur Toy for Kids – Spray Function, Walking & Egg-Laying – Realistic Tyrannosaurus Rex with Mist Effect – Interactive Prehistoric Play – Includes Dino Eggs & Controller – Ages 3+ – Color May Vary","EGP 1,000.00",,0%,,,
games,Warner Bros. Interactive Mortal Kombat 11 Ultimate Edition - PS5,"EGP 1,475.00",,0%,,,
games,"Kitchen Toy Set, Come With Cooking Accessories, Sink With Running Water, Vegetables,fruits, Pots,Basket.Large Storage Space.Educational Toy",EGP 359.10,EGP 399.00,10%,,,
games,DIE CAST/+3/DOOR OPEN/BLACK,EGP 295.00,,0%,,,5 out of 5(1)
games,Water Toys Set For Kids – 4 Fun Pieces!,EGP 250.00,EGP 310.00,19%,,,
games,Sega Sega Ben 10 - PS4: Action-Adventure Video Game,EGP 948.00,,0%,,,
games,1:36 Alloy Car Model with Open Doors - Small Toy for Decoration (Black),EGP 250.00,,0%,,,5 out of 5(1)
games,Fun Kitchen Fridge & Stove,EGP 152.25,EGP 200.00,24%,,,
games,47 pieces cashier supermarket toy with trolli with sound and light,"EGP 1,500.00",,0%,,,
games,Playstation Hello Neighbor 2 - PS4,"EGP 1,585.00",,0%,,,
games,FANTECH ATOM 81 MK875V2 RGB Wired Mechanical Gaming Keyboard,"EGP 1,699.00",,0%,,,
games,Konami Teenage Mutant Ninja Turtles: The Cowabunga Collection - PS5,"EGP 1,809.00",,0%,,,
games,Sony Interactive Entertainment Horizon Forbidden West - PS5,"EGP 2,255.00",,0%,,,
games,Fathy Mahmoud 26-Piece Dinner Set - Elegant Porcelain Tableware,"EGP 2,900.00","EGP 3,850.00",25%,,,
games,Engineering Truck With Excavator - QH9001-1D,"EGP 2,019.00",,0%,,,
games,Kitchen Game For Children3,EGP 495.00,,0%,,,
games,Sony Interactive Entertainment Killzone: Shadow Fall - PS4,EGP 919.00,,0%,,,
games,EA Sports FC26 - Nintendo Switch,"EGP 3,479.00",,0%,,,
games,"1:32 Scale Premium Sports Car Model, High Quality Alloy, Red with Blue, with Light",EGP 575.00,,0%,,,
games,Aula USB Wired Keyboard Model 2058 F – Compatible with All Devices,"EGP 1,250.00","EGP 1,350.00",7%,,,
games,AM ANNA Play Kitchen Playset with Realistic Steam & Light,EGP 575.00,,0%,,,2 out of 5(1)
games,DIE CAST Army Car Toy - Brown,EGP 250.00,,0%,,,2 out of 5(1)
games,Play House Toys Mini Water Dispenser Toy,EGP 120.00,,0%,,,
games,"Kids' kitchen play set with sink and steam kettle, featuring a realistic design - Beebo Toys",EGP 500.00,EGP 550.00,9%,,,
games,Kitchen Toy for kids 38pcs light & sound,EGP 525.00,,0%,,,
games,2k Mafia: The Old Country - PS5,"EGP 3,145.00",,0%,,,
games,Electronics Arts FIFA 21 - Arabic and English,"EGP 1,349.00",,0%,,,
games,", Dog Shape Drinking Water Dispenser (Blue)",EGP 130.00,,0%,,,
games,DIE CAST/LIGHT/DOOR OPEN,EGP 310.00,,0%,,,
games,HP Pavilion 800 RGB Mechanical Gaming Keyboard – Red Switches (ENGLISH VERSION),"EGP 1,599.00","EGP 2,900.00",45%,,,
games,A Little Chef - For Girls - Multicolor,EGP 999.00,,0%,,,4.8 out of 5(9)
games,Bandai Namco NARUTO X BORUTO Ultimate Ninja STORM CONNECTIONS - PS5,"EGP 2,255.00",,0%,,,
games,Solutions2Go Hitman World Of Assassination PS5,"EGP 2,213.00",,0%,,,
games,"Triggle Game Rubber Bands, Triggle Board Game Chains Triangle Chess Game Interactive Stacking Game Strategy Family Party Game Toy Classic Desktop Board Games for Children Kinetic",EGP 275.00,,0%,,,
games,Conqueror Remote Control Jeep with Remote no.3335,EGP 244.25,EGP 300.00,19%,,,
games,Sony Interactive Entertainment Ghost of Tsushima Director's Cut - PS5,"EGP 3,255.00",,0%,,,
games,Playset,EGP 650.00,,0%,,,
games,"Electric Play Dishwasher Toy Set for Kids – Real Water Flow Kitchen Sink Playset – 19-Piece Pretend Play Set with Utensils, Plates, Vegetables & Faucet – Educational Role-Play Toy – Ages 3+ – Safe & Durable – Color May Vary",EGP 499.00,EGP 750.00,33%,,,
games,Girls Watch From GTG Toys - New,EGP 170.00,,0%,,,
games,Metal DODGE Car Model with Openable Doors - 1:36 Scale,EGP 225.00,,0%,,,
games,Capcom Resident Evil Origins Collection - PS4,"EGP 1,585.00",,0%,,,
games,Children's Ring Swim Ring - Fun Water Safety for Kids,EGP 69.00,,0%,,,
games,Capcom Resident Evil Village (Arabic and English Edition)  - PS5,"EGP 1,889.00",,0%,,,
games,Activision Crash Team Racing Nitro Fueled - PS4,"EGP 1,772.00",,0%,,,4.9 out of 5(17)
games,SNK THE KING OF FIGHTERS XV - PS5,"EGP 2,789.00",,0%,,,
games,2k TopSpin 2K25 - PS5,"EGP 1,999.00",,0%,,,
games,Sega Like A Dragon: Ishin - PS5,"EGP 2,005.00",,0%,,,
games,Sega Like a Dragon: Infinite Wealth - PS5,"EGP 2,789.00",,0%,,,
games,Nacon Tennis World Tour 2 - Complete Edition - PS5,"EGP 1,975.00",,0%,,,
games,Square Enix Life Is Strange: Double Exposure - PS5,"EGP 3,788.00","EGP 4,089.00",7%,,,
games,Ea SPORTS FC 26 Standard Edition PS4  Video Game  English,"EGP 3,099.00",,0%,,,
games,Car With Car Models Alloy Diecast Toys 1:43,EGP 200.00,,0%,,,
games,"FunBlast Magnetic Fish Catching Game with Fishing Rod, 6 Aquatic Animal & Inflatable Tub Toy for Kids, Fishing Games for Children (Random Color)",EGP 250.00,,0%,,,
games,Sony Interactive Entertainment Rise of the Ronin - PS5,"EGP 3,469.00",,0%,,,
games,Outright Games Jumanji: The Video Game - Arabic and English Edition - PS5,"EGP 1,419.00",,0%,,,
games,EA Sports EA SPORTS FC 25 Arabic and English - PS4,"EGP 3,109.00",,0%,,,
games,CAR Gameplay Plastic Cartoon Green  Green - New,EGP 160.00,,0%,,,
games,Nacon WRC 10 - PS5,"EGP 1,799.00",,0%,,,
games,Long Alpaca Ring Outdoor Inflatable Water Sports Pool,EGP 125.25,,0%,,,
games,Sega Sega Team Sonic Racing - PlayStation 4,"EGP 1,599.00",,0%,,,
games,New Simulation Play House Toys Vegetables and Fruits Cutting,EGP 290.00,EGP 350.00,17%,,,
games,RC Mecha Tank Stunt Water Bomb Tank no.585-33A,"EGP 1,026.00","EGP 1,500.00",32%,,,
games,Insomniac Spider-Man Goty - Arabic Edition For PS4,"EGP 2,199.00",,0%,,,3.7 out of 5(12)
games,Capcom Resident Evil 7 biohazard Gold Edition  - PS5,"EGP 2,029.00",,0%,,,
games,"AMAZING DISHWASHER 19 PEICES WATER BASIN,MOTORIZED,AUTOMATICALLY DISPENSES WATER WITH STRAINER AND A DISH RACK AND CUTTING BOARD",EGP 800.00,,0%,,,
games,Activision Call Of Duty: Black Ops 4 - Standard Edition - PlayStation 4,"EGP 1,199.00",,0%,,,3.5 out of 5(15)
games,Capcom Street Fighter 6 - PS5,"EGP 2,475.00",,0%,,,
games,Activision Crash Bandicoot N-Sane Trilogy for PlayStation 4,"EGP 1,521.00",,0%,,,4.9 out of 5(8)
games,Large broom,EGP 550.00,,0%,,,
games,Ea SPORTS FC 26 Standard Edition PS5  VideoGame  English,"EGP 2,999.00",,0%,,,
games,Kitchen Toy For Kids - 18 Piece Playset for Imaginative Fun,EGP 800.00,,0%,,,5 out of 5(2)
games,Inflatable Swimming Buoy Size 115 Cm - Ideal Kids Safety Float,EGP 150.00,EGP 450.00,67%,,,5 out of 5(1)
games,Integrated Kitchen Toy For Children,EGP 170.00,,0%,,,2 out of 5(1)
games,"Stover Garten 53-Piece Kitchen Set For Kids And Girls, Kitchen Playset With Realistic Sound And Steam Simulation With Water Outlet For Toddlers And Girls","EGP 1,150.00",,0%,,,
games,Sony Interactive Entertainment Returnal - PS5,"EGP 2,029.00",,0%,,,
games,EA Sports Battlefield 2042 - Playstation 4 - Arabic Version,"EGP 1,250.00",,0%,,,
games,3 In 1 Cartoon Mobile Briefcase Kids Kitchenette Toy Pretend Play Mini Kitchen Toy Set,EGP 475.00,,0%,,,
games,Licensed Playstation Godfall - PS5 (PlayStation 5),"EGP 1,139.00",,0%,,,
games,Ji Long Sunclub Inflatable Pool Float Dinosaur Animal Shape For Kids - No:35001,EGP 229.00,EGP 479.00,52%,,,
games,Rockstar GTA V: Grand Theft Auto V - Xbox Series X,"EGP 1,957.00",,0%,,,
games,Car Toy With Remote Control And Pedals,EGP 658.00,EGP 700.00,6%,,,
games,Semi Transporter Truck With 2 Full Layers With Remote Control - QH9006-2,"EGP 2,719.00",,0%,,,
games,"Duck Dispenser Toy - Cute Water Fountain Shaped Like a Duck, Boosts Kids' Independence, Ideal for Birthday Parties, Girls’ Rooms, and Fun Hydration Activities",EGP 460.33,,0%,,,
games,Robot Dog Stunt Spray Effect,"EGP 1,100.00","EGP 2,000.00",45%,,,
games,Activision Crash Bandicoot 4: It's About Time - PS4,"EGP 1,900.00",,0%,,,4.6 out of 5(5)
games,Cd Projekt Red The Witcher 3: Wild Hunt - PS4.,"EGP 1,475.00",,0%,,,
games,Table Football Soccer Game,"EGP 5,900.00",,0%,,,
games,Sega  Demon Slayer: Kimetsu no Yaiba - PS5,"EGP 2,005.00",,0%,,,
games,Speed Super Racing 3D Light Design,EGP 185.00,EGP 230.00,20%,,,
games,Nintendo Pokemon Legends: Arceus-Nintendo Switch,"EGP 3,035.00",,0%,,,
games,General Full Sea Display 5 Pieces Water + Inflatable Float + Life Jacket Shoulders + Pilot Rope Water Gun + Full Display Multi-Shape & Colors From Bavly,EGP 445.00,,0%,,,
games,market Playset for Kids - Grocery Store Pretend Play Role Market Stall Toy Shop,"EGP 1,700.00",,0%,,,
games,Duck-Shaped Water Dispenser Toy For Kids,EGP 125.00,,0%,,,1 out of 5(1)
games,", Dog Shape Drinking Water Dispenser (Pink)",EGP 130.00,,0%,,,
games,FANTECH Fighter III K614L RGB Wired Gaming Keyboard – Black,EGP 649.00,,0%,,,
games,"Kids Play Kitchen Set with Lights, Sounds & Water Spray – 90 PCS Pretend Play Cooking Toy with Sink & Color-Changing Food (Height: 96 cm)","EGP 3,750.00",,0%,,,
games,Home Little Helper Cleaning Tools 13 Pcs,EGP 750.00,,0%,,,
games,Whirlwind Car Simulation Model,EGP 388.00,EGP 450.00,14%,,,
games,Cute Sunlight Imaginative Arts Pottery Wheel for Unisex,EGP 450.00,,0%,,,
games,"Military Model 1:14 Sacle Model Electric, Waterproof With Remote Control",EGP 669.75,EGP 800.00,16%,,,
games,AM ANNA Play Kitchen Playset with Realistic Steam & Light for Kids,EGP 575.00,,0%,,,
games,"Genetic Kitchen toy for kids ""Taste Kitchen"".",EGP 350.00,,0%,,,
games,UBISOFT Prince of Persia: The Lost Crown - PS5,"EGP 2,475.00",,0%,,,
games,Mojang Ab Minecraft - PlayStation 5,"EGP 2,200.00",,0%,,,
games,Playstation Need For Speed Heat - Arabic Edition - For Playstation 4,"EGP 1,425.00",,0%,,,
games,Sony Little Big Planet 3 - PlayStation 4,EGP 649.00,,0%,,,
games,"Mini Football Games, Tabletop Football Game Set For Kids, Desktop Soccer Game With 3 Footballs, Family Sports Board Game, Exercise Children's Agility And Visual Skills",EGP 400.00,,0%,,,
games,Shark Game,EGP 250.00,,0%,,,
games,"Football, basketball and dart 3 in 1",EGP 620.00,,0%,,,
games,Plastic Cute Mini Refrigerator,EGP 300.00,,0%,,,
games,beach racket,EGP 245.00,,0%,,,
games,Ji Long Sunclub Unicorn Swim Ring 55 Cm No: 37434,EGP 109.00,EGP 235.00,54%,,,2.5 out of 5(2)
games,Sega Sonic Forces -Nintendo Switch,"EGP 1,809.00",,0%,,,
games,Fun Kitchen Ware Stove & Dispenser,EGP 152.25,EGP 200.00,24%,,,
games,"Sling Puck Family Game - Fast & Rapid Tabletop Table Battle, Top Xmas Gift 2025, Unique Kids & Adults Christmas Stocking Stuffer Idea, Best Teenage Girl, Teen Boy & Tween Holiday Present",EGP 300.00,,0%,,,5 out of 5(2)
games,"Baby Tummy Time Water Mat  Premium Activity Center Promoting Baby Toys & Sensory Toys,Baby play mat Visual Stimulation Gift for Boys & Girls",EGP 150.00,,0%,,,5 out of 5(1)
games,Red5 RC Pagani Zonda R Car,"EGP 1,950.00","EGP 2,400.00",19%,,,
games,Activision Crash Team Rumble - PS4,"EGP 1,919.00",,0%,,,
games,Playstation ASTRO BOT - PS5,"EGP 3,897.00",,0%,,,
games,"with Realistic Lights and Sounds, Running Water Play Tub, Candy Rack Toy and Kitchen Accessories Set for 2-8 Years",EGP 790.00,"EGP 1,000.00",21%,,,
games,Spray Stunt Car Speed And Power rc no.jt690,"EGP 1,083.00","EGP 1,125.00",4%,,,
games,Laser Lateral & Burst Stunt Car - Remote Control Car,"EGP 1,112.50","EGP 1,400.00",21%,,,
games,2k LEGO (2K) Drive - PlayStation 5,"EGP 1,899.00",,0%,,,
games,"MUMS PLANET Cartoon Inflatable Swimming Ring, Kids Swimming Accessories, Cartoon Pool, Kids Safety Handle Boat, Suitable For Beach And Pool. (Multicolor) _ Kids Swimming Pool Toys _ Cartoon Shape Infant Safety Float _ Inflatable Kids Swimming Boat",EGP 400.00,,0%,,,
games,UBISOFT Assassin's Creed Valhalla - PS5,"EGP 1,475.00",,0%,,,5 out of 5(1)
games,Truck 1/12With Remote Control & 6 Bullets - QH9004-3,"EGP 2,719.00",,0%,,,
games,Plastic Car Bear Shape 9x8 CM For Kids - Mustard,EGP 250.00,,0%,,,
games,Portable Suitcase Shape Kids Kitchen Playset - 53 PCS with Lights & Sounds,"EGP 1,150.00","EGP 1,500.00",23%,,,
games,EA Sports 2014 FIFA World Cup Brazil – PlayStation 3,"EGP 3,400.00",,0%,,,
games,Mini Iron Children's Stimulation Household Appliances Series,EGP 307.50,EGP 400.00,23%,,,
games,Donuts Sea Buoy 90cm - Inflatable Pool Toy for Kids,EGP 150.00,EGP 200.00,25%,,,5 out of 5(1)
games,"Kids Kitchen Sink Toy with Motorized Faucet – Real Water Circulation System, Dish Rack, Plates, Cups, Utensils, Soap Bottle & Brush – Colorful Pretend Play Set for Toddlers – Safe Plastic – Interactive Role Play Fun",EGP 700.00,,0%,,,
games,Metal Sports Car Model Collector Collection Model 1:32 Scale Black with LED Light Fashion Design,EGP 575.00,,0%,,,
games,Warner Bros. Interactive Mortal Kombat 11 - PS4,"EGP 1,399.00",,0%,,,5 out of 5(1)
games,Sun Club Armbands 23cm X15cm(9inx6in),EGP 200.00,,0%,,,
games,1:43 Metal Car with Car Models Alloy Diecast Toys Gepp,EGP 200.00,,0%,,,
games,"Pool Float For Adult, Pool Float Tube For Kids, Pool Swim Ring,Water Fun Large Blow Up Summer Beach Swimming Raft Kids Adults",EGP 175.00,,0%,,,
games,Toys Kitchen Dolls Toys for 3 Year Old Girls,EGP 585.00,EGP 650.00,10%,,,
games,& Light Kitchen Set Toy for Kids with Amazing Sound and Accessories - 42 PCS Kitchen PLAYSET,EGP 850.00,"EGP 1,200.00",29%,,,
games,Warner Bros. Interactive Hogwarts Legacy - Arabic Edition - PS4,"EGP 2,145.00",,0%,,,
games,PINK CUP HOLDER FLAMENGO FLOATER,EGP 160.00,,0%,,,5 out of 5(2)
games,Remote Control Robot Toys For Children Over 3 Years Old,"EGP 1,200.00",,0%,,,
games,"Air Power Football Toy, Hover Soccer Ball Rechargeable with LED Colorful Lights Sport Ball, Hover Ball Gift Outdoor Indoor Games for Boys Girls Age 3+",EGP 376.00,,0%,,,
games,Insomniac Games ’s Spider-Man Miles Morales - Action-Adventure Game for PlayStation 4,"EGP 1,999.00",,0%,,,4.3 out of 5(12)
games,Castle bathroom shower for baby,EGP 495.00,,0%,,,
games,"DMG TECH DMG Hover Soccer Ball, Indoor Floating Soccer Ball Toys with Colorful LED Light and Soft Foam Bumper, Fun Soccer Training Equipment, Safe for Indoor Play, Perfect Gifts for Boys Girls Kids",EGP 350.00,,0%,,,
games,Sony Interactive Entertainment Detroit Become Human Arabic And English - PS4,"EGP 1,885.00",,0%,,,5 out of 5(1)
games,Microids The Smurftastic Collection - PS5,"EGP 2,475.00",,0%,,,
games,Model Car Remote Control R/C 1:12,"EGP 1,227.00","EGP 2,200.00",44%,,,
games,Nintendo NintendoSwitch Sports,"EGP 2,925.00",,0%,,,
games,"Aula Full Mechanical Gaming Keyboard with Rainbow Backlit LED - Black Switches, Arabic/English F2058","EGP 1,100.00",,0%,,,
games,Plastic Blender Toy Beige,EGP 250.00,,0%,,,
games,DIE CAST/yellow/DOOR OPEN,EGP 290.00,,0%,,,
games,Sega Demon Slayer - Hinokami Chronicles 2 - Nintendo Switch,"EGP 3,009.00",,0%,,,
games,Electronic Arts EA Sports UFC 5 - PlayStation 5,"EGP 2,200.00",,0%,,,5 out of 5(1)
games,Konami Metal Gear Solid: Master Collection Vol. 1 - PS5,"EGP 3,035.00",,0%,,,
games,Aula S11 RGB Gaming USB Cable Mouse,EGP 290.00,EGP 350.00,17%,,,
games,"Premium Sports Car, Black, Die-cast Metal Model, 1:32 Scale with LED Light, Display and Collection Toy Cars",EGP 600.00,,0%,,,
games,small kids kitchen,EGP 475.00,,0%,,,
games,Water Toys Set For Kids – 4 Fun Pieces!,EGP 250.00,EGP 310.00,19%,,,
games,Cd Projekt Red Cyberpunk 2077 : Ultimate Edition - PS5,"EGP 2,589.00",,0%,,,
games,Fun Kitchen Rice Cooker & Stove,EGP 158.00,EGP 200.00,21%,,,
games,Bus for kids,EGP 300.00,,0%,,,5 out of 5(1)
games,Outright Games Ben 10: Power Trip - PS5,"EGP 1,803.00",,0%,,,
games,"2 Cars With 2 Controllers,Racing Game for children and Adults","EGP 1,000.00",,0%,,,
games,Free Soldier Soldier Force Bucket Playset (100 Pieces) - New,"EGP 1,530.00",,0%,,,
games,Sega Sonic Racing: CrossWorlds – PS5,"EGP 3,899.00",,0%,,,
games,Milestone S R L HOT WHEELS UNLEASHED 2 Turbocharged - Nintendo Switch,"EGP 2,449.00",,0%,,,
games,Buggy Speed Drift Vehicle 1:10 with Remote Control - YC21121- 333,"EGP 3,909.00",,0%,,,
games,Red Dead Redemption 2 - PlayStation 4 Game,"EGP 1,499.00","EGP 1,700.00",12%,,,5 out of 5(2)
games,Outright Games Teenage Mutant Ninja Turtles: Mutants Unleashed - PS5,"EGP 2,589.00",,0%,,,
games,Tent Kids 3 In 1 Tunnel Tent Game,EGP 885.00,,0%,,,
games,Marine Animal Water Mat for Babies,EGP 270.00,EGP 350.00,23%,,,
games,Laser Lateral & Burst Stunt Car - Remote Control Car,"EGP 1,112.50","EGP 1,400.00",21%,,,
games,Rockstar Red Dead Redemption - PS4,"EGP 2,029.00",,0%,,,
games,Capcom Resident Evil 4 Remake Gold Edition - Arabic and English - PS5,"EGP 2,589.00",,0%,,,
games,2K Games 2K Drive - PS5: Open-World Racing Adventure,"EGP 1,919.00",,0%,,,
games,Kids Kitchen Toy Set – 104-Piece Pretend Play Food & Accessories – Large Size 54x22x101 cm – Indoor Play Sink with Lights & Steam Sounds – Realistic Cooking Fun for Toddlers – Valuable Gift – Bebo_toys,"EGP 1,800.00","EGP 2,200.00",18%,,,
games,STOVE/DISPENSER TOY SET,EGP 250.00,,0%,,,
games,"Castle Kitchen Play Set for Kids – 38-Piece Cooking Station with Lights & Sound – Toy Stove, Oven, Fridge, Sink & Accessories – Pretend Play for Boys & Girls Ages 3+ (30x12x40 cm)",EGP 650.00,"EGP 1,000.00",35%,,,
games,Bandai Namco BLEACH Rebirth of Souls - PS5,"EGP 3,009.00",,0%,,,
games,Nintendo Pokemon Violet-Nintendo Switch,"EGP 3,035.00",,0%,,,
games,UBISOFT Far Cry 6 PlayStation 5 - Arabic,"EGP 1,557.00",,0%,,,
games,Focus Entertainment Evil West - PS5,"EGP 1,789.00",,0%,,,
games,Outright Games PAW Patrol: Grand Prix - PS5,"EGP 1,949.00",,0%,,,
games,No Man's Sky - PS5,"EGP 2,245.00",,0%,,,
games,Kitchen Toy For Kids 18 Pcs,EGP 800.00,,0%,,,5 out of 5(1)
games,Bandai Namco DRAGON BALL: Sparking! ZERO - PS5,"EGP 3,035.00",,0%,,,
games,Drift Spray Truck - Remote Control Car,EGP 997.50,"EGP 1,400.00",29%,,,
games,2K Games Games Mafia Trilogy PLAYSTATION 4,"EGP 1,699.00",,0%,,,5 out of 5(2)
games,Fun Kitchen Rice Cooker & Fridge,EGP 163.75,EGP 200.00,18%,,,
games,Capcom Resident Evil 6 - PS4,"EGP 1,365.00",,0%,,,
games,"Chain Triangle Game, Triggle Game, Triggle Elastic Band Game, Chain Triangle Game, Classic Strategy Collectable Pegboard Game for Children, Adults, Family Party",EGP 300.00,,0%,,,
games,"FANTECH Fighter III KeyBoard, Mechanical Feel, RGB Lighting, Wired Gaming Keyboard - Black",EGP 699.00,,0%,,,
games,Restaurant Delicious Pizza For Kids,EGP 163.75,EGP 230.00,29%,,,
games,"Racing Car - Sporty Red Design, High Speed and Precise Control",EGP 804.00,"EGP 1,005.00",20%,,,
games,Tent Kids 3 In 1 Tunnel Tent Game,EGP 885.00,,0%,,,
games,Ric Speed Formula 1 Racing Car Dream,EGP 825.00,"EGP 1,000.00",18%,,,
games,Konami METAL GEAR SOLID SNAKE EATER - PS5.,"EGP 4,035.00",,0%,,,
games,Metal Modification Accessory Kit Suspension  Steering Knuckle Set for Tamiya TT01 TT-01 1/10 RC Car Upgrade Parts,"EGP 2,351.45","EGP 4,008.60",41%,,,
games,Round Swimming Ring With Watermelon Design - Red,EGP 250.00,,0%,,,
games,Nuts dish,EGP 399.00,EGP 875.00,54%,,,
games,BASKETEBALL GAME VERY INTERSTING,EGP 380.00,,0%,,,
games,Namco Bandai Paw Patrol Mighty Pups Save Adventure Bay - Nintendo Switch,"EGP 1,950.00",,0%,,,
games,Kenzy Toys Yellow Baby Car,"EGP 1,850.00",,0%,,,
games,Electronic Arts Battlefield 2042 - English Edition for PlayStation 5,"EGP 1,255.00",,0%,,,
games,Rastar Radio Control Car BMW I8 -48400,"EGP 1,290.00",,0%,,,
games,Rockstar Games Grand Theft Auto V Ps5 Game,"EGP 1,699.00","EGP 1,800.00",6%,,,
games,Outright Games PAW Patrol: Grand Prix - PS4,"EGP 1,919.00",,0%,,,
games,Rastar Mclaren P1 1:24 With Remote Control - Orange - 56700,"EGP 1,719.00",,0%,,,
games,"Inflatable Ocean Theme Water Play Mat for Kids - Tummy Time Activity Center with Sea Animals, Blue (85CM)",EGP 235.00,,0%,,,1 out of 5(1)
games,"Remote Control Racing Car, Multicolor",EGP 270.00,EGP 300.00,10%,,,
games,Nacon RoboCop: Rogue City - PS5,"EGP 2,925.00",,0%,,,
games,Bowa Makeup Desk And Chair Beautician Luxury Dressing Table 36 Pieces - 8221C,"EGP 1,629.00",,0%,,,
games,Bandai Namco Naruto Shippuden Ultimate Ninja Storm 4 - Road to Boruto - PS4,"EGP 1,365.00",,0%,,,
games,Storm Air Force Warplane with Remote Control - Green - HN-9962,"EGP 1,089.00",,0%,,,
games,Activision Call Of Duty: Black Ops 6 - Cross-Gen Bundle - PS4,"EGP 3,815.00",,0%,,,
games,Acousto-Optic Tank Model with Remote Control - 383-76A,"EGP 1,189.00",,0%,,,
games,"6 In 1 Table Top Sports Games Set - Mini Table Sports Games -Tabletop Pool, , Basketball, Golf, Bowling, Shuffleboard, Ice Hockey - Indoor Sports Games",EGP 650.00,,0%,,,
games,Bandai Namco PAC-MAN WORLD Re-PAC - PS5,"EGP 2,245.00",,0%,,,
games,Chick Shape Drinking Water Dispenser - Fun and Educational for Kids,EGP 120.00,,0%,,,
games,Konami Teenage Mutant Ninja Turtles Cowabunga Collection - PS4,"EGP 1,669.00",,0%,,,
games,Jeep Captor Remote Control Car,EGP 572.00,EGP 700.00,18%,,,
games,Outright Games SpongeBob SquarePants: The Patrick Star Game - PS4,"EGP 2,365.00",,0%,,,
games,Koei Tecmo Ninja Gaiden 2 Black - PS5,"EGP 4,149.00",,0%,,,
games,Plastic Water Blaster for Kids with Strawberry Design,EGP 180.00,,0%,,,
games,Sega Sonic Colors: Ultimate-Nintendo Switch,"EGP 2,029.00",,0%,,,
games,UBISOFT Watch Dogs: Legion - PS5,"EGP 1,249.00",,0%,,,
games,Sony Interactive Entertainment LEGO Horizon Adventures - PS5,"EGP 3,199.00",,0%,,,
games,UBISOFT Assassin's Creed IV Black Flag - Playstation 4,"EGP 1,172.00",,0%,,,
games,Sony Interactive Entertainment The Last of Us 2 - PS4,"EGP 2,255.00",,0%,,,
games,Food Truck With Chairs Set,EGP 175.25,EGP 210.00,17%,,,
games,METAL/CAR TOY/BLUE,EGP 275.00,,0%,,,
games,ADIDAS Soccer UEFA Champions League Club 24/25 Knockout Phase Ball JH1286,"EGP 1,199.25","EGP 1,599.00",25%,,,
games,"Aula Full Mechanical Gaming Keyboard with Rainbow Backlit LED - Blue Switches, Arabic/English F2058 Frame Edition","EGP 1,290.00",,0%,,,
games,Maisto Cyklone Drift Stunt Series Motorcycle Multicolor with Remote Control - 82293,"EGP 3,309.00",,0%,,,
games,Road Rescue Truck Scale 1/12 - QH9005-1,"EGP 2,719.00",,0%,,,
games,Ric Speed Formula 1 Racing Car Dream,EGP 825.00,"EGP 1,000.00",18%,,,
games,Spray Stunt Car With Watch Control no.31001-1,"EGP 1,227.00","EGP 1,500.00",18%,,,
games,Kitchen Set for Kids,"EGP 1,100.00",,0%,,,
games,Fun And Beautiful Summer Games Diving Sticks.,EGP 175.00,EGP 225.00,22%,,,
games,"Aula Full Mechanical Gaming Keyboard with Rainbow Backlit LED - Blue Switches, Arabic/English F2058","EGP 1,100.00",,0%,,,
games,Duck-Shaped Water Dispenser Toy For Kids,EGP 125.00,,0%,,,1 out of 5(1)
games,UBISOFT Assassin's Creed Shadows - Arabic and English - PS5,"EGP 3,899.00",,0%,,,
games,DIE CAST/DOOR OPEN/+3/ORANGE Toy Car,EGP 290.00,,0%,,,
games,Kitchen game for kids,EGP 450.00,,0%,,,
games,Sony Interactive Entertainment God Of War Ragnarok Arabic Edition - PlayStation 4,"EGP 2,250.00",,0%,,,
games,Confectionery Making Toys Set - Creative Play Dough Molds for Kids,EGP 375.00,,0%,,,
games,Rockstar Grand Theft Auto: The Trilogy - The Definitive Edition - PS4,"EGP 1,584.00","EGP 1,885.00",16%,,,1 out of 5(1)
games,Maayergy NO:KT 354167_9903 Dinosaur Toy For Kids For Endless Hours Of Entertainment - Multi Colour,EGP 320.00,EGP 499.00,36%,,,
games,2K Games Games Mafia 3 - PS4,"EGP 1,049.00",,0%,,,
games,Kids' Play Bucket with a Set of Colorful Sand Tools,EGP 220.00,,0%,,,
games,Dream Land Happy Little Chef Simulation Kitchen with Accessories - G669A,EGP 589.00,,0%,,,
games,Super Hero Simulation Model Remote Control Car,EGP 451.25,EGP 550.00,18%,,,
games,Inflatable Shaped Floating Drink Holder,EGP 199.00,,0%,,,
games,Sega Sonic Racing: CrossWorlds - Nintendo Switch,"EGP 3,789.00",,0%,,,
games,Role-play Kitchen Set 49 Pcs,"EGP 2,000.00",,0%,,,5 out of 5(1)
games,Sega Sega Sonic Superstars - PlayStation 5,"EGP 1,999.00",,0%,,,
games,Bethesda Softworks DOOM: The Dark Ages - PS5,"EGP 5,039.00",,0%,,,
games,Square Enix Sleeping Dogs Definitive Edition - PS4,"EGP 1,139.00",,0%,,,
games,Jeep Captor Remote Control Car,EGP 572.00,EGP 680.00,16%,,,
games,"Thickened Sensory Water Playmat for Cats Dogs, Water Summer Cat Dog Water Matt, Cooling Mat for Pet, Cat Toys Water Sensory Playmat with Fish for Pet Play (Square",EGP 150.00,,0%,,,
games,Bandai Namco NARUTO X BORUTO Ultimate Ninja STORM CONNECTIONS - PS4,"EGP 2,145.00",,0%,,,
games,Happy Balloon House Multicolor,"EGP 1,300.00","EGP 1,750.00",26%,,,
games,Deep Silver Metro Redux - PS4,"EGP 1,475.00",,0%,,,
games,UBISOFT Tom Clancy's Rainbow Six Extraction - PlayStation 4,EGP 804.00,,0%,,,
games,DUCK WATER DISPENSER TOY,EGP 280.00,,0%,,,
games,MUMS PLANET Fun Donut Design Inflatable Swim Ring With Bite-Off Piece And Colorful Sprinkles,EGP 195.00,,0%,,,
games,Konami Metal Gear Solid: Master Collection Vol. 1 - PS4,"EGP 2,589.00",,0%,,,
games,Dentist Kit For Kids,EGP 274.00,,0%,,,
games,Sony Computer Entertainment Gran Turismo Sport PS4,EGP 685.00,,0%,,,
games,48-piece children's kitchen toy,"EGP 1,335.00","EGP 1,700.00",21%,,,
games,Apex Racer 2 Remote Control Car Led Light,EGP 911.25,"EGP 1,000.00",9%,,,
games,Nintendo Mario & Sonic at the Olympic Games-Nintendo Switch,"EGP 3,145.00",,0%,,,
games,crazy jack car,EGP 379.00,,0%,,,
games,Soft Crystal Water Beads Colorful Paintball Bullets For Water 90 g Toy Pearl Shaped Soil Mud Grow Magic Jelly Balls Non-Toxic Gel Balls Home Decor Wedding Centerpieces Crafts Vase Fillers 9-10mm,EGP 120.00,,0%,,,
games,Water Toys Set For Kids – 4 Fun Pieces!,EGP 250.00,EGP 310.00,19%,,,
games,"MUMS PLANET Diving Ring Toys, 4 Pieces - Sea Toys - Swimming Pool Toys - Kids Toys - Diving Toys For Kids - Sea And Swimming Toys For Kids",EGP 230.00,,0%,,,
games,Armor Vehicle Gear up For The System with Remote Control - 777-271,"EGP 5,189.00",,0%,,,
games,Military Truck 1/12 With Remote Control - QH9004-1,"EGP 2,719.00",,0%,,,
games,Children's Beach Play Set with Colorful Tools and Molds,EGP 220.00,,0%,,,
games,Microsoft Gears of War: Reloaded - PS5,"EGP 2,809.00",,0%,,,
games,Insomniac Games Marvel’s SpiderMan Miles Morales,"EGP 1,999.00",,0%,,,
games,"Beach Toy Set, Digger Truck With Sand Tools For Kids",EGP 450.00,,0%,,,
games,Redragon Akali Gaming Mechanical Keyboard Mini Wired Compact With RGB Backlit Hot-Swappable Red Switch,"EGP 1,899.00",,0%,,,
games,Sony Interactive Entertainment Gran Turismo 7 - PS4,"EGP 2,255.00",,0%,,,
games,The Air Force Plane Fighter with Remote Control - PY198-12,EGP 649.00,,0%,,,
games,Soft Crystal Water Beads Colorful Paintball Bullets for Home Decor and Crafts - 90g,EGP 125.00,,0%,,,5 out of 5(1)
games,UBISOFT The Crew 2 - PS4,"EGP 1,365.00",,0%,,,
games,Electronic Arts Split Fiction - PS5,"EGP 3,200.00",,0%,,,
games,Remote Control Stunt Car Mist Spray 360 Stunt Spin,EGP 738.75,"EGP 1,000.00",26%,,,
games,RC Mecha Tank Stunt Water Bomb Tank no.585-33A,"EGP 1,026.25","EGP 1,400.00",27%,,,
games,Strong Driving Remote Control Car no.858-27,EGP 209.75,EGP 300.00,30%,,,
games,WB Games Batman: Arkham Collection - PS4,"EGP 1,693.00",,0%,,,4.6 out of 5(12)
games,"Kitchen Stove Set For Unisex, Multi Color",EGP 177.00,,0%,,,
games,Electric Kitchen Set Hellokitty,EGP 950.00,,0%,,,
games,UBISOFT Tom Clancy’s Ghost Recon Breakpoint - PS4,"EGP 1,249.00",,0%,,,
games,1:36 Alloy Car Model with Three Opening Doors - Blue,EGP 250.00,,0%,,,
games,Kitchen Play Set Role Pretend Game Toy Fun Play Kids,EGP 380.00,EGP 400.00,5%,,,
games,Plastic Racing Car Formila Primot Remote Controller,"EGP 1,599.00",,0%,,,
games,Razer DeathAdder V3 Wired Gaming Mouse - Black,"EGP 4,719.00",,0%,,,
games,"Remote Control Racing Car, Multicolor",EGP 270.00,EGP 300.00,10%,,,
games,Ubisoft Entertainment Assassin's Creed The Ezio Collection PS4,"EGP 1,182.00",,0%,,,
games,Mini Rice Cooker Toy - Interactive Cooking Fun for Kids,EGP 316.00,EGP 395.00,20%,,,
games,Ji Long Sunclub Inflatable Swimming Pool Floating Rainbow Water Lounger 148*99 Cm - No:37606,EGP 546.00,,0%,,,5 out of 5(2)
games,UBISOFT Tom Clancy's Rainbow Six Extraction - PS5,"EGP 1,139.00",,0%,,,
games,Kids Water Blaster – Red & Green,EGP 185.00,,0%,,,
games,Bandai Namco Dark Souls Trilogy - PS4,"EGP 2,809.00",,0%,,,
games,Rastar Bugatti DIVO 1:24 With Remote Control - Black - 98900,"EGP 1,519.00",,0%,,,
games,"Sports Racing Car, Supercar Model, Red, 471 Pieces, Construction Set for Kids Ages 6 and Up",EGP 650.00,,0%,,,
games,1:36 Alloy Car Model with Three Doors Open - Small Red Toy Decoration,EGP 250.00,,0%,,,
games,Outright Games Jumanji: The Video Game - Nintendo Switch,"EGP 1,802.00",,0%,,,
games,UBISOFT Assassin's Creed Unity - PS4,"EGP 1,249.00",,0%,,,
games,REMOTE CONTROL RACE CAR,EGP 500.00,,0%,,,
games,Milestone S R L HOT WHEELS UNLEASHED 2 - Turbocharged  - PS5,"EGP 2,005.00",,0%,,,
games,"Double-Sided Stunt RC Gesture Control Car – Four-Wheel Drive, Lights & Music, Indoor/Outdoor Play","EGP 1,100.00","EGP 1,400.00",21%,,,
games,Remote Control Motors 1:10 Scale Racing,EGP 545.00,EGP 650.00,16%,,,
games,Bandai Namco One Piece Odyssey - PS5,"EGP 2,029.00",,0%,,,
games,Electronic Arts Anthem - Legion Of Dawn Edition - UAE Version - PS4,EGP 849.00,,0%,,,
games,"Swimming and diving goggles with snorkel,",EGP 199.00,EGP 280.00,29%,,,
games,Zippy Mat Jumbo Touch Keyboard Playmat Piano Dance Mat for Kids - 24 Keys / 8 Instruments,"EGP 2,349.00",,0%,,,5 out of 5(1)
games,"MUMS PLANET Veleish Swim Ring, Clear Floating Ring, Sequined Swim Ring With Rainbow Starry Sky Design, Durable Inflatable Swim Tube With Sequins For Kids, Swimming Rings For Summer Pool Party_Swimming Float_Kids Swim Ring",EGP 300.00,,0%,,,
games,Play House Toys Mini Water Dispenser Toy,EGP 120.00,,0%,,,
games,"Redragon Cyrus PRO Gaming Keyboard Wireless 75% Gasket mounted, hot-swappable","EGP 4,499.00",,0%,,,
games,"Car Model, Metal Red, with Front Light, 1:32 Scale Metal Toy Car, for Kids and Display",EGP 620.00,,0%,,,
games,MUMS PLANET Safe Swimming Float for Toddlers with Backrest,EGP 195.00,,0%,,,
games,"Cat Play Mat, Sensory Water Play Mat for Cats, Sensory Water Mat for Cats, Interactive Toy, Summer Thickened Inflatable Water Mat for Cats and Dogs (Circular)",EGP 150.00,,0%,,,
games,"Intex 59230NP Inflatable Swim Ring Lively Print Fruits, 51CM",EGP 145.00,EGP 260.00,44%,,,
games,Girls Kitchen 14 pieces of Dream Kitchen,EGP 333.00,,0%,,,
games,GAOERJIEFU Mini water boiler,EGP 325.00,,0%,,,
games,Sony TNA Impact! – PlayStation 3,EGP 590.00,,0%,,,
games,Playstation Dualsense Wireless Controller - Starlight Blue,"EGP 4,410.00",,0%,,,
games,Konami Silent Hill 2 - PS5,"EGP 3,479.00",,0%,,,
games,Green Syringe Water Blaster,EGP 165.00,,0%,,,
games,Burger Game,EGP 149.00,EGP 249.00,40%,,,
games,"Swimming and diving goggles with snorkel,",EGP 199.00,EGP 280.00,29%,,,
games,Kitchen Playset for Kids - 42 Pieces,EGP 900.00,,0%,,,
games,Nintendo WarioWare: Get It Together!-Nintendo Switch,"EGP 3,255.00",,0%,,,
games,Plastic Rice Machine Maker Toy,EGP 163.75,EGP 200.00,18%,,,
games,Square Enix Shadow of the Tomb Raider - Definitive Edition - PS4,"EGP 1,365.00",,0%,,,
games,DIE CAST/METAL WHITE BUS TOY,EGP 290.00,,0%,,,
games,Metal Car Model DODGE - Two Doors Open Small Toys Decoration (Red) 1:36,EGP 220.00,,0%,,,
games,Metal Car Model DODGE - Two Doors Open Small Decorative Toy (White) 1:36,EGP 225.00,,0%,,,
games,Kitchen Set 30 Pcs,EGP 275.00,,0%,,,
games,UBISOFT Assassin's Creed Syndicate - Arabic and English Edition - PS4,"EGP 1,204.00",,0%,,,
games,Fruit And Vegetable Cutting Game,EGP 150.00,,0%,,,3 out of 5(1)
games,Ji Long Jilong Sunclub 35002 Glitter Rainbow Ring - Outdoor Inflatable Water Toy for Kids,EGP 189.00,EGP 396.00,52%,,,5 out of 5(2)
games,"Playful Kitchen - Eye-Catching Pink Cooking Set with Gas Oven and Shopping Cart, Measuring 27.5x13.5x30.5 cm to Encourage Culinary Fun for Kids",EGP 700.00,,0%,,,
games,Nintendo Paw Patrol: On a Roll - Switch,"EGP 2,229.00",,0%,,,
games,DIE CAST/DOOR OPEN/+3/blue,EGP 290.00,,0%,,,
games,City Sanitation Truck With Green Container - 858-03C,"EGP 1,419.00",,0%,,,
games,Hubby Time Children's Digital Watch,EGP 249.00,,0%,,,
games,Police Security Motor With Music And Light,EGP 500.00,EGP 600.00,17%,,,
games,"tent 270 cm 3 pieces tunnel, closed house and open house with basket",EGP 799.00,"EGP 1,250.00",36%,,,
games,Inflatable Kids,EGP 250.00,EGP 299.00,16%,,,
games,Sony Interactive Entertainment Bloodborne Game of the Year Edition - PS4,"EGP 1,799.00",,0%,,,
games,Sony Interactive Entertainment Uncharted: The Nathan Drake Collection - PS4,"EGP 1,200.00",,0%,,,
games,Warner Bros. Interactive LEGO DC Super-Villains - Nintendo Switch,"EGP 1,695.00",,0%,,,
games,Water Toys Set For Kids – 4 Fun Pieces!,EGP 250.00,EGP 310.00,19%,,,
games,Be Blade Ring,EGP 328.78,,0%,,,
games,Wood Chess Pieces XL Size + Zigor Special Bag,"EGP 1,008.00",,0%,,,
games,Inflatable Kids,EGP 470.00,EGP 520.00,10%,,,
games,Playstation Minecraft: Starter Collection - PS4,"EGP 1,599.00","EGP 1,900.00",16%,,,
games,MINI KITCHEN TOY SET,"EGP 1,200.00",,0%,,,
games,Warner Bros. Interactive Mortal Kombat 11 Ultimate Edition - PS4,"EGP 1,439.00",,0%,,,
games,UBISOFT Tom Clancy's Rainbow Six Extraction - PS4,"EGP 1,139.00",,0%,,,
games,Beach toy set for children,EGP 140.00,,0%,,,
games,Die Cast Car Metal Pull-Back - 3 Piece Set,EGP 299.00,,0%,,,
games,1:36 Alloy Car Model Three Doors Open - Small Toy Decoration (Black),EGP 250.00,,0%,,,
games,UBISOFT Assassin's Creed III Remastered - PS4,"EGP 1,249.00",,0%,,,
games,Logitech G102 Lightsync Wired RGB Gaming Mouse 8000DPI,"EGP 1,999.00",,0%,,,
games,Lenovo Legion K510 Mini Pro Gaming Mechanical Keyboard - Arabic & English,"EGP 4,999.00",,0%,,,
games,Microwave Toy 3+,"EGP 1,100.00",,0%,,,
games,"Microwave Toy for Kids, Pink Kitchen Set, with Plastic Food Accessories, Tableware and Plates, Educational Role Play Toys",EGP 600.00,,0%,,,
games,Rastar Radio Control Car BMW X6 -31700,"EGP 1,290.00",,0%,,,
games,Rock Climbing Truck With Container With Remote Control - 858-04B,"EGP 1,419.00",,0%,,,
games,Warner Bros. Interactive Injustice 2 Legendary Edition - PS4,"EGP 1,475.00",,0%,,,
games,From Father Rocket - Effective Abdominal Muscle Trainer,"EGP 1,999.00",,0%,,,
games,Sega Sega Sonic Superstars - PlayStation 4,"EGP 2,060.00",,0%,,,
games,Rebellion Sniper Elite 5 - PS4,"EGP 2,145.00",,0%,,,
games,Engineering Bulldozer Construction Truck 1/16 with Remote Control - 1554,"EGP 3,849.00",,0%,,,
games,"Deluxe Animal Swim Ring 1.07mx58cm/42""x23"", Unicorn",EGP 285.00,,0%,,,
games,Milestone S R L HOT WHEELS UNLEASHED 2 - Turbocharged - PS4,"EGP 2,029.00",,0%,,,
games,UBISOFT Assassins Creed Chronicles - PS4,"EGP 1,139.00",,0%,,,
games,Pretend Play Kitchen Electric Dishwasher Kids Basin Washing Machine Toy,EGP 755.00,"EGP 1,000.00",25%,,,
games,Aqua Gatoroo Remote Control Car,"EGP 1,695.00",,0%,,,
games,Nintendo Super Mario Bros. Wonder - Switch,"EGP 2,865.00",,0%,,,
games,DIE CAST/4*4 CAR,EGP 265.00,,0%,,,
games,Square Enix Left Alive - Day One Edition - PS4,EGP 849.00,,0%,,,
games,Activision Crash Team Racing Nitro-Fueled - Arabic Edition - PlayStation 4 Game,"EGP 1,773.00",,0%,,,
games,Take Two Interactive Grand Theft Auto V - Playstation 4,"EGP 1,200.00",,0%,,,3 out of 5(1)
games,FANTECH  ATOM TKL MK876 Gaming Keyboard RGB Mechanical – BLUE Switch – TKL Size – Double Injection Keycaps,EGP 999.00,,0%,,,
games,"Beach Toy Set, Digger Truck With Sand Tools For Kids",EGP 399.00,,0%,,,
games,DIE CAST Light and Sound Toy Car with Openable Doors - White,EGP 299.00,,0%,,,
games,A Little Chef - for Girls - 3-in-1 Pretend Play Kitchen Set,EGP 999.00,,0%,,,
games,Ji Long Sunclub Alpaca Ring Outdoor Inflatable Water Sports Pool Floating - No:37618,EGP 91.00,,0%,,,
games,Warner Bros. Interactive Cars 3: Driven To Win - PS4,"EGP 1,499.00",,0%,,,
games,Electronic Arts It Takes Two-Nintendo Switch,"EGP 2,119.00",,0%,,,
games,Fun Table Ware Funny Kitchen,EGP 238.00,EGP 300.00,21%,,,
games,Electronics Arts Need For Speed Heat - Arabic And English - PS4,"EGP 1,585.00",,0%,,,
games,Boat With Beach Tools For Kids,EGP 110.00,,0%,,,
games,"Educational Toy Kitchen for Kids, Red and Yellow, Plastic, 97x71x28cm, with Refrigerator, Microwave and Sink, Interactive Cooking Set","EGP 3,000.00",,0%,,,
games,Model Bubble Car,"EGP 1,227.00","EGP 1,500.00",18%,,,
games,Funny Play House Kitchen Accessories With Bag,EGP 307.50,EGP 340.00,10%,,,
games,Sony Sony 1971 Project Helios Collector's Edition (PS4),EGP 966.00,,0%,,,
games,Tent Kids 3 In 1 Tunnel Tent Game,EGP 885.00,,0%,,,
games,"Car Model, Metal, Turquoise Blue, Gold Wheels, 1:32 Scale, with Front Light, Diecast Car for Display and Collection",EGP 620.00,,0%,,,
games,Mini Kitchen Tableware Set 33 Pcs,EGP 623.75,EGP 690.00,10%,,,
games,Square Enix Dragon Quest Treasures - Nintendo Switch,"EGP 2,029.00",,0%,,,
games,METAL/CAR TOY/RED,EGP 260.00,,0%,,,
games,Playdough Ice Cream Maker and Kitchen Set for Kids,EGP 750.00,,0%,,,
games,Children Table Ware Suit – Fahi Pretend Play Kitchen Set for Kids,EGP 305.00,,0%,,,
games,Garden Water Slide 4.88m - No:52329,"EGP 1,893.00",,0%,,,4 out of 5(1)
games,Konami Teenage Mutant Ninja Turtles: The Cowabunga Collection - Nintendo Switch,"EGP 1,899.00",,0%,,,
games,Rockstar Red Dead Redemption (RDR1) - Nintendo Switch,"EGP 2,789.00",,0%,,,
games,Nintendo Luigi's Mansion 2 HD - Nintendo Switch,"EGP 3,140.00",,0%,,,
games,Modern Kitchen Toy for Kids - Little Chef - 42 Pieces,"EGP 1,100.00",,0%,,,
games,1:36 Alloy Car Model with Three Doors Open - Small Toy for Decoration (White),EGP 250.00,,0%,,,
games,Water Toys Set For Kids – 4 Fun Pieces!,EGP 250.00,EGP 310.00,19%,,,
games,Luxurious Bus Toy in Blue,EGP 310.00,,0%,,,
games,"Pool Swim Ring,Water Fun Large Blow Up Summer Beach Swimming Raft Kids Adults",EGP 175.00,,0%,,,
games,Soft Crystal Water Beads Colorful Paintball Bullets for Home Decor and Crafts,EGP 150.00,,0%,,,
games,Nintendo Mario Kart World-Nintendo Switch 2,"EGP 5,485.00",,0%,,,
games,winfun WinFun - Snuggle Pals Super Playmat - 710015,"EGP 2,459.00",,0%,,,
games,Outright Games Pj Masks: Heroes Of The Night - Nintendo Switch,"EGP 2,119.00",,0%,,,
games,53-piece kitchen - steam - water - sound - light - battery +3 years - 889-256,"EGP 1,120.00",,0%,,,
games,DIE CAST/3+,EGP 200.00,,0%,,,
games,Capcom Resident Evil 7 : Biohazard Gold Edition - PS4,"EGP 1,449.00",,0%,,,
games,Warner Bros. Interactive Batman: Arkham Trilogy - Switch,"EGP 2,899.00",,0%,,,
games,1:36 Alloy Car Model with Three Open Doors - Blue,EGP 250.00,,0%,,,
games,DIE CAST/4*4 CAR,EGP 260.00,,0%,,,
games,Big Scale Race Car with Wheels and Gas Pedals,EGP 875.00,EGP 990.00,12%,,,
games,Funny Play House Microwave With kitchen accessories,EGP 307.50,EGP 390.00,21%,,,
games,Little Worker Tool Helper Set,EGP 325.00,,0%,,,
games,KIT Cycle Bottle Cage for Apple Airtag - Durable and Discreet Holder,EGP 196.13,,0%,,,
games,DIE CAST/LIGHT/DOOR OPEN Toy Car,EGP 310.00,,0%,,,
games,Sony Interactive Entertainment unk 2077 - Arabic Edition for PlayStation 4,"EGP 1,999.00",,0%,,,
games,Havit KB892L Gaming Mechanical Keyboard - 87 Keys RGB Backlit USB Wired,"EGP 1,299.00","EGP 1,499.00",13%,,,
games,Children Playhouse Toys Mini Fridge Toy Set,EGP 163.75,EGP 200.00,18%,,,
games,DIE CAST/OPEN DOOR,EGP 250.00,,0%,,,1 out of 5(1)
games,Kids Water Blaster – Blue & Green,EGP 185.00,,0%,,,
games,Hollow Knight - Nintendo Switch,"EGP 2,809.00",,0%,,,
games,Swimming float,EGP 499.00,,0%,,,
games,Warner Bros. Interactive Lego DC Super Villains - PS4,"EGP 1,139.00",,0%,,,
games,DIE CAST/4*4 BLUE CAR,EGP 265.00,,0%,,,
games,Rock Climbing Truck ( Mixer ) - 858-01A,"EGP 1,419.00",,0%,,,
games,DIE CAST/DOOR OPEN/METAL,EGP 330.00,,0%,,,
games,DIE CAST/LIGHT/DOOR OPEN,EGP 320.00,,0%,,,5 out of 5(1)
games,Extreme Adventure Remote Control Car,EGP 470.00,EGP 549.00,14%,,,
games,36-piece children's play kitchen,"EGP 1,120.00",,0%,,,
games,Sony Interactive Entertainment Bloodborne - PS4,"EGP 1,139.00",,0%,,,
games,UBISOFT Rayman Legends Definitive Edition-Nintendo Switch,"EGP 1,809.00",,0%,,,
games,Nintendo  Mario Party Superstars-Nintendo Switch,"EGP 2,989.00",,0%,,,
games,DIE CAST/METAL/3+,EGP 265.00,,0%,,,
games,Summer Blast Swim Tube 119 Cm  – 36120,EGP 335.00,,0%,,,
games,DIE CAST/LIGHT/DOOR OPEN/WHITE,EGP 299.00,,0%,,,
games,DIE CAST/LIGHT/DOOR OPEN/RED,EGP 299.00,,0%,,,5 out of 5(1)
games,Mini Little Kitchen Happy Toy Set,EGP 476.00,EGP 595.00,20%,,,
games,Swimming Pool Arm Floats for Kids Roll Up Floaties Inflatable Water Wings for Swim Arm Bands (Yellow),EGP 499.00,,0%,,,
games,Team 17 Overcooked! + Overcooked! 2 - Nintendo Switch,"EGP 2,449.00",,0%,,,
games,Round Donut Design Swimming Ring - Pink,EGP 199.00,,0%,,,5 out of 5(1)
games,Toy Truck With Sand Machines From MoskyShop,EGP 269.10,EGP 400.00,33%,,,
games,Square Enix Valkyrie Elysium - PS4,"EGP 1,365.00",,0%,,,
games,THQ Nordic Spongebob Squarepants The Cosmic Shake - Nintendo Switch,"EGP 2,005.00",,0%,,,
games,Beach bucket with beach toys,EGP 140.00,,0%,,,
games,DIE CAST/DOOR OPEN,EGP 275.00,,0%,,,
games,DIE CAST/LIGHT/DOOR OPEN/OLIVE,EGP 299.00,,0%,,,4.5 out of 5(2)
games,Gabi Cupcake Kitchen,EGP 700.00,,0%,,,
games,Modern Kitchen Game for Kids – Little Chef – 49 Pieces 922-118,"EGP 1,900.00",,0%,,,
games,"Mini Series Kids Toy Fruit Juicer Set, Black with Pink Accents, with Pretend Fruits",EGP 650.00,,0%,,,
games,Mojang Ab Minecraft Legends - PS4,"EGP 2,029.00",,0%,,,
games,Sega Sega Sonic Frontiers (PS4),"EGP 1,749.00",,0%,,,
games,DIY Dream Kitchen Toy Set for Kids,EGP 550.00,,0%,,,
games,Ji Long Sunclub Mesh Water Lounger Outdoor Inflatable Water Φ106m - No:35005,EGP 269.00,EGP 608.00,56%,,,
games,Nintendo Cars 3 Driven To Win - Nintendo Switch,"EGP 2,000.00",,0%,,,
games,1:43 Metal Car with Car Models Alloy Diecast Toys Military,EGP 200.00,,0%,,,
games,Rapoo  Wireless-Wired Mouse VT1 Pro Max - Black,"EGP 3,999.00",,0%,,,
games,"with Realistic Lights and Sounds, Running Water Play Tub, Candy Rack Toy and Kitchen Accessories Set for 2-8 Years","EGP 1,150.00",,0%,,,
games,Inflatable Kids Float - Perfect for Beach and Pool Fun,EGP 250.00,EGP 299.00,16%,,,
games,"General Electric Play Dishwasher Toy Set with Running Water, Kitchen Sink Playset with Utensils and Accessories, Ages 3+, 19 Pieces",EGP 425.00,,0%,,,
games,Cutlery Fashion Cooking Set for Kids - Pretend Play Kitchen Toy,EGP 150.00,,0%,,,
games,FANTECH ATOM TKL MK876 Gaming Keyboard RGB Mechanical – BLUE Switch – TKL Size – Double Injection Keycaps,EGP 999.00,,0%,,,
games,Activision Spyro Reignited Trilogy - PS4,"EGP 1,829.00",,0%,,,
games,"Kids Supermarket Playset – 48PCS Interactive Toy with Checkout Counter, Scanner, POS Machine, Shopping Cart, Groceries & Shelves – Educational Pretend Play for Boys & Girls – Home Market Roleplay Set for Learning & Fun","EGP 1,950.00","EGP 3,000.00",35%,,,
games,Kitty Scooter Game Click And Go For Children  Between You - New,EGP 160.00,,0%,,,5 out of 5(2)
games,DIE CAST/LIGHT/DOOR OPEN,EGP 285.00,,0%,,,
games,DIE CAST/LIGHT/DOOR OPEN - Interactive Toy Car with Light and Sound,EGP 250.00,,0%,,,
games,1:36 Alloy Car Model with Three Doors Open - Red,EGP 250.00,,0%,,,
games,STUDIO Cuphead - PS4,"EGP 2,255.00",,0%,,,
games,1:36 Alloy Car Model with Three Doors Open - Yellow,EGP 250.00,,0%,,,
games,2k TopSpin 2K25 - PS5,"EGP 3,255.00",,0%,,,
games,Sony Interactive Entertainment Horizon Zero Dawn: Complete Edition - PS4,"EGP 1,139.00",,0%,,,
games,Activision Call Of Duty Vanguard Arabic PS4,"EGP 1,699.00",,0%,,,
games,Ji Long Sunclub Portable Water Hammock Floats - Inflatable Pool Rafts Φ106cm - No:33112,EGP 269.00,EGP 608.00,56%,,,5 out of 5(3)
games,2 in 1 Kids Cash Register Toy with 12Pcs Play Dough Set,EGP 750.00,,0%,,,
games,Nintendo 1-2-Switch - Switch,"EGP 2,899.00",,0%,,,
games,1-16 Emulation car Model With Steering Wheel,EGP 710.00,EGP 900.00,21%,,,
games,Set Of Colorful Swimming Goggles For Kids.,EGP 235.00,,0%,,,
games,Digger Truck With Sand Tools For Kids – Fun Beach Toy,EGP 550.00,,0%,,,
games,Back Gammon Chips,EGP 135.00,EGP 150.00,10%,,,
games,Sun Club Multi-purpose Inflatable Pool Float,EGP 575.00,EGP 600.00,4%,,,
games,DIE CAST/LIGHT/DOOR OPEN/BURNT ORANGE,EGP 299.00,,0%,,,
games,Imaginary Cooking Games For Kids - Interactive Kitchen Toy Set,EGP 675.00,,0%,,,
games,Warner Bros. Interactive LEGO Marvel Superheroes 2 for Nintendo Switch - Action-Adventure Game,"EGP 1,809.00",,0%,,,
games,Ea Gearbox Publishing Hello Neighbor 2 for PlayStation 5,"EGP 1,784.00",,0%,,,
games,Your Real Best Friend Smart Pet Dog with Remote Control - 6013-3,"EGP 3,009.00",,0%,,,
games,Warner Bros. Interactive LEGO® NINJAGO® Movie Video Game - PS4,"EGP 1,199.00",,0%,,,
games,Warner Bros. Interactive LEGO: The Incredibles - Nintendo Switch,"EGP 1,695.00",,0%,,,
games,Sport Car Hoop Multi Color 211,EGP 500.00,EGP 600.00,17%,,,
games,DIE CAST/LIGHT/DOOR OPEN/GREEN Toy Car,EGP 295.00,,0%,,,
games,"Kids Kitchen Play Set, Educational Cooking Utensils Set, Pink, 20 Pieces, with Washing Tray, Cutlery and Plastic Food, for Kids from 3 Years",EGP 300.00,,0%,,,
games,4000 Pcs Soft Crystal Water Beads - Colorful Paintball Bullets for Water Toys and Decor,EGP 125.00,,0%,,,
games,Ji Long Sunclub Mosaic Duo Water Lounger Outdoor Inflatable 188cm*117cm - No:33061,EGP 408.00,"EGP 1,174.00",65%,,,5 out of 5(1)
games,Warner Bros. Interactive Lego Batman 3: Beyond Gotham - PS4,"EGP 1,103.00",,0%,,,
games,"Intex 59230NP Inflatable Swim Ring Lively Print Pineapple, 51CM",EGP 145.00,EGP 260.00,44%,,,3 out of 5(1)
games,Bowa Toy Mini Delicious Kitchen - 27 Pcs,EGP 799.90,,0%,,,
games,Warner Bros. Interactive The Lego Ninjago Movie Videogame - PlayStation 4,"EGP 1,199.00",,0%,,,
games,Ariel Little Mermaid Value Lens Swim Goggles,EGP 135.00,,0%,,,
games,Jilong Colorful Butterflies Swim Tube 90cm Diameter,EGP 129.00,EGP 239.00,46%,,,2.7 out of 5(3)
games,Barbie Kids Kitchen Playset with Steam & Water Effects – 40+ Accessories – Educational Pretend Cooking Toy,EGP 750.00,"EGP 1,200.00",38%,,,
games,Inflatable Kids,EGP 470.00,EGP 520.00,10%,,,
games,SilverLit Robot Dog Robo Dackel - 88586,"EGP 4,409.00",,0%,,,
games,Big Remote Control Drift Racing Car – 1:10 Scale High-Speed Battery-Powered RC Toy – 2.4GHz Wireless Controller – On-Road Drift Model – Fast Race Car for Kids – Gift Box – Color May Vary,"EGP 1,750.00","EGP 2,500.00",30%,,,
games,Electronic Arts Plants Vs. Zombies Battle For Neighborville PS4,"EGP 1,970.00",,0%,,,
games,Square Enix DRAGON QUEST III HD-2D Remake - Nintendo Switch,"EGP 3,349.00",,0%,,,
games,Capcom Resident Evil Village Gold Edition - PS5,"EGP 2,119.00",,0%,,,
games,Ji Long Sunclub Kid Inflatable Swim Vest For Unisex 46 X 42 Cm - No:46088,EGP 225.00,,0%,,,
games,Soft Crystal Water Beads Colorful Paintball Bullets For Water 90 g Toy Pearl Shaped Soil Mud Grow Magic Jelly Balls Non-Toxic Gel Balls Home Decor Wedding Centerpieces Crafts Vase Fillers 7-8mm,EGP 125.00,,0%,,,
games,Baby Swim Ring - Fun and Safe Swimming Aid for Kids,EGP 215.00,,0%,,,
games,Inflatable Baby Float With A Unique Car Wheel Handle,EGP 425.00,,0%,,,
games,Sega Sonic Frontiers - PS5,"EGP 2,145.00",,0%,,,
games,imming Pool With Cartoon Characters For Kids - 91007,EGP 699.00,,0%,,,
games,Activision Call of Duty Modern Warfare III (MW3) English Asian Version (Region 3) - PS5,"EGP 3,119.00",,0%,,,
games,Bandai Namco Dragon Ball Z Kakarot Daima Edition - PS5,"EGP 2,808.00","EGP 3,109.00",10%,,,
games,Children's Float 60cm,EGP 200.00,EGP 260.00,23%,,,
games,Water Toys Set For Kids – 4 Fun Pieces!,EGP 250.00,EGP 310.00,19%,,,
games,Ji Long Sunclub White Swan Inflatable Float Swim Ring - 55 Cm - No:37406,EGP 237.00,,0%,,,
games,DIE CAST/4*4 CAR/4IN1 OFFER,"EGP 1,060.00",,0%,,,
games,DIE CAST/LIGHT/DOOR OPEN,EGP 270.00,,0%,,,
games,Rastar Mercedes-AMG F1 W11 EQ Performance 1:12 With Remote Control - Black - 98460,"EGP 4,129.00",,0%,,,
games,Veneer Rider,EGP 415.00,EGP 500.00,17%,,,
games,Warner Bros. Interactive LEGO Marvel Super Heroes 2 – PS4,"EGP 1,215.00",,0%,,,5 out of 5(8)
games,Long two-colored water gun for kids,EGP 180.00,,0%,,,
games,Warner Bros. Interactive Lego Jurassic World - Nintendo Switch,"EGP 1,669.00",,0%,,,
games,FOAM Pool Noodles For Swimming 122cm - 1pcs - No:32108,EGP 566.00,,0%,,,
games,Warner Bros. Interactive LEGO City Undercover - PS4,"EGP 1,139.00",,0%,,,
games,Speed King Car,EGP 190.00,EGP 250.00,24%,,,
games,Activision Call Of Duty: Modern Warfare III PS4,"EGP 2,999.00",,0%,,,
games,Capcom Resident Evil 4 Remake - Arabic and English - PS4,"EGP 1,919.00",,0%,,,
games,Rotational Plate - High-Quality Feeding Accessory,EGP 200.00,,0%,,,
games,Outright Games PAW Patrol The Movie: Adventure City Calls - Nintendo Switch,"EGP 1,999.00",,0%,,,
games,UBISOFT Watch Dogs: Legion - PlayStation 4,"EGP 1,199.00",,0%,,,
games,Electronic Arts Need for Speed Heat - PS4,"EGP 1,449.00",,0%,,,
games,Foam noodles for swimming 122 cm - 1pcs -No:32217,EGP 453.00,,0%,,,
games,Sony Interactive Entertainment It Takes Two (PS4),"EGP 1,554.00",,0%,,,4.7 out of 5(9)
games,Sony Interactive Entertainment God Of War - PS4,"EGP 1,139.00",,0%,,,
games,DIE CAST/4*4 GREY CAR,EGP 275.00,,0%,,,
games,Coup -  Men'S  Jacket,"EGP 1,749.65","EGP 4,999.00",65%,,,
games,Bandai Namco Elden Ring - PS5,"EGP 2,029.00",,0%,,,
games,Techland Dying Light 2 Stay Human - PlayStation 5 - Ar,"EGP 1,999.00",,0%,,,
games,Duck Sea Float For Children,EGP 120.00,EGP 180.00,33%,,,4 out of 5(3)
games,Bandai Namco The Witcher 3 Wild Hunt - Complete Edition (PS5),"EGP 1,730.00",,0%,,,
games,Children's Swimming Goggles With A Fun Raccoon Design,EGP 290.00,,0%,,,
games,2-In-1 Kitchen Play Set And Unicorn Bag - (24 PCS - 25785),EGP 316.00,EGP 395.00,20%,,,
games,Sega Sega Sonic Colors Ultimate Standard Edition - Nintendo Switch,"EGP 2,223.00",,0%,,,
games,Bandai Namco DRAGON BALL XENOVERSE 2 (PS5) - Ultimate Action RPG Adventure,"EGP 2,200.00",,0%,,,
games,Warner Bros. Interactive The LEGO Movie 2 Videogame - PlayStation 4,"EGP 1,100.00",,0%,,,
games,aur Remote Control Toy with Steam,EGP 910.00,,0%,,,
games,Mixer game For fruits and vegetables for children,EGP 388.00,EGP 450.00,14%,,,
games,Kids Water Blaster – Blue & Yellow,EGP 185.00,,0%,,,
games,"Intex 59258NP Inflatable Swim Tube With Two Handles 76cm/30"" - Lime Green",EGP 275.00,EGP 450.00,39%,,,5 out of 5(1)
games,ing Truck ( Black Mixer) - QH9001-1,"EGP 2,599.00",,0%,,,
games,"Dream DIY Kitchen Playset for Kids – Interactive Toy with Light, Sound & Water Function – Pretend Cooking with Utensils & Food – Educational Roleplay for Boys & Girls – Ages 3+ – Size 65*46.5*19 cm – Colorful & Portable",EGP 800.00,"EGP 1,000.00",20%,,,
games,Kitchen Play Set PLAY,EGP 450.00,,0%,,,
games,Orb Orb Controller Thumb Grips 2-Pack for Xbox One,EGP 157.00,,0%,,,
games,SilverLit Exost 360 Aquacross Car with Remote Control - 2684,"EGP 2,539.00",,0%,,,
games,"Intex 59242NP-Inflatable Swim Ring 61cm/24"", Yellow-Swim Sea",EGP 185.00,EGP 330.00,44%,,,
games,Bandai Namco https://www.jumia.com.eg/bandai-namco-dragon-ball-xenoverse-2-nintendo-switch-34255383.html,"EGP 1,905.00",,0%,,,
games,505 Games Crime Boss: Rockay City - PS5,"EGP 2,029.00",,0%,,,
games,"Triggle Funny Triggle, Chain Triggle, Interactive Plug-In Game Triangle Chess, Classic Desktop, Educational Triangle Chess",EGP 284.00,,0%,,,
games,King Sport Kings Sports Archery Super Set With Infrared - 35881B,EGP 879.00,,0%,,,
games,"IQBrainPuzzl Smart Puzzle Game with 3000 Challenges, Motivational Puzzles, STEM Board Game for Kids Ages 6, Travel Game, Intelligence Puzzles",EGP 934.00,,0%,,,
games,Care Charge Remote-Controlled Toy Vehicle with Two Chairs - Fun for Kids,"EGP 9,500.00",,0%,,,
games,The New World of Dinosaur Robotic with Remote Control - 9987,"EGP 1,539.00",,0%,,,
games,Rock Climbing Truck (Fire Truck) - 858-04A,"EGP 1,419.00",,0%,,,
games,Lavi Tea cup 12 pieces( 6 cups 190 ml + 6 plates ),EGP 499.00,EGP 799.00,38%,,,
games,Sega Sega Sonic Forces - Nintendo Switch,"EGP 1,849.00",,0%,,,
games,Bucket & Sand Tools,EGP 180.00,,0%,,,
games,"Kitchen Toy for kids, Play Kitchen Set Role Playing Game Pretend Food and Cooking Playset, Kids Toy Kitchen Set with Play Sink, Spray, Realistic Light & Sound 42 pcs",EGP 999.00,,0%,,,
games,"Aula Full Mechanical Gaming Keyboard with Rainbow Backlit LED - Red Switches, Arabic/English F2058","EGP 1,399.00","EGP 1,699.00",18%,,,
games,47-piece Children's Kitchen Toy,"EGP 1,100.00","EGP 1,300.00",15%,,,
games,DIE CAST 4*4 RED CAR,EGP 265.00,,0%,,,
games,Deep Silver Kingdom Come Deliverance II - PS5,"EGP 3,925.00",,0%,,,
games,1:36 Alloy Car Model with Three Doors Open - Yellow,EGP 250.00,,0%,,,
games,Inflatable Swim Ring Sweet Donut 91Cm - No:36300,EGP 314.00,,0%,,,
games,Electronic Arts Dead Space (Remake) - PS5,"EGP 2,145.00",,0%,,,
games,Bandai Namco Tekken 7,"EGP 1,349.00",,0%,,,
games,Ji Long Sunclub Pirate Inflatable Swim Ring - 115 Cm - No:35013,EGP 149.00,EGP 324.00,54%,,,
games,Cute Fruit Shock Animal Shaped for Kids - Fun and Colorful Animal Designs Make Healthy Eating Fun for Kids,EGP 193.85,,0%,,,
games,7000 Pcs Soft Crystal Water Beads Colorful Paintball Bullets For Water Toy Pearl Shaped Soil Mud Grow Magic Jelly Balls Non-Toxic Gel Balls Home Decor Wedding Centerpieces Crafts Vase Fillers 9-10mm,EGP 150.00,,0%,,,
games,Activision Crash Team Racing Nitro-Fueled - PlayStation 4 Game,"EGP 1,773.00",,0%,,,4.5 out of 5(46)
games,Activision Call Of Duty: Vanguard  Ps4,"EGP 1,699.00",,0%,,,4.1 out of 5(7)
games,Green Dinosaur Water Blaster (Small),EGP 205.00,,0%,,,
games,Outright Games Ben 10 Power Trip - Nintendo Switch,"EGP 1,695.00",,0%,,,
games,Floating Bed For Swimming,EGP 575.00,EGP 600.00,4%,,,
games,Inflatable Crab Boat 117 cm x 116 cm,EGP 365.00,,0%,,,
games,"Soccer Set Go, Interactive Soccer Game for Kids, Green Maze Set with 4 Players and Orange Balls, Ages 3+, Motor Skills and Coordination Development",EGP 400.00,,0%,,,
games,Rollover Horizontal Car Double Sided Tumbling Stunt Car + Zigor Bag Special,"EGP 1,675.00",,0%,,,
games,Kids Children Electronic Mobile Phone Early Learning Flash Music Toy,EGP 861.93,"EGP 1,437.50",40%,,,
games,An Inflatable Donut-shaped Float,EGP 190.00,,0%,,,1.5 out of 5(2)
games,"Little Chef 3-in-1 Kitchen Playset – 43 PCS Small Gourmet Cooking Toy for Kids – Pretend Play with Utensils, Food & Carry Case – Educational Roleplay for Boys & Girls – Ages 3+ – Portable, Colorful & Fun",EGP 999.00,"EGP 1,500.00",33%,,,
games,3 In 1 Cartoon Mobile Briefcase Kids Kitchenette Toy Pretend Play Mini Kitchen Toy Set,EGP 475.00,,0%,,,
games,UBISOFT Assassin's Creed Valhalla - PS4,"EGP 1,443.00",,0%,,,4 out of 5(1)
games,Stainless Steel Cookware Set For Kids no.668-B6,EGP 452.00,EGP 600.00,25%,,,
games,7000 Pcs Soft Crystal Water Beads Colorful Paintball Bullets,EGP 150.00,,0%,,,4 out of 5(3)
games,Strong Driving Remote Control Car no.858-27,EGP 209.75,EGP 250.00,16%,,,
games,Free Soldier Rescue Force Patrol Playset - New,EGP 858.00,,0%,,,
games,Nintendo LEGO Harry Potter Collection (Nintendo Switch),"EGP 1,970.00",,0%,,,
games,Soft Crystal Water Beads Colorful Paintball Bullets For Water 125 g Toy Pearl Shaped Soil Mud Grow Magic Jelly Balls Non-Toxic Gel Balls Home Decor Wedding Centerpieces Crafts Vase Fillers 9-10mm,EGP 150.00,,0%,,,
games,ic Wireless Mobile Toy For Kids,EGP 329.00,,0%,,,4 out of 5(1)
games,"Sliding Puzzle Toy, 500+ Horizontal Sliding Puzzle Games, Travel Fidget Toys, Handheld Educational Toys, Motivational Puzzles for All Ages",EGP 769.00,,0%,,,
games,Metal Ambulance With Light And Sound  White - New,EGP 565.00,,0%,,,
games,Inflatable Donut-shaped Float,EGP 149.00,EGP 160.00,7%,,,5 out of 5(1)
games,General 33 Pieces Kitchen Set for Children with Lights & Sounds - Bebo Toys,EGP 550.00,,0%,,,
games,General Children's beach toys set 6 pieces in various shapes and colors,EGP 270.00,EGP 300.00,10%,,,
games,Cross Country Overlord Remote Control Car,EGP 911.25,"EGP 1,300.00",30%,,,
games,Coup -  Men'S  Jacket,"EGP 1,749.65","EGP 4,999.00",65%,,,
games,Sea Cliff ZDW700A - Color May Vary,EGP 98.00,,0%,,,
games,Beach Ball With Glitter Gold (41cm) - 31050,EGP 215.00,,0%,,,
games,Square Enix Just Cause 4 - PS4,"EGP 1,139.00",,0%,,,
games,1:12 Remote Control Hummer Car,"EGP 1,115.00","EGP 1,300.00",14%,,,
games,Luxury Kids Kitchen Role Play Set – Educational Cooking Toy Table with Accessories for Little Chefs,"EGP 1,435.00","EGP 2,000.00",28%,,,
games,Swimming Ring Characters 11*48 - pink,EGP 149.00,,0%,,,
games,Rapoo V500 Pro Series 104 Gaming Mechanical Keyboard,"EGP 2,799.00",,0%,,,
games,Licensed Playstation Playstation Hello Neighbor 2 Standard Edition - PlayStation 4,"EGP 1,584.00",,0%,,,
games,Nintendo Donkey Kong Country Tropical Freeze,"EGP 3,152.00",,0%,,,
games,Smart Strike Force Alpha Robot with Remote Control - K1,"EGP 2,919.00",,0%,,,
games,"Aula Full Mechanical Gaming Keyboard with Rainbow Backlit LED - Black Switches, Arabic/English F2058","EGP 1,499.00","EGP 1,699.00",12%,,,
games,Ji Long Giant Animal Swim Ring Swan 115 Cm No: 37482,EGP 249.00,EGP 546.00,54%,,,1 out of 5(1)
games,Little Helper Washer,EGP 995.00,,0%,,,
games,Sony Interactive Entertainment Ratchet & Clank: Rift Apart - PS5,"EGP 2,229.00",,0%,,,
games,Kitchen Toy for kids light & sound,EGP 490.00,,0%,,,
games,34058 Lil' Animal Pool Float,EGP 350.00,,0%,,,
games,Bandai Namco Elden Ring - PlayStation 5,"EGP 1,999.00",,0%,,,
games,Rapoo V500Pro Backlit Mechanical Gaming Keyboard,"EGP 3,999.00",,0%,,,
games,UBISOFT Assassins Creed Chronicles - PS4,"EGP 1,138.00",,0%,,,
games,Happy Cooking Kitchen 34 Pcs,EGP 876.75,"EGP 1,000.00",12%,,,
games,Ji Long Fish Inflatable Swim Ring 79cm X 86cm - No:47215,EGP 152.00,,0%,,,4 out of 5(1)
games,Sold Out Evolution 2 (PS5),"EGP 2,499.00",,0%,,,
games,"Aula Full Mechanical Gaming Keyboard with Rainbow Backlit LED - Black Switches, Arabic/English F2058","EGP 1,499.00","EGP 1,699.00",12%,,,
games,"Havit RGB Gaming Mouse - Precision Optical Sensor, Customizable DPI, Ergonomic Design, Programmable Buttons, and Dynamic RGB Lighting for PC Gamers (MS1033)",EGP 599.00,,0%,,,
games,Ji Long Sunclub Inflatable Alpaca Swim Ring 55 Cm No: 37526,EGP 203.00,,0%,,,
games,Rock Climbing Truck (Excavator) - 858-01B,"EGP 1,419.00",,0%,,,
games,Capcom Dragon's Dogma 2 - PS5,"EGP 3,035.00",,0%,,,
games,Mojang Ab Minecraft Starter Edition - PlayStation 4,"EGP 1,826.00",,0%,,,4.7 out of 5(64)
games,Spraying Mist Kitchen Table 43 Pieces - 889-163,"EGP 1,639.00",,0%,,,
games,"Mini Play Kitchen for Kids - 37 Pieces of Pretend Cooking Tools - Compact Size 34.5x16x42 cm - Lights, Sounds & Realistic Steam - Sink & Kitchen Tools - Gift for Kids 3+ Years Old -","EGP 1,000.00",,0%,,,
games,Racing Car With Remote Control,EGP 738.75,EGP 800.00,8%,,,
games,Warner Bros. Interactive LEGO Star Wars: The Skywalker Saga - PS4,"EGP 1,449.00",,0%,,,
games,Capcom Resident Evil 2 Remake - PS4,"EGP 1,475.00",,0%,,,
games,Microsoft Ori The Collection-Nintendo Switch,"EGP 2,255.00",,0%,,,
games,Kitchen Juicer Blender With Fruits - HJ602A,EGP 669.00,,0%,,,
games,"Spraying Kitchen Spray, Light, Water & Sounds","EGP 1,112.50","EGP 1,500.00",26%,,,
games,King Sport Football Team - ZY1904,EGP 645.00,,0%,,,
games,Free Soldier Soldier Force Bucket Playset (100 Pieces) - New,"EGP 1,840.00",,0%,,,
games,Capcom Resident Evil 4 Remake Arabic and English - PS5,"EGP 2,339.00",,0%,,,
games,Meta 3S 128GB - With Batman: Arkham Shadow and 3-Month  Quest+ Trial - All-in-One Headset,"EGP 22,999.00",,0%,,,
games,Electronic Arts Battlefield 6 - PS5,"EGP 4,259.00",,0%,,,
games,Koei Tecmo Wo Long: Fallen Dynasty - PS4,"EGP 2,449.00",,0%,,,
games,Peugeot 3008 DKR Maxi Remote Control Car,"EGP 3,375.00",,0%,,,
games,DIE CAST/CAR TOY/WHITE-BLACK,EGP 295.00,,0%,,,
games,"Genetic Kitchen toy for kids ""Taste Kitchen"".",EGP 400.00,,0%,,,
games,"Table Top, Baby Foot, Mini Football","EGP 1,750.00",,0%,,,
games,"Luxury Sports Diecast Car, Gray with Blue, Miniature Model, with Light, Fashion Design, 1:32 Scale, Display and Collection",EGP 575.00,,0%,,,
games,Sony Interactive Entertainment Heavy Rain And Beyond Two Souls - PS4,"EGP 1,975.00",,0%,,,
games,"Rapoo  VT9PRO 4K Wireless Gaming Mouse – Black Purple, 55g, 26K DPI, Tri-Mode","EGP 4,785.00",,0%,,,
games,Racing Car With Remote Control,EGP 738.75,"EGP 1,000.00",26%,,,
games,"Rapoo  VT960PRO Wireless Gaming Mouse – Black, OLED, 26K DPI, Tri-Mode","EGP 4,785.00",,0%,,,
games,2K Games Games The Quarry - PS5,"EGP 1,695.00",,0%,,,
games,Lorelli Piano Baby Playmat with Toys - 1030026,"EGP 2,809.00",,0%,,,
games,Capcom Monster Hunter World - PS4,"EGP 1,479.00",,0%,,,
games,Conqueror Remote Control Jeep with Remote no.3335,EGP 244.25,EGP 300.00,19%,,,
games,"FANTECH VX6 PHANTOM II Gaming Mouse - 7,200 DPI Optical Sensor - with Software",EGP 499.00,EGP 750.00,33%,,,
games,Warner Bros. Interactive Lego The Incredibles - PS4,"EGP 1,120.00",,0%,,,
games,Bandai Namco Elden Ring - PS4,"EGP 2,029.00",,0%,,,
games,aurs Racing Track - Multicolor Interactive Playset for Kids,EGP 495.00,,0%,,,
games,Dining Table for Interactive Learning and Fun,EGP 875.00,,0%,,,
games,Warner Bros. Interactive LEGO Marvel Super Heroes 2 - PS4,"EGP 1,139.00",,0%,,,
games,Warner Bros. Interactive Lego Marvel Collection - PS4,"EGP 1,585.00",,0%,,,
